{
"type": "FeatureCollection",
"crs": { "type": "name", "properties": { "name": "urn:ogc:def:crs:OGC:1.3:CRS84" } },
"features": [
{ "type": "Feature", "properties": { "name": "Kadapa", "district": "Kadapa" }, "geometry": { "type": "Polygon", "coordinates": [ [ [ 78.75739595266208, 15.185549306955807 ], [ 78.758054012683544, 15.185639619573635 ], [ 78.759094751322721, 15.185782448102373 ], [ 78.759180207601503, 15.185847752372752 ], [ 78.76069932531459, 15.187014530996635 ], [ 78.761498446696919, 15.187627990939859 ], [ 78.761700535152556, 15.187783218421657 ], [ 78.76648760212214, 15.191702399147232 ], [ 78.767187645194667, 15.192275273585835 ], [ 78.76742079803239, 15.192466419990126 ], [ 78.767762660919061, 15.192726488637391 ], [ 78.768514528323806, 15.193298747939707 ], [ 78.769752635776513, 15.194241053982296 ], [ 78.771254092603272, 15.195383272121148 ], [ 78.772127422443589, 15.19608675240255 ], [ 78.772816041428143, 15.196641973149383 ], [ 78.775973786861755, 15.19910201644575 ], [ 78.77768872295718, 15.200377466447776 ], [ 78.777764392813481, 15.200433620116314 ], [ 78.777969395971809, 15.200425483050481 ], [ 78.780145228320634, 15.200338579762501 ], [ 78.781749731266075, 15.200274246759932 ], [ 78.782482969214641, 15.200244782271739 ], [ 78.785074047330397, 15.200141034681849 ], [ 78.785287198346509, 15.200132971360404 ], [ 78.789097226556748, 15.199980201725793 ], [ 78.789740126706477, 15.199960558733665 ], [ 78.792008916579221, 15.199890281212333 ], [ 78.793044308748847, 15.199858678136366 ], [ 78.794722604665481, 15.199806846609533 ], [ 78.796883657555725, 15.199739976619469 ], [ 78.79793943375887, 15.199707419362767 ], [ 78.808079713409029, 15.199387077252652 ], [ 78.809112200768425, 15.199354234910857 ], [ 78.813564153363984, 15.199271759884653 ], [ 78.814478300733981, 15.19925469434952 ], [ 78.815397104793533, 15.199237670183209 ], [ 78.817665003438151, 15.199195373268708 ], [ 78.819294163995437, 15.199164914130336 ], [ 78.820018490561893, 15.199151625747788 ], [ 78.820515768888583, 15.19913951457778 ], [ 78.824163231149157, 15.19905236307693 ], [ 78.832248892673249, 15.198858968367574 ], [ 78.839046507391402, 15.198697484302329 ], [ 78.841348865358839, 15.198642829803589 ], [ 78.844695843439411, 15.198563165158816 ], [ 78.8461993039557, 15.19852732987323 ], [ 78.850649124258666, 15.19842143740027 ], [ 78.850727151238004, 15.198419359966351 ], [ 78.85161358240191, 15.198379254699717 ], [ 78.85904805922155, 15.198041776007983 ], [ 78.859204114978922, 15.198037614844907 ], [ 78.859802129065997, 15.198022417201628 ], [ 78.863968889553576, 15.197870575667366 ], [ 78.865918421898641, 15.197933824986876 ], [ 78.866005266730667, 15.197936852104874 ], [ 78.866409576741546, 15.197950943582043 ], [ 78.871147815020606, 15.198132273886188 ], [ 78.871796962760584, 15.198157107765155 ], [ 78.875146667585625, 15.19664676024064 ], [ 78.878128188166329, 15.19492709910719 ], [ 78.883527399370962, 15.194875296358703 ], [ 78.886015711057212, 15.194847350825455 ], [ 78.887284521364563, 15.194230699188267 ], [ 78.890270784969744, 15.19277943442421 ], [ 78.892181028632535, 15.192283550945945 ], [ 78.894457945678653, 15.192202070569977 ], [ 78.895938874580395, 15.192318303447792 ], [ 78.897243955445163, 15.192439657065393 ], [ 78.899341573755578, 15.192299913211286 ], [ 78.899755688175446, 15.19198439776261 ], [ 78.903538185439913, 15.191939537780286 ], [ 78.904160531584239, 15.191346700190934 ], [ 78.905820293372813, 15.188571302424521 ], [ 78.906070682616871, 15.188151923373425 ], [ 78.906083113046236, 15.188131122054472 ], [ 78.906210459745921, 15.188144748582147 ], [ 78.907315306557109, 15.188262475233898 ], [ 78.908262940183533, 15.188031630056514 ], [ 78.90904524694156, 15.187919084399084 ], [ 78.909395596730405, 15.187986231380307 ], [ 78.909416509565233, 15.187990382650867 ], [ 78.909542004560819, 15.188014731795306 ], [ 78.909648914167065, 15.1880349485549 ], [ 78.909701203448776, 15.188045046142804 ], [ 78.909878261973176, 15.188035391021344 ], [ 78.910673860711086, 15.187991365609889 ], [ 78.910715438167927, 15.187989056150855 ], [ 78.910816807950312, 15.187983426394851 ], [ 78.910935371870892, 15.18797684155885 ], [ 78.913139288248544, 15.187854346701613 ], [ 78.913739186415285, 15.187821489970645 ], [ 78.915254086308039, 15.18773721719964 ], [ 78.918140518870814, 15.187585399947125 ], [ 78.918481227027996, 15.1875676473299 ], [ 78.919585477588726, 15.18750949266979 ], [ 78.919588743027077, 15.187532700574536 ], [ 78.919601274180422, 15.187619874558436 ], [ 78.919666639604714, 15.188076115920865 ], [ 78.919685737607665, 15.188205747797895 ], [ 78.919734913436514, 15.188549561314062 ], [ 78.91973965825963, 15.188582741800928 ], [ 78.919801575683152, 15.189803808000192 ], [ 78.919849838700088, 15.192413138756194 ], [ 78.919885455450412, 15.193585912260914 ], [ 78.919905641633022, 15.194255987224892 ], [ 78.919882654961555, 15.194758331432695 ], [ 78.919842509225418, 15.195643791328735 ], [ 78.919833595145292, 15.195839871413796 ], [ 78.919811283864647, 15.196332609962838 ], [ 78.919811802773438, 15.19645754737877 ], [ 78.919819839115291, 15.198007690803138 ], [ 78.919848516696675, 15.198761509736755 ], [ 78.919857417286948, 15.199004895960059 ], [ 78.91985860888866, 15.199037472102532 ], [ 78.920270186321034, 15.199806714409192 ], [ 78.920484735782907, 15.200188589932338 ], [ 78.920851472118727, 15.200841527415434 ], [ 78.920930268018424, 15.200998281945999 ], [ 78.92140761556999, 15.201947334702595 ], [ 78.921770899408443, 15.202596845768653 ], [ 78.922361042629007, 15.20367978869217 ], [ 78.922395228557946, 15.203742727745521 ], [ 78.922399926616322, 15.203751377424965 ], [ 78.922406002436048, 15.20408100683386 ], [ 78.922416000199235, 15.204663366422096 ], [ 78.922261563221525, 15.20533182440505 ], [ 78.922256958692685, 15.205349469103567 ], [ 78.922087944603959, 15.205997277752999 ], [ 78.922031076873679, 15.206215525227151 ], [ 78.922006291558091, 15.206367927938402 ], [ 78.921848138581709, 15.20733213337212 ], [ 78.92184714123357, 15.207338216386404 ], [ 78.92185986124457, 15.207406539680903 ], [ 78.922034602216115, 15.208345068570907 ], [ 78.922385437638809, 15.210263014927023 ], [ 78.922517221593466, 15.210834066439872 ], [ 78.92274004391885, 15.211797717891216 ], [ 78.922745038753533, 15.211822637205785 ], [ 78.923021896844034, 15.213212466582945 ], [ 78.923401431431898, 15.214699914670177 ], [ 78.92370705793536, 15.216243773632073 ], [ 78.923815534160553, 15.216402498577281 ], [ 78.923897609887774, 15.216522538285346 ], [ 78.924217301788019, 15.216990180353378 ], [ 78.924973790808792, 15.217739429831681 ], [ 78.925877685008118, 15.218537525986903 ], [ 78.926240076719125, 15.219282562141359 ], [ 78.926338977862542, 15.219943192425262 ], [ 78.926388140201482, 15.220273220233764 ], [ 78.926494699971386, 15.220984233236607 ], [ 78.926851424154904, 15.222308091945763 ], [ 78.927271402154474, 15.224628868927994 ], [ 78.927272277194845, 15.224633704582629 ], [ 78.927524810422653, 15.226550174251997 ], [ 78.927260607591961, 15.228758446046299 ], [ 78.927256228792885, 15.228795045755589 ], [ 78.927255920325422, 15.228797622313266 ], [ 78.927481068297652, 15.228815531412522 ], [ 78.927920884442244, 15.228851251584842 ], [ 78.928733012719363, 15.228978595586568 ], [ 78.930372929168357, 15.229180282944526 ], [ 78.933551098205612, 15.229501841837362 ], [ 78.933980422859236, 15.229505795257069 ], [ 78.935378779607959, 15.229518664555599 ], [ 78.935683040041226, 15.2295214650444 ], [ 78.937374853667563, 15.22953702241648 ], [ 78.940792814337897, 15.229330981440512 ], [ 78.94251893799958, 15.229171001041721 ], [ 78.943620351199229, 15.229068976552867 ], [ 78.943735148759117, 15.229058343868303 ], [ 78.945627935681671, 15.228882905022886 ], [ 78.946787144711948, 15.228823976945819 ], [ 78.94767487629548, 15.228760668271093 ], [ 78.94773174312644, 15.228756612328652 ], [ 78.94786210165563, 15.228747316036674 ], [ 78.947834201987803, 15.227061308433463 ], [ 78.947830947341345, 15.226856636225648 ], [ 78.947846594645625, 15.226563950067089 ], [ 78.947933838776635, 15.224933364084336 ], [ 78.947981700695891, 15.224038821035606 ], [ 78.948318594828265, 15.222318839743537 ], [ 78.948630566048791, 15.220646682599181 ], [ 78.948788927667863, 15.219449812659605 ], [ 78.948879341009786, 15.218766480789327 ], [ 78.948896929050989, 15.218633793016011 ], [ 78.94891780681229, 15.218281796568533 ], [ 78.948950176110714, 15.217739078196757 ], [ 78.948985237080024, 15.217151231844753 ], [ 78.949227440694813, 15.215047109637226 ], [ 78.94925315141279, 15.214847294667777 ], [ 78.9494402445726, 15.213393268085724 ], [ 78.949601032562612, 15.212000124706833 ], [ 78.949655668175524, 15.211528593070966 ], [ 78.949672113178451, 15.211032968597465 ], [ 78.94972508594492, 15.209470945128885 ], [ 78.949719713395041, 15.209445105807845 ], [ 78.949465870754295, 15.208224337284207 ], [ 78.948962518406461, 15.206759552112487 ], [ 78.948675613090074, 15.205847917448295 ], [ 78.94800422691452, 15.204291923034646 ], [ 78.947783984744092, 15.203781486727109 ], [ 78.947792486934702, 15.203773382036786 ], [ 78.949523228615078, 15.202123511891386 ], [ 78.949997401559813, 15.20167164033478 ], [ 78.950436223953545, 15.201262975806515 ], [ 78.950983303137889, 15.20075333090233 ], [ 78.951116486437684, 15.200629260432891 ], [ 78.951180088291437, 15.199518068005261 ], [ 78.951235592649482, 15.198548326345019 ], [ 78.952501585380844, 15.197602252143099 ], [ 78.952924478083162, 15.197515094346954 ], [ 78.95294606001363, 15.197510768607913 ], [ 78.952950851601486, 15.19749667892944 ], [ 78.953401686239829, 15.196265598779235 ], [ 78.954031864579861, 15.194787983879223 ], [ 78.954738042827387, 15.193095114448852 ], [ 78.955450566691297, 15.190804206649659 ], [ 78.956244913572903, 15.187633301436563 ], [ 78.956647054419022, 15.186799181138156 ], [ 78.956777376975367, 15.186082432259298 ], [ 78.957094989643053, 15.183812239444137 ], [ 78.957122107799989, 15.183698869108355 ], [ 78.957300614232963, 15.182952587392833 ], [ 78.957433591587971, 15.182072023406022 ], [ 78.95748467218084, 15.181733773096028 ], [ 78.957624182211248, 15.180878037592208 ], [ 78.957772984036978, 15.179965303057145 ], [ 78.957761804564598, 15.178529333063125 ], [ 78.957700606598678, 15.177250869432953 ], [ 78.957659584023588, 15.176393821818294 ], [ 78.958166019247358, 15.176209618180167 ], [ 78.960033458778071, 15.175530142602838 ], [ 78.960194538148414, 15.175485815918535 ], [ 78.961098571742696, 15.175236249554132 ], [ 78.962133335286183, 15.174950557423131 ], [ 78.963998110125658, 15.174545759080388 ], [ 78.964355662584751, 15.174468162876281 ], [ 78.964651867790451, 15.174414883440988 ], [ 78.967638397594953, 15.173876065428942 ], [ 78.967756897663662, 15.173719418816972 ], [ 78.969119483878046, 15.172265920136965 ], [ 78.96950584881688, 15.171853917325279 ], [ 78.972541715428804, 15.168769927091319 ], [ 78.972576753015744, 15.168757807827433 ], [ 78.974549546325477, 15.168065589755997 ], [ 78.975792320360256, 15.16762907412334 ], [ 78.97956287193, 15.166099399268717 ], [ 78.98113704523945, 15.16539336041609 ], [ 78.981730940431532, 15.165126786972507 ], [ 78.984851792976826, 15.166418246705575 ], [ 78.985497654594042, 15.166685205958345 ], [ 78.989081813575808, 15.168105123053863 ], [ 78.989268617153925, 15.168170108964205 ], [ 78.990170153330894, 15.168483434563711 ], [ 78.990469314608163, 15.168607649824025 ], [ 78.990806161975797, 15.168747465623881 ], [ 78.99138458792936, 15.16894596758317 ], [ 78.991846400591896, 15.169104422731778 ], [ 78.991923342089535, 15.169092673089267 ], [ 78.991979613569299, 15.169112396121022 ], [ 78.992213255638205, 15.169087349102711 ], [ 78.993435051187646, 15.168957499589794 ], [ 78.994289024020247, 15.168762180331214 ], [ 78.994626180754608, 15.168684916876259 ], [ 78.996128255415613, 15.168458367760309 ], [ 78.996497428014891, 15.168402685336503 ], [ 78.996763612052064, 15.168362536902407 ], [ 78.996921576170791, 15.168338505218685 ], [ 78.998182753032609, 15.167365553878085 ], [ 78.998810862931975, 15.167110543917318 ], [ 78.999497278577508, 15.167029595939937 ], [ 79.000423995771769, 15.168068384848937 ], [ 79.001710129719697, 15.16951002956506 ], [ 79.007097556208237, 15.168845948582486 ], [ 79.009380583248287, 15.168564486862408 ], [ 79.010207302126275, 15.169411274111837 ], [ 79.010363546741246, 15.169424575984237 ], [ 79.011726414443444, 15.169540598420724 ], [ 79.011824621310211, 15.169810394135254 ], [ 79.012189744262287, 15.170813470066435 ], [ 79.012191720072792, 15.170818896575668 ], [ 79.012240778090415, 15.171919405057338 ], [ 79.012083370652022, 15.172815710777286 ], [ 79.012114041131099, 15.173125511034357 ], [ 79.012188778390396, 15.173880411852394 ], [ 79.01219237567858, 15.173916748060321 ], [ 79.011771539725771, 15.174289517947727 ], [ 79.011734418409674, 15.174414209848749 ], [ 79.011513368648025, 15.175156716210324 ], [ 79.011411021302592, 15.175500498250244 ], [ 79.011401928257385, 15.175531041924899 ], [ 79.013004753067889, 15.176298188811188 ], [ 79.013595594162325, 15.176667462134503 ], [ 79.014368149571453, 15.177149701098699 ], [ 79.014508243261787, 15.177231775926543 ], [ 79.014915796227967, 15.177469973061648 ], [ 79.015524814419621, 15.177825833895952 ], [ 79.016296018147727, 15.178266787682958 ], [ 79.016620183275847, 15.178646137010446 ], [ 79.016823991235185, 15.179197972709119 ], [ 79.017089060112994, 15.179547969963721 ], [ 79.017595435981548, 15.179551866726115 ], [ 79.01840309462807, 15.179269548851437 ], [ 79.019327902561656, 15.179220033978254 ], [ 79.020253254584986, 15.179112291599836 ], [ 79.021298152588656, 15.17891854255754 ], [ 79.022282601761617, 15.178840143258867 ], [ 79.022907521765717, 15.178990351624293 ], [ 79.023710316878578, 15.179229179184119 ], [ 79.023944837585191, 15.179297944945063 ], [ 79.024423748158426, 15.179438387572361 ], [ 79.025228976836786, 15.17941606100328 ], [ 79.026960848065642, 15.179084159906893 ], [ 79.027280768393723, 15.179045696802291 ], [ 79.027953204078074, 15.178965090567317 ], [ 79.028449726074996, 15.178905573434292 ], [ 79.029590263380953, 15.178691702061258 ], [ 79.031402836172958, 15.178463143859858 ], [ 79.031539600573069, 15.178445897560948 ], [ 79.033154977221386, 15.178371833893891 ], [ 79.033733229605843, 15.178345230149091 ], [ 79.034795583450375, 15.178275931090184 ], [ 79.036419875078138, 15.178181569724529 ], [ 79.04031657814852, 15.1779634040887 ], [ 79.040636835722353, 15.177950929592555 ], [ 79.040693958860118, 15.177942380637205 ], [ 79.040894296335694, 15.177931122923837 ], [ 79.042341717397335, 15.177701199551564 ], [ 79.04417853321371, 15.177409074569994 ], [ 79.046567102890492, 15.176995663419973 ], [ 79.048805603596691, 15.1766962413393 ], [ 79.04964587076131, 15.176596679194233 ], [ 79.051019317188718, 15.176433327237135 ], [ 79.051270934007391, 15.176415719410784 ], [ 79.052947907021291, 15.17628663701953 ], [ 79.053006300901075, 15.176266226905682 ], [ 79.05352248567516, 15.176088094590739 ], [ 79.054233110170856, 15.175843244271164 ], [ 79.055198460441602, 15.175813141264314 ], [ 79.055655214417584, 15.175768468341005 ], [ 79.057020586731653, 15.175532084239137 ], [ 79.059150846835109, 15.175417604139966 ], [ 79.061549619320431, 15.175155608245575 ], [ 79.06506639569858, 15.174781651253056 ], [ 79.065282706932351, 15.174741676388123 ], [ 79.067034080859116, 15.174493279142382 ], [ 79.069746728429777, 15.174277410375055 ], [ 79.07189536168255, 15.17406007391412 ], [ 79.073425934060594, 15.173896224631903 ], [ 79.074063671202452, 15.173854756892354 ], [ 79.075468757578108, 15.17372826005203 ], [ 79.076647215697449, 15.173688573869413 ], [ 79.080545916162066, 15.173556172979829 ], [ 79.081618890100685, 15.173575542578078 ], [ 79.082078697275051, 15.173583842421237 ], [ 79.082815293292128, 15.173597134401064 ], [ 79.08303441940393, 15.173601087820771 ], [ 79.08299640506101, 15.173566661772895 ], [ 79.082910287780521, 15.173488669867083 ], [ 79.080614829411843, 15.171402972070382 ], [ 79.078977645103237, 15.169905117028406 ], [ 79.077532672895529, 15.168652534987359 ], [ 79.077179807702919, 15.16834652357403 ], [ 79.076948223282841, 15.168145564666929 ], [ 79.076711974079331, 15.167945693939487 ], [ 79.076188061430855, 15.167503115976899 ], [ 79.075260973715956, 15.166719047446918 ], [ 79.073621697584258, 15.165460821260751 ], [ 79.073379184602686, 15.164989551327608 ], [ 79.073383254034923, 15.164967806619813 ], [ 79.073638524799037, 15.163603962253887 ], [ 79.073735440239375, 15.161708218360445 ], [ 79.073727976765724, 15.161182992701811 ], [ 79.073726161034472, 15.161178390870873 ], [ 79.073492997404912, 15.160587422072695 ], [ 79.073329402630804, 15.159628976796682 ], [ 79.072954883562034, 15.157476516029249 ], [ 79.072821815375448, 15.155847889669246 ], [ 79.072413505180123, 15.15196759472957 ], [ 79.072077770273836, 15.148236598041422 ], [ 79.072077936648441, 15.148227369198594 ], [ 79.072102287591463, 15.146880664112189 ], [ 79.072122963904633, 15.145755905411534 ], [ 79.07212673386266, 15.145532644216985 ], [ 79.072344504696105, 15.140514125927041 ], [ 79.072543153244908, 15.137667873274609 ], [ 79.072741469943878, 15.134793355829572 ], [ 79.072931717026108, 15.132808542181351 ], [ 79.073177917228065, 15.131198996737169 ], [ 79.073245973423923, 15.130752996854198 ], [ 79.073287008589546, 15.130206144298995 ], [ 79.073862291412581, 15.126251187643049 ], [ 79.074142182916376, 15.124325368621726 ], [ 79.074144974412036, 15.124017308552823 ], [ 79.074412604559029, 15.121645370937983 ], [ 79.074751915169713, 15.119518251267152 ], [ 79.075140022095297, 15.117463908333548 ], [ 79.075189922777724, 15.117094069336702 ], [ 79.075325223980883, 15.116096356062826 ], [ 79.075370183787925, 15.11562924369548 ], [ 79.075570075199778, 15.113538246193968 ], [ 79.075811030555599, 15.111410289254309 ], [ 79.076056090417239, 15.108827876106432 ], [ 79.076055622769729, 15.106113918223571 ], [ 79.076017569756004, 15.104917440388419 ], [ 79.076149815962196, 15.103540769891481 ], [ 79.076153106581557, 15.103506506620818 ], [ 79.076185054997268, 15.103255225249313 ], [ 79.076256816399962, 15.102976584702446 ], [ 79.076989430218987, 15.101490476605079 ], [ 79.077261039866073, 15.100859672336867 ], [ 79.078364617733882, 15.09869159484208 ], [ 79.079068099813924, 15.097141919964486 ], [ 79.079615839999974, 15.096021101193742 ], [ 79.079877351159837, 15.095412110881057 ], [ 79.080214923380993, 15.094625988299583 ], [ 79.080462470767372, 15.088342105904303 ], [ 79.080873228917369, 15.087040491026698 ], [ 79.081209343337491, 15.085975394249886 ], [ 79.081718772404429, 15.084904557100458 ], [ 79.082566753054209, 15.083516647775923 ], [ 79.08284688197898, 15.082898252353289 ], [ 79.08313661656257, 15.082258648218897 ], [ 79.083498301406451, 15.081117585708853 ], [ 79.084035088749317, 15.078944105986579 ], [ 79.084524177849516, 15.076574633413429 ], [ 79.084764772577159, 15.074470993242585 ], [ 79.085150139268478, 15.072092941137157 ], [ 79.08523415033676, 15.07157450715863 ], [ 79.085539998972763, 15.07042844891464 ], [ 79.086107129441473, 15.067657159251326 ], [ 79.086595306629079, 15.065383212666006 ], [ 79.087220220337883, 15.062910883731149 ], [ 79.087259423584499, 15.062756329841591 ], [ 79.0875534578268, 15.061821587097427 ], [ 79.087994229950709, 15.060417772363166 ], [ 79.088227892704083, 15.059079471441294 ], [ 79.088486951412676, 15.057698424843295 ], [ 79.088953611421005, 15.055094172558881 ], [ 79.089424986574841, 15.051963120802213 ], [ 79.089527083009443, 15.051397860923373 ], [ 79.089449369893487, 15.051333211359463 ], [ 79.089423853429082, 15.051311982862558 ], [ 79.08892056223516, 15.05087131955662 ], [ 79.088737058269601, 15.05077140397799 ], [ 79.08847077620635, 15.050626468337668 ], [ 79.088314479430665, 15.050541480605716 ], [ 79.087977616774594, 15.05028876931209 ], [ 79.087896722756511, 15.050228163100087 ], [ 79.08781220986657, 15.049987768021936 ], [ 79.087811806070988, 15.049978308053312 ], [ 79.087800196722696, 15.049706155215745 ], [ 79.087818792004612, 15.049255219853364 ], [ 79.08785665256346, 15.048860974155502 ], [ 79.087866261819499, 15.048762698040946 ], [ 79.087853844880044, 15.048202399721845 ], [ 79.087845861598225, 15.047860902859213 ], [ 79.087880216599672, 15.046950528145203 ], [ 79.087883224831955, 15.046874806128244 ], [ 79.087906119772583, 15.0459451139767 ], [ 79.087767200596829, 15.045252605424253 ], [ 79.087596494883314, 15.044927808972034 ], [ 79.087593154801255, 15.044907915968395 ], [ 79.087452386619304, 15.044069622815698 ], [ 79.087389978165959, 15.043699964582572 ], [ 79.087253633749185, 15.042754790601975 ], [ 79.087249831415591, 15.042737604557658 ], [ 79.087072525577582, 15.041936426425764 ], [ 79.0868335136567, 15.041088738955011 ], [ 79.086623708118623, 15.04022773342399 ], [ 79.086442355331428, 15.039437063870253 ], [ 79.086439651969329, 15.039421930078845 ], [ 79.086316643599218, 15.038733354261751 ], [ 79.086235216283171, 15.038279874717318 ], [ 79.086234232424886, 15.03827615242335 ], [ 79.086123275869454, 15.037856095283416 ], [ 79.086123184138614, 15.037849516742654 ], [ 79.086114433735133, 15.03722234213825 ], [ 79.086179818045139, 15.036419637856852 ], [ 79.08642093258095, 15.03535048243964 ], [ 79.08657444325695, 15.034450168441367 ], [ 79.086466861857161, 15.033476976082454 ], [ 79.086317128333803, 15.032405067840443 ], [ 79.086314374609685, 15.032392330742312 ], [ 79.086094317699576, 15.031374370131914 ], [ 79.086092993897523, 15.031364258154838 ], [ 79.085972401106403, 15.030443453103715 ], [ 79.085907809099069, 15.029541287401344 ], [ 79.085800689051553, 15.028582230586323 ], [ 79.085797213171816, 15.028564253138597 ], [ 79.08562061599963, 15.027650819830342 ], [ 79.085619585376548, 15.027642874320065 ], [ 79.085485181696754, 15.026606734813811 ], [ 79.085482176162486, 15.026590943618032 ], [ 79.085305238147214, 15.025661192111158 ], [ 79.085303829808879, 15.025651008188333 ], [ 79.085182365574667, 15.024772663728299 ], [ 79.085179031787845, 15.024753417337195 ], [ 79.085030869380091, 15.023898023575782 ], [ 79.085029943977702, 15.023891507987571 ], [ 79.08489467694875, 15.02293872304449 ], [ 79.084891021204669, 15.022916507991283 ], [ 79.084729788949574, 15.021936782057708 ], [ 79.084727930950237, 15.021924970361965 ], [ 79.084592120730747, 15.021061731814314 ], [ 79.084410295799501, 15.020341683322897 ], [ 79.084171645406116, 15.019522830814822 ], [ 79.084169832372822, 15.019505342598336 ], [ 79.084122949815253, 15.019052672443706 ], [ 79.084119566565732, 15.019032230853611 ], [ 79.084034141763198, 15.018516036186952 ], [ 79.083951627166869, 15.018184646804855 ], [ 79.08387529900682, 15.017877054383405 ], [ 79.083875379945823, 15.017868035981905 ], [ 79.08387847990889, 15.017523783596573 ], [ 79.083941527780269, 15.017045532226405 ], [ 79.083980184239067, 15.016692563611798 ], [ 79.084029065989569, 15.016431256598082 ], [ 79.084079560224495, 15.01605521317839 ], [ 79.084154335255334, 15.015566319231084 ], [ 79.08423910804936, 15.015258966029307 ], [ 79.084349492635965, 15.014690672737231 ], [ 79.084471688018994, 15.014167137804009 ], [ 79.084534937338447, 15.013666275678929 ], [ 79.084620318973521, 15.013291093809755 ], [ 79.084661259710344, 15.012619329919005 ], [ 79.084772533726436, 15.01201656291488 ], [ 79.084882716864854, 15.011470313804807 ], [ 79.085015101566682, 15.01110683841074 ], [ 79.08513793636763, 15.01044707507333 ], [ 79.08522666258142, 15.009764413197956 ], [ 79.085360105785242, 15.009218361938679 ], [ 79.085380753320067, 15.009179087645634 ], [ 79.085598563723693, 15.008764777173553 ], [ 79.085827790121414, 15.008371954203199 ], [ 79.085896268998624, 15.008254602568684 ], [ 79.08611034002115, 15.007925737583548 ], [ 79.086360087149274, 15.007574561317824 ], [ 79.086632716627548, 15.007200969450025 ], [ 79.086637430873736, 15.007194227232674 ], [ 79.086858518406871, 15.00686089711354 ], [ 79.086989766365605, 15.006622901426624 ], [ 79.087063509874042, 15.006247619732733 ], [ 79.087125417405048, 15.005894849868298 ], [ 79.08715154540846, 15.005576256939548 ], [ 79.087148108199642, 15.00555221266535 ], [ 79.087137075316775, 15.005475026552062 ], [ 79.087132951025865, 15.005446175401516 ], [ 79.087121449596225, 15.005365720252655 ], [ 79.087096294659261, 15.005188010619065 ], [ 79.08698298997399, 15.004788529967527 ], [ 79.08687991507702, 15.004480147041988 ], [ 79.086877709939358, 15.00445813343697 ], [ 79.086847894715561, 15.004160495611245 ], [ 79.086846457598938, 15.004153721917589 ], [ 79.086751587216952, 15.003706093362382 ], [ 79.086080539186526, 15.002486266428889 ], [ 79.085996448977937, 15.002352869090487 ], [ 79.085788533814764, 15.001997806854149 ], [ 79.085616196731053, 15.001631741412609 ], [ 79.085432463438394, 15.001174570151136 ], [ 79.085237582149659, 15.000728609838347 ], [ 79.085090249816176, 15.00016886819958 ], [ 79.08492886017973, 14.999814200765627 ], [ 79.084826988575628, 14.999437427995758 ], [ 79.084701580814283, 14.999026539444117 ], [ 79.084599918752247, 14.998626592943765 ], [ 79.084532939044891, 14.998250117849523 ], [ 79.08438468490624, 14.997793246062315 ], [ 79.084258053167616, 14.997518578720303 ], [ 79.084119893019647, 14.99723250617609 ], [ 79.083981937017768, 14.996923825574925 ], [ 79.083856319714357, 14.99666578489888 ], [ 79.083809501907979, 14.996569289441993 ], [ 79.083732654839139, 14.996449363947818 ], [ 79.083647777723741, 14.996316934279946 ], [ 79.083486970848014, 14.99596283611686 ], [ 79.083394513347116, 14.995768162571494 ], [ 79.083394687815598, 14.99574882265091 ], [ 79.083395180644061, 14.995694115991512 ], [ 79.083396877664768, 14.995505667553346 ], [ 79.083338346188725, 14.994838374192454 ], [ 79.083333079758802, 14.994776151898748 ], [ 79.083375094286168, 14.994437345807739 ], [ 79.083396428903029, 14.994263989792159 ], [ 79.083402480441123, 14.993591932722381 ], [ 79.083383428303534, 14.99312429155367 ], [ 79.083386914975108, 14.992737110929795 ], [ 79.083383923830013, 14.992719376299021 ], [ 79.083331157907594, 14.992406517447648 ], [ 79.083329999580826, 14.992390570669158 ], [ 79.083310465406612, 14.992121444050269 ], [ 79.083309284596794, 14.992118728997013 ], [ 79.083220840770196, 14.991915347316251 ], [ 79.083161193235469, 14.991778185415797 ], [ 79.082930447882859, 14.991377139943893 ], [ 79.082894000158944, 14.991289506406474 ], [ 79.082757951619158, 14.990965622766112 ], [ 79.082718510951509, 14.990889541020351 ], [ 79.082585322255795, 14.990633469859574 ], [ 79.082412896139203, 14.990278707996822 ], [ 79.082294233293226, 14.990036483697622 ], [ 79.082217036388101, 14.989878750704634 ], [ 79.082161222663274, 14.989653160265959 ], [ 79.08205881056665, 14.989238985591555 ], [ 79.081875614169235, 14.988724725366637 ], [ 79.081817045820969, 14.988542075757039 ], [ 79.081773235347498, 14.98840526818941 ], [ 79.081658656322929, 14.988084915287459 ], [ 79.08161511384742, 14.987754425227365 ], [ 79.081443140089846, 14.987285481840388 ], [ 79.081317956259682, 14.986851417759567 ], [ 79.081304708346579, 14.986752085840919 ], [ 79.081252594432669, 14.986361110078008 ], [ 79.081117428127811, 14.985744379300513 ], [ 79.080993377443406, 14.985184834613278 ], [ 79.080993506046468, 14.985170529996822 ], [ 79.080996663566168, 14.984820262945618 ], [ 79.081008132620184, 14.984515680555091 ], [ 79.081011886390399, 14.984421877668353 ], [ 79.081121652243439, 14.983921418439536 ], [ 79.081195500972569, 14.983534837663456 ], [ 79.081212171705317, 14.98336257342487 ], [ 79.081234669145658, 14.983124786380642 ], [ 79.081357499450007, 14.98246503113711 ], [ 79.081539128329098, 14.981862306401183 ], [ 79.081581318224266, 14.981712421791656 ], [ 79.081647861760416, 14.981476022401353 ], [ 79.081693866579656, 14.981339618629363 ], [ 79.081804412144891, 14.981010441579485 ], [ 79.081888759559604, 14.980748875561005 ], [ 79.082035839183618, 14.980043540877546 ], [ 79.082169643914938, 14.979520675939284 ], [ 79.082197800788833, 14.979364335996138 ], [ 79.082317845892874, 14.978690427222261 ], [ 79.08244949494923, 14.978406652445926 ], [ 79.08259475614409, 14.97783809655175 ], [ 79.082633096041548, 14.977519612441029 ], [ 79.08287583475294, 14.976587288873134 ], [ 79.083009429942194, 14.976087032891087 ], [ 79.083054834913696, 14.975887878923345 ], [ 79.083140814597925, 14.97550931560329 ], [ 79.083178962939769, 14.97534119004473 ], [ 79.083180171628612, 14.975336113371782 ], [ 79.083288696417185, 14.974972438328223 ], [ 79.083374745349204, 14.974585961873515 ], [ 79.083638067743607, 14.973950015281844 ], [ 79.083897596797613, 14.973365430770855 ], [ 79.083925328292253, 14.973302964760876 ], [ 79.084105225976373, 14.972826278211016 ], [ 79.08438157235264, 14.972099434442214 ], [ 79.084398315031194, 14.972048136213346 ], [ 79.084538888060194, 14.971611813934942 ], [ 79.084584950436124, 14.971468628375362 ], [ 79.08463459121441, 14.971315297563763 ], [ 79.084667832855189, 14.971239833652248 ], [ 79.084773486108475, 14.971000721007329 ], [ 79.08494561634808, 14.970611356829522 ], [ 79.085161799878165, 14.970043405279796 ], [ 79.085401542048487, 14.969441737247223 ], [ 79.085546037920324, 14.969021276311707 ], [ 79.085749770336633, 14.968544226435768 ], [ 79.085953530631912, 14.967999344295151 ], [ 79.08597739234375, 14.967932280950834 ], [ 79.086109852588606, 14.967556599058639 ], [ 79.086302159118304, 14.96705684130103 ], [ 79.086506091184162, 14.966557181569499 ], [ 79.086698731362333, 14.96595511333868 ], [ 79.086741970766298, 14.965724038834196 ], [ 79.086862423263199, 14.965080339187182 ], [ 79.086870984809082, 14.965033495300418 ], [ 79.087046356205349, 14.96447650109053 ], [ 79.08708348741402, 14.964483031067857 ], [ 79.087046356205349, 14.96447650109053 ], [ 79.087054564317668, 14.964450136565404 ], [ 79.087124771691833, 14.96422652733321 ], [ 79.087300572964068, 14.963738565982908 ], [ 79.087304860931567, 14.963726665254228 ], [ 79.087401229584088, 14.963419978450077 ], [ 79.087420034408069, 14.963274142588489 ], [ 79.08743257005807, 14.963176922277967 ], [ 79.087464351199856, 14.962930656425499 ], [ 79.087501007566402, 14.962530938352984 ], [ 79.087516564039163, 14.96236108429747 ], [ 79.087590837248342, 14.961860322896428 ], [ 79.087639772958141, 14.961356021763834 ], [ 79.087642738922227, 14.961325457404769 ], [ 79.08764874639354, 14.96130570109807 ], [ 79.087763765186594, 14.960927404876657 ], [ 79.087790368931337, 14.960619562443696 ], [ 79.087808224970615, 14.960411313632051 ], [ 79.087815698336783, 14.960324142346167 ], [ 79.087928574045463, 14.959538815664644 ], [ 79.088029442006132, 14.958730778403549 ], [ 79.088136794978084, 14.958081816823267 ], [ 79.088153631186117, 14.957980254585948 ], [ 79.088206283793966, 14.957296730260737 ], [ 79.088270626689052, 14.956670963095348 ], [ 79.088440681293378, 14.955961630925401 ], [ 79.088477817897967, 14.955806507764976 ], [ 79.088564139324546, 14.955285392907399 ], [ 79.088589087417461, 14.955134787041629 ], [ 79.088710649677751, 14.954542000713616 ], [ 79.088756295667508, 14.954319623552635 ], [ 79.08882197675382, 14.953997981922157 ], [ 79.088895595256474, 14.953634010102348 ], [ 79.088896799448719, 14.953629498203611 ], [ 79.089029059144764, 14.953145057699089 ], [ 79.089173334682641, 14.952747204820469 ], [ 79.089308664664145, 14.951985245223739 ], [ 79.089419890116801, 14.951382486313548 ], [ 79.089484495613988, 14.951115663757719 ], [ 79.089541244633722, 14.950882126909505 ], [ 79.08961588476626, 14.950403980759972 ], [ 79.089679304057597, 14.949880518671876 ], [ 79.089766589557428, 14.949288862791661 ], [ 79.089870621333091, 14.9489544211105 ], [ 79.089898283579885, 14.948866935061858 ], [ 79.089906667959326, 14.948839873562179 ], [ 79.089947376671091, 14.948709077063086 ], [ 79.090131396847482, 14.94783334783159 ], [ 79.090231028240339, 14.947161529082166 ], [ 79.090352649855902, 14.946695652383312 ], [ 79.090373259619241, 14.946601582397932 ], [ 79.090472679671393, 14.946147798882691 ], [ 79.090474507993122, 14.946138432443547 ], [ 79.090623264852752, 14.945239793882251 ], [ 79.090652239210442, 14.945120768609456 ], [ 79.090757230562701, 14.944693754314187 ], [ 79.090759055287151, 14.944684726020114 ], [ 79.090855423939672, 14.944181892581128 ], [ 79.090966742921808, 14.943567830991469 ], [ 79.091028556923334, 14.943157973962172 ], [ 79.091119223874045, 14.942512645642921 ], [ 79.091129168577254, 14.94244094269618 ], [ 79.09127621942298, 14.941667213671849 ], [ 79.09137054121851, 14.941183465645281 ], [ 79.091435879663095, 14.940848370157028 ], [ 79.091510507205101, 14.940370790580346 ], [ 79.091729804188105, 14.939449575438402 ], [ 79.091852541862295, 14.938858219931774 ], [ 79.091962356278714, 14.938346458023489 ], [ 79.092065744139745, 14.937570753188538 ], [ 79.092088256868522, 14.937401840723226 ], [ 79.092109165206807, 14.937339273989153 ], [ 79.092111885655981, 14.937337108421673 ], [ 79.092109165206807, 14.937339273989153 ], [ 79.092121195437812, 14.937302794788991 ], [ 79.092280652431157, 14.936822153020785 ], [ 79.092285657158357, 14.936782627816854 ], [ 79.092368746421471, 14.936138933565758 ], [ 79.092392373410291, 14.936032299152146 ], [ 79.092515445632273, 14.935468079788905 ], [ 79.092637362225446, 14.93496772488146 ], [ 79.092699096187346, 14.934825801970021 ], [ 79.092912229217006, 14.934331872718587 ], [ 79.092979694558267, 14.934160601331541 ], [ 79.093068684273362, 14.933934688036288 ], [ 79.09333233132304, 14.933252953361944 ], [ 79.093619192572646, 14.932640376552968 ], [ 79.093822692963897, 14.932118103368623 ], [ 79.094111185583756, 14.931322959687691 ], [ 79.094388156089508, 14.930515849627625 ], [ 79.094590628555636, 14.930107748974308 ], [ 79.094660706427419, 14.929877714985423 ], [ 79.094760134573562, 14.929550704402345 ], [ 79.094904986576864, 14.929085025554343 ], [ 79.095028574110415, 14.928716868289712 ], [ 79.095061470411508, 14.928618878159568 ], [ 79.095121549620785, 14.928475326575892 ], [ 79.095360866411852, 14.927903528625791 ], [ 79.095551607221864, 14.927506632625864 ], [ 79.095671779130271, 14.927200147269843 ], [ 79.095718689566866, 14.926921527407387 ], [ 79.095733173148403, 14.926835508153033 ], [ 79.095770519295002, 14.926786603919481 ], [ 79.095923170219123, 14.926586704413751 ], [ 79.096055376855134, 14.926234534397111 ], [ 79.096175375194377, 14.925882260958417 ], [ 79.096367614274982, 14.925382499603529 ], [ 79.096788009559987, 14.924201267974979 ], [ 79.096993397628182, 14.923530909724548 ], [ 79.097160784843311, 14.923144555577608 ], [ 79.097187400279267, 14.923040493225017 ], [ 79.097294511333587, 14.922621689740026 ], [ 79.097433147222944, 14.922330056687599 ], [ 79.097457701412793, 14.922278047994382 ], [ 79.097757323142957, 14.921328357618449 ], [ 79.097763082401286, 14.921307558098192 ], [ 79.097823845095377, 14.921088090244041 ], [ 79.097918231642041, 14.920878976284598 ], [ 79.098039124806746, 14.92061113299826 ], [ 79.098302021821837, 14.920009655621982 ], [ 79.098348586019426, 14.919904898992741 ], [ 79.098431938783904, 14.919717383151578 ], [ 79.09849363857154, 14.919578285010687 ], [ 79.098649489283503, 14.919181093133773 ], [ 79.098758972749351, 14.918703243760547 ], [ 79.098950309809936, 14.918237954319011 ], [ 79.099143452709143, 14.917635323112506 ], [ 79.099312217685679, 14.917067760069926 ], [ 79.099482468342217, 14.916385005564393 ], [ 79.099519298277983, 14.916296571630312 ], [ 79.099590598328405, 14.916123638296142 ], [ 79.099795587097674, 14.91543066569352 ], [ 79.099929100448605, 14.914930407912834 ], [ 79.100097894203429, 14.91438466242306 ], [ 79.10027868941097, 14.913862192287183 ], [ 79.100436362149367, 14.913259827280058 ], [ 79.100532993403931, 14.912918661367996 ], [ 79.100665584949752, 14.91252127343887 ], [ 79.100728357628611, 14.912065639118794 ], [ 79.100873921894959, 14.911451867110827 ], [ 79.100960016692397, 14.911053521403744 ], [ 79.101035555247677, 14.910404677634631 ], [ 79.101034760246989, 14.910378446209165 ], [ 79.101029033364171, 14.91018963084764 ], [ 79.101017584994509, 14.909812136821529 ], [ 79.101017993286746, 14.909799424904406 ], [ 79.101033678362569, 14.909310888887262 ], [ 79.10103753735342, 14.908877934569887 ], [ 79.101037183919857, 14.908871258902309 ], [ 79.101017638054543, 14.908501871365104 ], [ 79.101018671375584, 14.908492031882588 ], [ 79.101069085570828, 14.908012229181907 ], [ 79.101151648730593, 14.907681188736717 ], [ 79.101202311138707, 14.907478054369562 ], [ 79.101323171927845, 14.907091871993146 ], [ 79.10149144857246, 14.906603212768914 ], [ 79.101664452053797, 14.906146582000019 ], [ 79.101719440201009, 14.906001440414968 ], [ 79.101922763425762, 14.905558861553061 ], [ 79.10207921128756, 14.905092713258966 ], [ 79.10223484256494, 14.904718129438947 ], [ 79.102402504972588, 14.904297860059046 ], [ 79.102617349412128, 14.903866683701324 ], [ 79.102723024249144, 14.903619390823053 ], [ 79.102820965815908, 14.903390418933554 ], [ 79.10316700065755, 14.902652282377801 ], [ 79.103453586714636, 14.902062307330482 ], [ 79.103561117752349, 14.901801499440523 ], [ 79.103644246585702, 14.901408780791428 ], [ 79.103671568888785, 14.901277871877141 ], [ 79.103720093608388, 14.901050481895084 ], [ 79.103920771027731, 14.900904074963933 ], [ 79.103974678189843, 14.900913278625751 ], [ 79.104072763648105, 14.900930024901584 ], [ 79.104342132184627, 14.90097578870251 ], [ 79.104705196588554, 14.901001452655748 ], [ 79.105226320439328, 14.901050120367586 ], [ 79.105384136169903, 14.901064478943397 ], [ 79.105781766915982, 14.901124913384876 ], [ 79.106437459921835, 14.901187514293213 ], [ 79.10662436422399, 14.901217348402781 ], [ 79.106893695888346, 14.901259743343303 ], [ 79.107736950600781, 14.901278130881906 ], [ 79.108416302071646, 14.901295138860405 ], [ 79.109025324759898, 14.901311554185725 ], [ 79.109347757793785, 14.90129147592171 ], [ 79.109481291829127, 14.901282933261598 ], [ 79.109834316201727, 14.901261023078575 ], [ 79.109853807208424, 14.901261413384361 ], [ 79.109846428271055, 14.90128211667718 ], [ 79.109853807208424, 14.901261413384361 ], [ 79.110166729911612, 14.901264037606097 ], [ 79.110209204891873, 14.90126416620916 ], [ 79.110391579308896, 14.901280391777505 ], [ 79.110642492857721, 14.901302278578157 ], [ 79.11088855096682, 14.901281731767369 ], [ 79.11102208230426, 14.901267589028862 ], [ 79.111106149130478, 14.901258683941933 ], [ 79.111287676386155, 14.901239290961371 ], [ 79.1114992670785, 14.901172668284858 ], [ 79.111570707423198, 14.901047780331623 ], [ 79.111559486581996, 14.901035831938941 ], [ 79.111419838056065, 14.900887113750173 ], [ 79.111083053640982, 14.900519702922793 ], [ 79.110920761984573, 14.900336330258313 ], [ 79.110647888790027, 14.900037849767784 ], [ 79.110584575618645, 14.899967227806144 ], [ 79.1105466611005, 14.899916602270252 ], [ 79.110419805430638, 14.899747914635384 ], [ 79.110387526963791, 14.899704992692136 ], [ 79.110355224215198, 14.899677024675782 ], [ 79.110211592591895, 14.899552595376804 ], [ 79.110198905855782, 14.899541183879364 ], [ 79.110146328791018, 14.899495701566252 ], [ 79.110015472037389, 14.899382503900313 ], [ 79.109806609888096, 14.899141650167849 ], [ 79.109550670028398, 14.898900400733737 ], [ 79.10928409298748, 14.898613276882088 ], [ 79.1090160275686, 14.898428450913116 ], [ 79.108999281292768, 14.898416101422811 ], [ 79.108620521920557, 14.89812916642876 ], [ 79.108434505249193, 14.897934286938664 ], [ 79.10820149000773, 14.897795540432696 ], [ 79.108045260681195, 14.897650088581599 ], [ 79.108015859145553, 14.897622709621203 ], [ 79.107922811689377, 14.89749700688219 ], [ 79.107935516411942, 14.897481668045373 ], [ 79.108147843649022, 14.897225313598199 ], [ 79.108349223438893, 14.896999206049372 ], [ 79.108433298358989, 14.896891382731951 ], [ 79.108456819227797, 14.896860830064099 ], [ 79.108588524941467, 14.896691228718055 ], [ 79.108632484702412, 14.896634771078652 ], [ 79.108692593589296, 14.896557570576249 ], [ 79.108962643811935, 14.896243356446575 ], [ 79.108965108853681, 14.896240489407887 ], [ 79.108986207848204, 14.896220882388661 ], [ 79.108988552380765, 14.896218641278097 ], [ 79.109000278640906, 14.896207434826124 ], [ 79.109006719585409, 14.896201835647048 ], [ 79.109008479558668, 14.896200153914833 ], [ 79.109461534623108, 14.895777754940298 ], [ 79.109804599004008, 14.895370258631374 ], [ 79.110302032014147, 14.894793348035421 ], [ 79.110870014140801, 14.894126023198282 ], [ 79.111449996820852, 14.893481407142076 ], [ 79.111840836786143, 14.892994606816501 ], [ 79.112278145620905, 14.89257659113764 ], [ 79.112633198864046, 14.892192365685958 ], [ 79.112952497760546, 14.891841755993084 ], [ 79.113165644280059, 14.891609175124188 ], [ 79.11344960611541, 14.891299544839001 ], [ 79.113735085107066, 14.890894938951135 ], [ 79.113793362075, 14.890812120383885 ], [ 79.11424238457937, 14.890382893756396 ], [ 79.11462188859025, 14.889862079272405 ], [ 79.114692437706822, 14.88976116184898 ], [ 79.114812029552525, 14.889590313143287 ], [ 79.11483380393787, 14.889559971816084 ], [ 79.115025656309967, 14.889291949564665 ], [ 79.115107809378856, 14.889176696947857 ], [ 79.11511217288944, 14.889170353130169 ], [ 79.115143951333266, 14.889125962593937 ], [ 79.115595659213284, 14.888720944816612 ], [ 79.115711076406058, 14.888617682860627 ], [ 79.115947507272608, 14.888369252339999 ], [ 79.115986700626706, 14.88831662041656 ], [ 79.116117615836288, 14.888140579025332 ], [ 79.116326903364893, 14.887859512107639 ], [ 79.116787739363645, 14.887407768254775 ], [ 79.117168363030487, 14.887056723290016 ], [ 79.117437025599259, 14.886808937583226 ], [ 79.117839538764713, 14.886379315254032 ], [ 79.118419873979008, 14.885689465097585 ], [ 79.118786050936478, 14.885293453131226 ], [ 79.119235151681892, 14.884852912133056 ], [ 79.119578654032637, 14.884457275183934 ], [ 79.119921579018637, 14.884061067165362 ], [ 79.120288827968011, 14.883608537305008 ], [ 79.120435096403583, 14.883463756348135 ], [ 79.120620103136218, 14.883280854029067 ], [ 79.121143620082989, 14.882647791563159 ], [ 79.121199941025452, 14.882579460174782 ], [ 79.121590918587003, 14.882137865171217 ], [ 79.121734937818132, 14.881984939953838 ], [ 79.122072339168085, 14.88162599534428 ], [ 79.122111326577453, 14.881584298277573 ], [ 79.122419272432467, 14.881199100658819 ], [ 79.122654362409889, 14.880903172444278 ], [ 79.122669640992115, 14.880884078937925 ], [ 79.122904728271578, 14.880588148924801 ], [ 79.123235414383828, 14.880260230026465 ], [ 79.123566277662576, 14.879978097412106 ], [ 79.123956355902067, 14.879571537297466 ], [ 79.124288036664552, 14.879130010642314 ], [ 79.124665892218161, 14.878791175773017 ], [ 79.124950379257598, 14.878428955832476 ], [ 79.125316706401861, 14.878078719358257 ], [ 79.12563575708549, 14.877751265409415 ], [ 79.126049559440617, 14.877355638352867 ], [ 79.126542077655756, 14.876864571643523 ], [ 79.126593089900155, 14.876813557600428 ], [ 79.127101053971444, 14.876350315015884 ], [ 79.127490119574361, 14.876057354564125 ], [ 79.127774094899564, 14.875752217291847 ], [ 79.128140815946892, 14.875356195432914 ], [ 79.128494825077098, 14.875017722091059 ], [ 79.128872664442895, 14.874678881825787 ], [ 79.129167762583165, 14.874430359574262 ], [ 79.129533373867105, 14.874160375901454 ], [ 79.130005874072822, 14.873696833842644 ], [ 79.130490570884149, 14.87323395458418 ], [ 79.131069632658409, 14.872680288765139 ], [ 79.131588216823729, 14.872262909806295 ], [ 79.13181776517871, 14.872065844064309 ], [ 79.131942498448552, 14.871958348999442 ], [ 79.131968986180766, 14.871920131409809 ], [ 79.132004896110061, 14.871867861013811 ], [ 79.132167970176681, 14.871629546067538 ], [ 79.13239353363565, 14.871290003431739 ], [ 79.132666575003441, 14.870904505439398 ], [ 79.132915483064096, 14.870553848981785 ], [ 79.133059207317558, 14.870201758105509 ], [ 79.133274946582503, 14.86965638313643 ], [ 79.13347708090356, 14.8692708608624 ], [ 79.133657648582584, 14.86875967541954 ], [ 79.133861575252467, 14.868168981813938 ], [ 79.13401841701733, 14.867645728368529 ], [ 79.13420900764055, 14.867317200629145 ], [ 79.134401594758799, 14.866760328727025 ], [ 79.134518008400335, 14.866340746429159 ], [ 79.134538251240258, 14.866266707943055 ], [ 79.134546226428199, 14.866237540231168 ], [ 79.134690941734561, 14.865771276823807 ], [ 79.134883023433758, 14.865272056860761 ], [ 79.135086843084309, 14.864692665934626 ], [ 79.135244359340675, 14.864158114306406 ], [ 79.135376372622488, 14.863748836440493 ], [ 79.135538105799924, 14.863361327564064 ], [ 79.135556228038467, 14.863317908295699 ], [ 79.13558539844837, 14.863192382723128 ], [ 79.135738592562973, 14.862533156280961 ], [ 79.135823118043447, 14.862237665137002 ], [ 79.135896539594626, 14.862080755023669 ], [ 79.136014401144678, 14.861828877401649 ], [ 79.136135484066301, 14.861339808985861 ], [ 79.136243993566438, 14.860934015992882 ], [ 79.136244825439348, 14.860930907935881 ], [ 79.136246100677965, 14.860927646094865 ], [ 79.136400559239405, 14.860533130600345 ], [ 79.136700300579378, 14.859749348954153 ], [ 79.136807339687948, 14.859231808002392 ], [ 79.136834395791709, 14.859100988120929 ], [ 79.136967379442012, 14.858646497738505 ], [ 79.137207727755424, 14.857941924780846 ], [ 79.137438151150718, 14.85741674858491 ], [ 79.137446680321034, 14.857397305242273 ], [ 79.137448333274961, 14.857387901930963 ], [ 79.137520672941662, 14.856976242660323 ], [ 79.137747109642362, 14.856533828374324 ], [ 79.137820604038609, 14.85616985115854 ], [ 79.1381082126249, 14.855443058651076 ], [ 79.138156823679424, 14.855333237040099 ], [ 79.138212637404251, 14.855207933600127 ], [ 79.138370802971167, 14.854852847981419 ], [ 79.138540422303606, 14.854261305415775 ], [ 79.13873210290518, 14.853738905427008 ], [ 79.138772976192854, 14.853616681265692 ], [ 79.138876500750882, 14.853307118429598 ], [ 79.139043940126726, 14.852898696718341 ], [ 79.139211284174394, 14.852501013811604 ], [ 79.139331546015001, 14.852171337637969 ], [ 79.139488552355772, 14.851626040010615 ], [ 79.139704949025145, 14.851000968021083 ], [ 79.139860067688971, 14.850672145304088 ], [ 79.140123346016594, 14.850001673739087 ], [ 79.140233367277062, 14.849513079266046 ], [ 79.140386928315081, 14.849096065431922 ], [ 79.140413118371725, 14.849024721314663 ], [ 79.1405208724413, 14.848729419927622 ], [ 79.140630679663104, 14.848483145081957 ], [ 79.140652449551908, 14.848434317290753 ], [ 79.140654326437016, 14.848419071983415 ], [ 79.140669024057217, 14.848411476309423 ], [ 79.140654326437016, 14.848419071983415 ], [ 79.140659141407241, 14.848383075719198 ], [ 79.140667273976476, 14.848322634083161 ], [ 79.140702793600042, 14.848058618311427 ], [ 79.140861487968266, 14.847318890854979 ], [ 79.140994150560573, 14.846898876882506 ], [ 79.141055635410225, 14.846511627010841 ], [ 79.141238342576457, 14.845750053223242 ], [ 79.141417894021572, 14.845284075800294 ], [ 79.141497522693498, 14.844892478605857 ], [ 79.141503495091229, 14.844863109445782 ], [ 79.141505243373274, 14.844829580921271 ], [ 79.141531396557696, 14.844328053297886 ], [ 79.141654326686819, 14.843690906111306 ], [ 79.141654547920041, 14.843665476881085 ], [ 79.141656417610591, 14.843450693595457 ], [ 79.141658292697059, 14.843235352730176 ], [ 79.141644003369038, 14.842473851787702 ], [ 79.141706942422445, 14.841400462362287 ], [ 79.141736129020103, 14.840902671421986 ], [ 79.141787465020457, 14.840479160885423 ], [ 79.141832816931924, 14.840280211963091 ], [ 79.141839420653696, 14.840251457939303 ], [ 79.141958442329212, 14.839729022876952 ], [ 79.141959496334664, 14.839698818246688 ], [ 79.141973929554183, 14.839284870201425 ], [ 79.141975185007766, 14.839276032563703 ], [ 79.142061215054014, 14.838670039691408 ], [ 79.142061712379132, 14.83864684887385 ], [ 79.14206521793642, 14.838483501413293 ], [ 79.142080765415983, 14.83775903095534 ], [ 79.142085823203161, 14.837178003263091 ], [ 79.14208790063708, 14.837161497106251 ], [ 79.142131208389515, 14.836817465954141 ], [ 79.142211918945861, 14.836176302395302 ], [ 79.142213687013054, 14.836145035665709 ], [ 79.142239797030015, 14.835683230197787 ], [ 79.142253125882064, 14.835447479218658 ], [ 79.142253587234222, 14.835444608582691 ], [ 79.142414082045207, 14.834446066133921 ], [ 79.142427104228432, 14.834285079393737 ], [ 79.14247980539966, 14.833637519856495 ], [ 79.142652500413533, 14.832889431402975 ], [ 79.14271106156724, 14.832636685035823 ], [ 79.142879670061689, 14.832090919761015 ], [ 79.142889050889949, 14.832070104952209 ], [ 79.143058606370573, 14.831693897855928 ], [ 79.143137533571291, 14.831504627437482 ], [ 79.143156524554968, 14.831458999434119 ], [ 79.143262158922482, 14.831205509327617 ], [ 79.143363256210307, 14.830872284429233 ], [ 79.143430862745106, 14.830648439574702 ], [ 79.143515529419119, 14.830333731717189 ], [ 79.143516726416749, 14.83032978459272 ], [ 79.143662260106225, 14.829787709236257 ], [ 79.143708410615659, 14.829615809223071 ], [ 79.143745515743944, 14.829477817248346 ], [ 79.143864371944176, 14.828978874276459 ], [ 79.143916187283196, 14.828761137617278 ], [ 79.143950498217919, 14.828557368328745 ], [ 79.143966399130989, 14.828462816306796 ], [ 79.143977455396225, 14.828397289004556 ], [ 79.144041091424185, 14.827828051424262 ], [ 79.144041307261489, 14.827822571855052 ], [ 79.144041878330995, 14.827807997441994 ], [ 79.144046921729057, 14.827680690312434 ], [ 79.144055980600001, 14.827452061064605 ], [ 79.144083859583418, 14.826985401955596 ], [ 79.144075727913503, 14.826710352401676 ], [ 79.144073083007356, 14.826620960689638 ], [ 79.144064150940778, 14.826311700025769 ], [ 79.144140606804569, 14.824467952235068 ], [ 79.144179604106455, 14.823528834289107 ], [ 79.144310362833949, 14.820379842856312 ], [ 79.144311811641785, 14.820375938899303 ], [ 79.144976755074197, 14.818584564926596 ], [ 79.145556190067111, 14.817023527114941 ], [ 79.145564519587879, 14.8170009847085 ], [ 79.145581695739622, 14.81695698717607 ], [ 79.14566019306443, 14.816755893370612 ], [ 79.145815678651616, 14.816380722293331 ], [ 79.146114226591294, 14.815722413159676 ], [ 79.146257602807111, 14.815336402553783 ], [ 79.146343760557102, 14.815183365820531 ], [ 79.146401464656833, 14.815081040058828 ], [ 79.146436408714294, 14.815018851040008 ], [ 79.146626749326003, 14.814643967745781 ], [ 79.146829780271105, 14.814212661885676 ], [ 79.147116801600077, 14.813542952046475 ], [ 79.147237626416313, 14.81307705826049 ], [ 79.147356718238939, 14.812608983618532 ], [ 79.147419888418085, 14.812360704184016 ], [ 79.147517374927872, 14.81190592332058 ], [ 79.147603541671117, 14.811416570719018 ], [ 79.147700141449377, 14.811064090436275 ], [ 79.147701098328014, 14.811035045032156 ], [ 79.147715912860065, 14.810585464048756 ], [ 79.147718141380096, 14.810575606579846 ], [ 79.147947312919143, 14.809562023869148 ], [ 79.147986108772898, 14.809175155310015 ], [ 79.148024721164916, 14.808742501366169 ], [ 79.148094525642819, 14.808397714783553 ], [ 79.148110292556964, 14.808321537709674 ], [ 79.148197135590294, 14.807820886025922 ], [ 79.148283494788416, 14.807308925367465 ], [ 79.148369455586874, 14.806842745597066 ], [ 79.148430902664984, 14.80652389186497 ], [ 79.148479547893828, 14.806273891128001 ], [ 79.148541684751933, 14.805875344872106 ], [ 79.148562134435963, 14.805762320775329 ], [ 79.148566701193261, 14.805737294441428 ], [ 79.14851429589902, 14.806154346047094 ], [ 79.148566701193261, 14.805737294441428 ], [ 79.148615528085145, 14.805466382668271 ], [ 79.148617633398032, 14.805435710390555 ], [ 79.148633483049764, 14.805204824743726 ], [ 79.148642128232609, 14.805078848610833 ], [ 79.148643380088913, 14.805071467874768 ], [ 79.148669681661488, 14.804916285359127 ], [ 79.14869175192382, 14.804783070583085 ], [ 79.148691910204491, 14.804764820640798 ], [ 79.14869216291396, 14.804735595372279 ], [ 79.148694711592668, 14.804441694229638 ], [ 79.148697831340826, 14.804427920213186 ], [ 79.148772036201478, 14.804100361043652 ], [ 79.148828819395476, 14.803849862082302 ], [ 79.148851591129016, 14.803769786447333 ], [ 79.148937327996293, 14.803463338862855 ], [ 79.149049193766245, 14.802689319357455 ], [ 79.149147254043498, 14.802234544789258 ], [ 79.149221299724161, 14.80180218132648 ], [ 79.149272510718788, 14.801256018551271 ], [ 79.149359559696904, 14.800663802393444 ], [ 79.149458704556537, 14.800083554413334 ], [ 79.149543971078401, 14.79969706716679 ], [ 79.149677488026612, 14.799105796196386 ], [ 79.149679206631049, 14.799076028636648 ], [ 79.149680899155157, 14.799046701744714 ], [ 79.149705647598523, 14.798604892702485 ], [ 79.149745732180804, 14.798001550132255 ], [ 79.149747145015738, 14.797995780981353 ], [ 79.14987943708735, 14.797455499772354 ], [ 79.149977107958136, 14.796978111751287 ], [ 79.150099290750632, 14.796420663383742 ], [ 79.150160825962303, 14.796090506072858 ], [ 79.150268634890551, 14.795783902905669 ], [ 79.15050609817888, 14.795398663918036 ], [ 79.150544003703772, 14.795363527405698 ], [ 79.150770807327888, 14.795153277602537 ], [ 79.150883847612477, 14.795048488597729 ], [ 79.151284436228707, 14.794744284821718 ], [ 79.151326708861518, 14.79470589905884 ], [ 79.151756981400581, 14.794315186797292 ], [ 79.152095006880018, 14.794056817868693 ], [ 79.152228351158442, 14.79395424479344 ], [ 79.15285359491844, 14.793400914421511 ], [ 79.152885798741579, 14.79337178538043 ], [ 79.153384714733761, 14.792915430703431 ], [ 79.153916420007761, 14.792361895286092 ], [ 79.154399984572592, 14.792000711364608 ], [ 79.15493070418961, 14.79156077830811 ], [ 79.155544113770816, 14.791030517345348 ], [ 79.155839641786997, 14.790714141245473 ], [ 79.156113116628035, 14.790260232724393 ], [ 79.156528055726199, 14.789637346087488 ], [ 79.156824861679013, 14.789172322845275 ], [ 79.156926203582429, 14.789007537368832 ], [ 79.157145391747406, 14.788650743038204 ], [ 79.157223948427486, 14.788501032897216 ], [ 79.157371607214884, 14.788219849067616 ], [ 79.157822172955889, 14.787574075583962 ], [ 79.157963320651731, 14.787249253950733 ], [ 79.15796975440162, 14.787234445713921 ], [ 79.158157058902134, 14.786801876306413 ], [ 79.15843022977225, 14.786314614628623 ], [ 79.158644726174145, 14.785894702279563 ], [ 79.158706918790244, 14.785756162617645 ], [ 79.158883441318721, 14.785360810753673 ], [ 79.159216745357469, 14.784771166656867 ], [ 79.159514516282854, 14.784192536557157 ], [ 79.159798320736911, 14.783818972568383 ], [ 79.159832639765511, 14.783745772250427 ], [ 79.159977664438657, 14.783433024015721 ], [ 79.16007344403522, 14.783171538036925 ], [ 79.160121693562303, 14.783051335551534 ], [ 79.160182676590239, 14.782899422071523 ], [ 79.160264604828626, 14.782694910842338 ], [ 79.160279792579331, 14.782624359027807 ], [ 79.160362300880479, 14.782241335969729 ], [ 79.160365347783568, 14.782207554735692 ], [ 79.160411742908593, 14.78165675325738 ], [ 79.160420354816495, 14.781660554691712 ], [ 79.160411742908593, 14.78165675325738 ], [ 79.160414398606576, 14.78162501977971 ], [ 79.160415917561522, 14.781616880015861 ], [ 79.160467382164938, 14.781341140681945 ], [ 79.160537423164556, 14.780965267234137 ], [ 79.160539863025235, 14.780946681844739 ], [ 79.160587337336722, 14.780585307266961 ], [ 79.160600213829809, 14.780487029353765 ], [ 79.160602024165087, 14.780465990613834 ], [ 79.160651849304372, 14.779887175253805 ], [ 79.160651878082717, 14.77988378301103 ], [ 79.160653927637611, 14.779872438063421 ], [ 79.160762894892684, 14.779269153049825 ], [ 79.160764603604548, 14.77924402509251 ], [ 79.160773536570446, 14.77911267101382 ], [ 79.1607895579927, 14.778870882885769 ], [ 79.160792777565632, 14.778846507661058 ], [ 79.160847725243286, 14.778430589201207 ], [ 79.160864745812376, 14.778301970860127 ], [ 79.160871489828367, 14.778271136704461 ], [ 79.160881407551926, 14.778260592153458 ], [ 79.160871489828367, 14.778271136704461 ], [ 79.160881198009861, 14.778226529431663 ], [ 79.160974199600616, 14.777801276008915 ], [ 79.160974809340985, 14.777797890061436 ], [ 79.16097890575287, 14.777759721934444 ], [ 79.161037964231639, 14.777209434868382 ], [ 79.161133028867198, 14.77669302436442 ], [ 79.16114887582097, 14.776606673260233 ], [ 79.161149643841952, 14.776586765867421 ], [ 79.16116382974792, 14.776219046572578 ], [ 79.161174587438268, 14.776078821581223 ], [ 79.161203091450489, 14.775706931230729 ], [ 79.161204921570857, 14.775699883243874 ], [ 79.161312434622118, 14.775286160928431 ], [ 79.161432025568502, 14.774957041435187 ], [ 79.16147133133785, 14.774611540790829 ], [ 79.161472965406006, 14.774609493933838 ], [ 79.16147133133785, 14.774611540790829 ], [ 79.161475758700306, 14.774572415785201 ], [ 79.161495499718512, 14.774398884401819 ], [ 79.161495708361258, 14.774395993081441 ], [ 79.161521871438197, 14.774034526772823 ], [ 79.161525955259606, 14.77399888304285 ], [ 79.161572685831743, 14.773589992784764 ], [ 79.161551763104342, 14.773328233412087 ], [ 79.161533157929853, 14.7732850470681 ], [ 79.161448890554823, 14.77308968284342 ], [ 79.161413938403541, 14.7730085487064 ], [ 79.161332995822079, 14.772896539044893 ], [ 79.161239996929282, 14.772768039414359 ], [ 79.161242648130667, 14.772460011721023 ], [ 79.161246898326681, 14.772436069969501 ], [ 79.161341544777429, 14.771902936572133 ], [ 79.161388610796735, 14.771833796693215 ], [ 79.161424282405676, 14.771781364419269 ], [ 79.161495687676847, 14.771676405442633 ], [ 79.161684877156347, 14.771426984768368 ], [ 79.161725046274853, 14.771371347310662 ], [ 79.161754204094223, 14.771330735725712 ], [ 79.161921800851417, 14.771098593725981 ], [ 79.162114715322843, 14.770919720369648 ], [ 79.162299481936543, 14.770748627947683 ], [ 79.162774005616825, 14.770079869591143 ], [ 79.163010922117337, 14.769751704278576 ], [ 79.163258870601396, 14.769491456666231 ], [ 79.163354696962699, 14.769155925006771 ], [ 79.163356488412205, 14.76915028805621 ], [ 79.163427759684339, 14.768900471680297 ], [ 79.163526017812444, 14.768754876836965 ], [ 79.163780328100643, 14.768430244061392 ], [ 79.163809627113608, 14.768400525964353 ], [ 79.163972550993435, 14.768232847368836 ], [ 79.164073981030356, 14.768056190841378 ], [ 79.164439490690938, 14.767589969702215 ], [ 79.16447511643446, 14.767544303927309 ], [ 79.165296705579465, 14.76636683056563 ], [ 79.165559327402036, 14.765990564114077 ], [ 79.16566309297832, 14.76584211392327 ], [ 79.1656916824262, 14.765759823258065 ], [ 79.165696391276413, 14.765752513568486 ], [ 79.165904846932108, 14.765422983984365 ], [ 79.166047458724222, 14.765185051249944 ], [ 79.166214481713951, 14.764809967406904 ], [ 79.166348701932009, 14.764196090178245 ], [ 79.16641483178006, 14.763955866870617 ], [ 79.166517773577368, 14.763581930562509 ], [ 79.166538385139347, 14.7634972171237 ], [ 79.16663939699157, 14.763081901209603 ], [ 79.166657128025008, 14.76297860867669 ], [ 79.166672113428262, 14.76289157138973 ], [ 79.166676076740544, 14.762868769978581 ], [ 79.166750093642918, 14.762433581745256 ], [ 79.166835457291484, 14.762151775584812 ], [ 79.166894757687885, 14.761956009363189 ], [ 79.167015988997662, 14.761501421854007 ], [ 79.167023430887582, 14.761477757093644 ], [ 79.167244695587215, 14.760773908989563 ], [ 79.167282309731775, 14.760611483334117 ], [ 79.167365936789508, 14.760250363264504 ], [ 79.167534901415536, 14.759648073800406 ], [ 79.167703471239179, 14.759159392093125 ], [ 79.167847743179777, 14.758659207157507 ], [ 79.16787301502859, 14.75856582155626 ], [ 79.168017573852921, 14.758023237183522 ], [ 79.168055438908368, 14.757807064445331 ], [ 79.168244603206858, 14.757016152074584 ], [ 79.168320844132609, 14.75679520213771 ], [ 79.168503471259157, 14.755953366555445 ], [ 79.168632591421954, 14.755458712450491 ], [ 79.16866081304704, 14.755350983561868 ], [ 79.16874271160782, 14.755011947244441 ], [ 79.16874573243058, 14.754998407051687 ], [ 79.168746424009271, 14.754985411848111 ], [ 79.168747189332294, 14.75497382318423 ], [ 79.168752430581208, 14.754894459812306 ], [ 79.1687723820408, 14.75459957391206 ], [ 79.168776072858464, 14.754578354408352 ], [ 79.168821867236375, 14.754315102161058 ], [ 79.168882250416516, 14.754114371681737 ], [ 79.168954608069669, 14.753871911760143 ], [ 79.16907427186112, 14.753531486889472 ], [ 79.169074499389637, 14.753504878648073 ], [ 79.16907598417032, 14.753331557706076 ], [ 79.169080648953752, 14.753332099997294 ], [ 79.169119790147192, 14.753336653264796 ], [ 79.169080648953752, 14.753332099997294 ], [ 79.16907598417032, 14.753331557706076 ], [ 79.169076128061818, 14.753314718800084 ], [ 79.168998922163496, 14.752766956130984 ], [ 79.168945755143454, 14.752545622183561 ], [ 79.168941173097664, 14.752526520583331 ], [ 79.168933305828375, 14.752493721408939 ], [ 79.168897407590293, 14.752344775691711 ], [ 79.168821174758364, 14.751683411561032 ], [ 79.168731479075461, 14.751170024577846 ], [ 79.168735677110817, 14.750680009175937 ], [ 79.168712834330847, 14.750227643891492 ], [ 79.168711813600282, 14.749736455773643 ], [ 79.168737843577617, 14.749477794565394 ], [ 79.168785450089445, 14.749005654088535 ], [ 79.168800967891343, 14.748550210424696 ], [ 79.168803504878838, 14.748254052883112 ], [ 79.168750898136409, 14.747547096721974 ], [ 79.168708240593787, 14.747102483593608 ], [ 79.168688040921325, 14.746680663782456 ], [ 79.168693674274607, 14.746648282792876 ], [ 79.16873752431826, 14.746396192930831 ], [ 79.168828649923228, 14.746193947093843 ], [ 79.168987970219632, 14.745840348953777 ], [ 79.169083259685692, 14.74570038206781 ], [ 79.169106848003594, 14.745669055083681 ], [ 79.169184321899934, 14.74556713671484 ], [ 79.169106848003594, 14.745669055083681 ], [ 79.169083259685692, 14.74570038206781 ], [ 79.169106740984319, 14.745665743779909 ], [ 79.16932030299057, 14.745352768916007 ], [ 79.169445691866144, 14.745089261261228 ], [ 79.169483013731053, 14.745010519320886 ], [ 79.169546836818029, 14.744875862032245 ], [ 79.169985164584659, 14.744218670755913 ], [ 79.170132549078858, 14.744031645944574 ], [ 79.170138427947052, 14.74402414739734 ], [ 79.170305191032696, 14.743811478417854 ], [ 79.170517477800331, 14.743437890147391 ], [ 79.170602384593337, 14.743289359916901 ], [ 79.17099443864339, 14.742609182868364 ], [ 79.171280495899168, 14.74203045114524 ], [ 79.171830017642208, 14.741314276033847 ], [ 79.171967102200995, 14.74113583974804 ], [ 79.172570058962037, 14.74044606333598 ], [ 79.172611959275457, 14.740399217650634 ], [ 79.172995199070158, 14.739970534213626 ], [ 79.173279104248252, 14.739642742119713 ], [ 79.173440510971773, 14.739400470156397 ], [ 79.173694467826408, 14.739019497552647 ], [ 79.174192497087063, 14.738237303209814 ], [ 79.174261646858497, 14.73816168101763 ], [ 79.174771727034567, 14.737603624708356 ], [ 79.174785435400509, 14.737590503599733 ], [ 79.174868929358581, 14.737510811075936 ], [ 79.175267117684314, 14.737129678392819 ], [ 79.175591578689364, 14.736744559015051 ], [ 79.175610355634376, 14.736722102044212 ], [ 79.175645499341329, 14.736687343247127 ], [ 79.175964719097465, 14.736371700994084 ], [ 79.176257062614354, 14.736067218428218 ], [ 79.176284107026902, 14.736039120010219 ], [ 79.17631180075, 14.736059159603371 ], [ 79.176284107026902, 14.736039120010219 ], [ 79.17630968104794, 14.73601239755493 ], [ 79.176377838867154, 14.735941778291306 ], [ 79.17673394431705, 14.735386779677015 ], [ 79.177172519397232, 14.734763491043111 ], [ 79.177456799592619, 14.734389913564485 ], [ 79.177823165407744, 14.733925434412129 ], [ 79.177883176268551, 14.73376652600524 ], [ 79.178004558664441, 14.733289328640467 ], [ 79.178058008071616, 14.733021071665974 ], [ 79.178065836669987, 14.732981777587838 ], [ 79.178240520984218, 14.73252580871997 ], [ 79.178257097288167, 14.732482687127174 ], [ 79.17850770057089, 14.731903096551491 ], [ 79.178700609646398, 14.731278389686793 ], [ 79.178785014617688, 14.730982894945498 ], [ 79.179036869756715, 14.730255792171931 ], [ 79.179289111604191, 14.729551301951858 ], [ 79.179650078789109, 14.728741859050388 ], [ 79.179658561194628, 14.728722691799646 ], [ 79.179668721735084, 14.72868885930427 ], [ 79.179912057596368, 14.727870274794213 ], [ 79.180235046411269, 14.727040875037176 ], [ 79.180295634636821, 14.726846402939998 ], [ 79.180519246566973, 14.726128791611302 ], [ 79.180535963165141, 14.726075230688195 ], [ 79.180597770871429, 14.72590955488289 ], [ 79.180679789042017, 14.725689214686383 ], [ 79.180696520029358, 14.725633959440529 ], [ 79.180884209439682, 14.725006946714075 ], [ 79.180976671437236, 14.724691452849129 ], [ 79.181077396405726, 14.724347763439368 ], [ 79.181233223735262, 14.723916061877617 ], [ 79.18142408415514, 14.723462031948088 ], [ 79.181640209229272, 14.722836945569441 ], [ 79.181820909108637, 14.722279964849349 ], [ 79.181988814333295, 14.721854569333743 ], [ 79.182000152985665, 14.721825842289661 ], [ 79.182097741118866, 14.721650744287274 ], [ 79.18220243209754, 14.721462755402683 ], [ 79.182381866630806, 14.720986023886724 ], [ 79.182413274553937, 14.720857967621953 ], [ 79.182490751148237, 14.720542226443456 ], [ 79.182789514925162, 14.719827368838878 ], [ 79.1830990282985, 14.719214336972925 ], [ 79.183361497236319, 14.718669883808957 ], [ 79.183612063646819, 14.718090856208903 ], [ 79.183652227369407, 14.717943092200812 ], [ 79.183745137229266, 14.717601883121233 ], [ 79.183965490915682, 14.717161090312914 ], [ 79.184031484066736, 14.717029137285692 ], [ 79.184102547595501, 14.716886780901064 ], [ 79.184198902758112, 14.716550120592444 ], [ 79.184271327860472, 14.716295791418474 ], [ 79.184329243300908, 14.716177560247047 ], [ 79.184509503411846, 14.715807662794248 ], [ 79.184653990290428, 14.715341955167958 ], [ 79.184844451411266, 14.71493313865426 ], [ 79.184976360371707, 14.714580938960012 ], [ 79.185107975253857, 14.714263214776395 ], [ 79.185287109413537, 14.713820393996855 ], [ 79.185370723880794, 14.713615893559506 ], [ 79.185514147760671, 14.713275089174886 ], [ 79.185518603002095, 14.713237087422499 ], [ 79.185550996582208, 14.712960758133306 ], [ 79.185564854235622, 14.712842541351051 ], [ 79.18547552097948, 14.712351781310531 ], [ 79.185463438587817, 14.712099872212207 ], [ 79.185455288931394, 14.711929967794617 ], [ 79.185471924590615, 14.711337755234069 ], [ 79.185463887349499, 14.711040931294804 ], [ 79.185445391892301, 14.710358023904519 ], [ 79.185438801660325, 14.709765625184332 ], [ 79.185442765871926, 14.709298225033933 ], [ 79.185422630051335, 14.708865107939232 ], [ 79.185345200221775, 14.708340530691771 ], [ 79.185246020288616, 14.707728702118743 ], [ 79.185234282337262, 14.707656295902211 ], [ 79.185179790615848, 14.707165816450129 ], [ 79.185172915298779, 14.706607329365625 ], [ 79.185175330877826, 14.70632248079869 ], [ 79.185177282406642, 14.706092382058614 ], [ 79.185179582872422, 14.705821169911928 ], [ 79.185148725334386, 14.705209816180911 ], [ 79.185139316627158, 14.705023026991967 ], [ 79.185084248440319, 14.704600934686255 ], [ 79.185054720100254, 14.703974440868592 ], [ 79.185056367658206, 14.70378020889035 ], [ 79.185058874968092, 14.70348458644537 ], [ 79.185015903562089, 14.703005503202235 ], [ 79.185006868073458, 14.702883756580945 ], [ 79.184984635933176, 14.702584168125725 ], [ 79.184941180691908, 14.702162168450172 ], [ 79.184842173428535, 14.701443551679404 ], [ 79.184778005001931, 14.70072521459781 ], [ 79.184769292369936, 14.700383191631829 ], [ 79.184658092997552, 14.699664476834982 ], [ 79.184649956831038, 14.699254630597579 ], [ 79.18456102107524, 14.698718095064862 ], [ 79.184505757735508, 14.698319175590314 ], [ 79.184458667434512, 14.698079722102364 ], [ 79.184359913779986, 14.697577574846036 ], [ 79.184166076604129, 14.696949196049388 ], [ 79.184053816931112, 14.696424340911449 ], [ 79.183922256907636, 14.695778940646449 ], [ 79.18391891232892, 14.69576252262317 ], [ 79.183895129757389, 14.695483596991266 ], [ 79.183904553753109, 14.695484774203806 ], [ 79.183895129757389, 14.695483596991266 ], [ 79.183876138773769, 14.695260609190598 ], [ 79.183873287922893, 14.693202084409506 ], [ 79.18388964389294, 14.692898366267457 ], [ 79.183897414035414, 14.692754066447833 ], [ 79.183906448624668, 14.692591658778895 ], [ 79.183939211826157, 14.692002670287877 ], [ 79.183992818614684, 14.69115980678049 ], [ 79.184018747867924, 14.690909626179177 ], [ 79.184005591685718, 14.69084970794853 ], [ 79.183977380852411, 14.690720966400306 ], [ 79.183973456210992, 14.690704544779749 ], [ 79.183956671264355, 14.690676765621106 ], [ 79.183869813841795, 14.690533016186578 ], [ 79.183765691234669, 14.690349615643072 ], [ 79.183555703134175, 14.690256927915755 ], [ 79.183065040220413, 14.690135629156828 ], [ 79.18298380356066, 14.690115319767017 ], [ 79.182958957990479, 14.690100988170911 ], [ 79.182835874077284, 14.69003104339879 ], [ 79.182681014418279, 14.689942188581995 ], [ 79.182446703253731, 14.689841956441967 ], [ 79.181516850123501, 14.689391343936222 ], [ 79.181014478936049, 14.689062866558913 ], [ 79.180660021044105, 14.688825187433281 ], [ 79.18061899217372, 14.688797648393631 ], [ 79.180072282610752, 14.688494245913546 ], [ 79.179542052224917, 14.688164975334189 ], [ 79.179198453646677, 14.687943467817661 ], [ 79.179051677094208, 14.687860328192414 ], [ 79.178405102314628, 14.687458449948338 ], [ 79.178077291334887, 14.687254813759523 ], [ 79.178022460569082, 14.687215936966766 ], [ 79.177603371099678, 14.686927688063179 ], [ 79.177578520133579, 14.686913997683689 ], [ 79.177498136930467, 14.686869245620016 ], [ 79.177126028044768, 14.686661726158604 ], [ 79.176904794821382, 14.686526551759812 ], [ 79.176886311954718, 14.686515097994231 ], [ 79.176520125104673, 14.686287752078954 ], [ 79.176225115997283, 14.686088674553559 ], [ 79.176703265744095, 14.686352244261514 ], [ 79.17689839614502, 14.686459804976892 ], [ 79.176698907629486, 14.686349538201455 ], [ 79.176225115997283, 14.686088674553559 ], [ 79.176031716791272, 14.685957942805658 ], [ 79.175866229843621, 14.685890475665758 ], [ 79.175658499041504, 14.685806276639198 ], [ 79.175134425414399, 14.68550587159956 ], [ 79.174932315375031, 14.685375368279495 ], [ 79.174866484101926, 14.685333010211082 ], [ 79.174552789780421, 14.685117099175613 ], [ 79.174447981889841, 14.685044910595025 ], [ 79.174051638073593, 14.684813926922061 ], [ 79.173925265339733, 14.684721904692992 ], [ 79.173830630580142, 14.68465274862632 ], [ 79.173691295917536, 14.6845148402885 ], [ 79.173718764810133, 14.684489848128862 ], [ 79.17392712333907, 14.684300273739495 ], [ 79.174433608025595, 14.683939810174934 ], [ 79.174550187142415, 14.683858873888767 ], [ 79.174859616878791, 14.683644051032957 ], [ 79.174904386029596, 14.68361296866442 ], [ 79.175384635693376, 14.683264725987158 ], [ 79.17572874778449, 14.683015988797706 ], [ 79.176528618302086, 14.682566893448211 ], [ 79.176618682707044, 14.682510790141691 ], [ 79.176621103681953, 14.682511637303094 ], [ 79.176618682707044, 14.682510790141691 ], [ 79.177034710884186, 14.682251485918187 ], [ 79.177317458634775, 14.682049162739531 ], [ 79.177787740213034, 14.681779399400625 ], [ 79.178164644283868, 14.681497576153049 ], [ 79.178398075911446, 14.681358721728486 ], [ 79.178693952864592, 14.681182502271497 ], [ 79.179094270784958, 14.680878257126722 ], [ 79.179295054324257, 14.680686577424467 ], [ 79.179368989388308, 14.680254222055567 ], [ 79.179416380962209, 14.680007043391186 ], [ 79.179466830231036, 14.679741801843534 ], [ 79.17946643722729, 14.679737922168215 ], [ 79.179453749591858, 14.679612478433967 ], [ 79.179447549665667, 14.679551170750756 ], [ 79.179402102426081, 14.679092420279801 ], [ 79.179393495914098, 14.678739094634352 ], [ 79.17937793224678, 14.678681695404748 ], [ 79.179257262113936, 14.67823665689707 ], [ 79.179143669645612, 14.677871181410751 ], [ 79.178975125902298, 14.677003921994242 ], [ 79.178860470435325, 14.676763348850329 ], [ 79.17878687711368, 14.676610149339751 ], [ 79.178745230409049, 14.676523336883349 ], [ 79.178631249433579, 14.676203639587129 ], [ 79.178622733753116, 14.676112572438115 ], [ 79.178609385116033, 14.67597568393154 ], [ 79.178600199440609, 14.675690745432405 ], [ 79.178650717957225, 14.675280811960761 ], [ 79.178653200985423, 14.675276857641734 ], [ 79.178782677279742, 14.675070604425684 ], [ 79.178970909880547, 14.674770751569781 ], [ 79.179041032718487, 14.674608762085541 ], [ 79.179137924776398, 14.674384931620125 ], [ 79.179470208983957, 14.673886271934748 ], [ 79.17966216837533, 14.67363913014259 ], [ 79.179777819391859, 14.673489715878532 ], [ 79.180121712048333, 14.672922759878304 ], [ 79.180596033381221, 14.672243247428753 ], [ 79.180963145633655, 14.671676476688901 ], [ 79.181247425829042, 14.671291600128086 ], [ 79.181366926843168, 14.671030306604223 ], [ 79.181370417112021, 14.670993941617951 ], [ 79.181405146231498, 14.670632144358819 ], [ 79.181406986244383, 14.670415684736895 ], [ 79.181414736601823, 14.670370708742041 ], [ 79.181435191681715, 14.670252014419759 ], [ 79.181444203787976, 14.670199057841103 ], [ 79.181440051618097, 14.67014578200309 ], [ 79.181412409156337, 14.669777610349286 ], [ 79.181412678952938, 14.669745961407841 ], [ 79.181414638575689, 14.669515373436582 ], [ 79.181369453938146, 14.669366923245775 ], [ 79.18132019896899, 14.669241295150528 ], [ 79.181288758670235, 14.669161104402292 ], [ 79.180812127878369, 14.668815878950511 ], [ 79.180573794046325, 14.668619285352577 ], [ 79.180183461298668, 14.668296912573282 ], [ 79.180045330828364, 14.668182885732449 ], [ 79.179521007189692, 14.66791640222101 ], [ 79.179159132588893, 14.667799877063544 ], [ 79.178961073995367, 14.667672803757739 ], [ 79.178821842754814, 14.66752359633773 ], [ 79.178749162245026, 14.667399795664892 ], [ 79.178741150184919, 14.667386166439258 ], [ 79.178775624796231, 14.667155840170722 ], [ 79.178815664412355, 14.666885429319962 ], [ 79.178817698678813, 14.666646363439781 ], [ 79.178842762784257, 14.666430091776192 ], [ 79.178846083081226, 14.666423432296426 ], [ 79.178934286788888, 14.666246527556041 ], [ 79.178950263245042, 14.666214484711531 ], [ 79.179161485215332, 14.666159103560631 ], [ 79.17926992097108, 14.666146816123501 ], [ 79.179911155576349, 14.666074150902205 ], [ 79.180602485117561, 14.665954247891079 ], [ 79.181149718985353, 14.665894459162814 ], [ 79.181281811407473, 14.665880177928727 ], [ 79.181389369424835, 14.665862392935935 ], [ 79.181422479764592, 14.665860398239658 ], [ 79.181642787585588, 14.665828825740562 ], [ 79.181644025952039, 14.665819792949947 ], [ 79.181867865410652, 14.665782596090764 ], [ 79.182021198920154, 14.665775352951016 ], [ 79.182395703599809, 14.665756834111448 ], [ 79.182412157595991, 14.665768757323121 ], [ 79.182395703599809, 14.665756834111448 ], [ 79.182476563443629, 14.665752868101208 ], [ 79.18286300572413, 14.665710762742378 ], [ 79.18321423055329, 14.665713589311565 ], [ 79.183366721398045, 14.665669034199425 ], [ 79.183481937142687, 14.66556991991672 ], [ 79.183484859039993, 14.665567682403491 ], [ 79.183520756378812, 14.665442494975991 ], [ 79.183522465090675, 14.66541818899907 ], [ 79.183547167668621, 14.665066846358741 ], [ 79.183525688260886, 14.664861504155965 ], [ 79.183458149175237, 14.664542184574998 ], [ 79.183446662134713, 14.664370382587947 ], [ 79.183437542109857, 14.664233982413236 ], [ 79.18336681762554, 14.664049653769382 ], [ 79.183294405113713, 14.663860925642041 ], [ 79.183277602180567, 14.663817417340795 ], [ 79.183231350947096, 14.663697224747978 ], [ 79.18319034905636, 14.663603071125692 ], [ 79.183139253175, 14.663261841361759 ], [ 79.183175308794432, 14.662981225004387 ], [ 79.183177795419908, 14.662978002733496 ], [ 79.183238121942736, 14.66289977520529 ], [ 79.183365822075984, 14.66276648308758 ], [ 79.183368160313307, 14.662764042327524 ], [ 79.183530544599932, 14.662511006378679 ], [ 79.183593501639791, 14.66241260166106 ], [ 79.183596398356087, 14.66240615262268 ], [ 79.18368936487326, 14.662199160163937 ], [ 79.183700606398872, 14.662174382042963 ], [ 79.183843319814343, 14.661913274678739 ], [ 79.183949845410041, 14.661743438609676 ], [ 79.184068755569569, 14.661550531332807 ], [ 79.184454805745645, 14.661553635792529 ], [ 79.184770804130267, 14.661533568320351 ], [ 79.18542670308085, 14.661481754780027 ], [ 79.185848452744892, 14.661451230890464 ], [ 79.186060540762355, 14.661429761375246 ], [ 79.186269721271628, 14.661408984337982 ], [ 79.18640003033812, 14.661403409440652 ], [ 79.186492155989185, 14.661399616999574 ], [ 79.186621613397733, 14.661332267670844 ], [ 79.186626452649648, 14.661287795296346 ], [ 79.186660018046382, 14.660979323337926 ], [ 79.186660636779948, 14.660974806942647 ], [ 79.186663268196241, 14.660977423070449 ], [ 79.186779810440896, 14.661093324997807 ], [ 79.186663268196241, 14.660977423070449 ], [ 79.186660636779948, 14.660974806942647 ], [ 79.186720031605148, 14.660601796936248 ], [ 79.186734221108395, 14.660512607571604 ], [ 79.186750070760127, 14.660251797883006 ], [ 79.186761205266407, 14.660068573606623 ], [ 79.186732469229071, 14.659730542731211 ], [ 79.186707882663654, 14.659441334251028 ], [ 79.186675077194025, 14.659201989580993 ], [ 79.186633194867056, 14.65913605938249 ], [ 79.186629244145308, 14.659129840570529 ], [ 79.186585127902333, 14.659060530719785 ], [ 79.186536425116913, 14.658984402209228 ], [ 79.186350751986595, 14.65876643802153 ], [ 79.186177270065969, 14.658548571859967 ], [ 79.185991697659688, 14.658318738419894 ], [ 79.185865041639317, 14.65812442100605 ], [ 79.18580881692435, 14.658045405671771 ], [ 79.185726200704607, 14.657929440791918 ], [ 79.185633316025701, 14.65779191376663 ], [ 79.185390365074284, 14.657482492124188 ], [ 79.185310347895211, 14.657265375997156 ], [ 79.185242037191244, 14.657037049820815 ], [ 79.185153213850697, 14.656489218803245 ], [ 79.185050651567281, 14.656123837745781 ], [ 79.184959312823025, 14.655872719151546 ], [ 79.184869522711267, 14.655439051671749 ], [ 79.184836239701667, 14.655187833252739 ], [ 79.184791534402791, 14.654982870563856 ], [ 79.184735223352845, 14.654708859726952 ], [ 79.184562715397988, 14.654376828228862 ], [ 79.184342505603126, 14.654124672716307 ], [ 79.184052640617836, 14.653803002307541 ], [ 79.183827471961251, 14.653656499148951 ], [ 79.183743179405212, 14.653601561363814 ], [ 79.183471263089302, 14.65335407603061 ], [ 79.183181006898906, 14.653078747686891 ], [ 79.183024120168, 14.652857687133405 ], [ 79.182961289033244, 14.652769094918654 ], [ 79.182697388374777, 14.652526179940082 ], [ 79.182624307666629, 14.652458761363619 ], [ 79.182347311979868, 14.65205806303004 ], [ 79.182103891582301, 14.651736764041289 ], [ 79.18186056471427, 14.651473115192971 ], [ 79.18179632703982, 14.650766095180018 ], [ 79.181829905027087, 14.65016216355383 ], [ 79.181838129327161, 14.65001414773559 ], [ 79.181843706023187, 14.649934894980277 ], [ 79.181856560033225, 14.649752130257468 ], [ 79.181864540617028, 14.649638652003034 ], [ 79.181865607213012, 14.649513135423717 ], [ 79.181866476857408, 14.649410740414169 ], [ 79.181868896933054, 14.649125898142529 ], [ 79.181883699773891, 14.648750157794382 ], [ 79.181844674593037, 14.648423721878089 ], [ 79.181796435857791, 14.648020343564838 ], [ 79.181779549287739, 14.64796628441735 ], [ 79.181682275017977, 14.647654868977895 ], [ 79.181581562639963, 14.64714142084074 ], [ 79.181467888333373, 14.646718865384173 ], [ 79.181398597368343, 14.646470183053339 ], [ 79.181392235564203, 14.645989145583428 ], [ 79.181401184717856, 14.645970850675042 ], [ 79.181557050718311, 14.645652193894477 ], [ 79.181558837671218, 14.645648541747676 ], [ 79.181738204755334, 14.645240213565842 ], [ 79.181872151579512, 14.644995814705908 ], [ 79.181999423635489, 14.644763593565813 ], [ 79.182284824386102, 14.644241950806247 ], [ 79.182629337574838, 14.64366369842179 ], [ 79.182730392594522, 14.643453126661313 ], [ 79.182745760209627, 14.643420940824626 ], [ 79.182819636817783, 14.643266350962165 ], [ 79.182997550597463, 14.642960312569244 ], [ 79.18299696963544, 14.642928623158298 ], [ 79.1829896167784, 14.642527304292514 ], [ 79.182967340571281, 14.642400155443681 ], [ 79.182933695134921, 14.642208081838362 ], [ 79.182854267911125, 14.641922582162294 ], [ 79.182850429604628, 14.641786547112304 ], [ 79.182818570221798, 14.640657376337685 ], [ 79.182828099438211, 14.640637587655419 ], [ 79.182841615349275, 14.640609520713667 ], [ 79.182880085648435, 14.64053061329804 ], [ 79.183035396767139, 14.640212048248259 ], [ 79.183078068698876, 14.640124760949789 ], [ 79.183128147447007, 14.640022171686724 ], [ 79.183141291938057, 14.639978192140688 ], [ 79.183266797725537, 14.63955417168853 ], [ 79.183273812437449, 14.639554833589557 ], [ 79.1833387219055, 14.639560967865236 ], [ 79.183433853990152, 14.639360329116755 ], [ 79.183523731336095, 14.63917077271384 ], [ 79.183823996081514, 14.638537905400881 ], [ 79.183825176891389, 14.63853565259916 ], [ 79.183831081839912, 14.638523831910163 ], [ 79.184045653784892, 14.638070007026045 ], [ 79.184126054075136, 14.637898833665076 ], [ 79.184295732762848, 14.63753620902969 ], [ 79.184521816029985, 14.637093781253839 ], [ 79.184737060667771, 14.636560268342578 ], [ 79.184869982264843, 14.636082614122188 ], [ 79.185072455630291, 14.635617386733884 ], [ 79.185180900379237, 14.63528761703077 ], [ 79.185186210875941, 14.63525052539228 ], [ 79.185245914168604, 14.634833536739166 ], [ 79.185280241291082, 14.634593785575589 ], [ 79.18535463141211, 14.634104357430999 ], [ 79.185366793843457, 14.633902114291971 ], [ 79.185381709998921, 14.633649024383828 ], [ 79.185385709284049, 14.633636666799589 ], [ 79.185389197754262, 14.633626032316386 ], [ 79.185648761881851, 14.632823872124845 ], [ 79.185694073323816, 14.632682936669028 ], [ 79.185754356679183, 14.632556252769689 ], [ 79.185772192033994, 14.632518701577681 ], [ 79.185861332835202, 14.63233103195239 ], [ 79.185901884165617, 14.632228877061891 ], [ 79.186064188412558, 14.631820027273307 ], [ 79.186198255745865, 14.631548679328944 ], [ 79.18635004062287, 14.631241603118326 ], [ 79.186669371894993, 14.630822529836735 ], [ 79.186920780070921, 14.630198310404523 ], [ 79.186929446837496, 14.630150992575125 ], [ 79.187018768402424, 14.62966329022953 ], [ 79.187020729823814, 14.629653883320884 ], [ 79.187039166825059, 14.629565478165148 ], [ 79.187104079890332, 14.62925420661719 ], [ 79.187203453177801, 14.628966755412307 ], [ 79.187234172220258, 14.628877537269375 ], [ 79.187320088052616, 14.62862883425413 ], [ 79.187327679230009, 14.628584853808832 ], [ 79.187384933668739, 14.62825313887214 ], [ 79.187455599697159, 14.627843735101123 ], [ 79.187554642034058, 14.627183814382363 ], [ 79.187607636384314, 14.626409354209159 ], [ 79.187615170005074, 14.626273767920907 ], [ 79.187635575622323, 14.625920420691727 ], [ 79.187661782766043, 14.625567383728651 ], [ 79.187664869239313, 14.625202857027091 ], [ 79.187705963760209, 14.624531167779992 ], [ 79.187713903874567, 14.624504216896923 ], [ 79.187849992883855, 14.624042299013752 ], [ 79.187850895803194, 14.624021994120596 ], [ 79.18787938272834, 14.623381820715281 ], [ 79.187894751242766, 14.622937700415378 ], [ 79.187903679712008, 14.622900324591171 ], [ 79.188052416786604, 14.622277687066457 ], [ 79.188161325585668, 14.621823013222354 ], [ 79.188169163177349, 14.621780466296343 ], [ 79.188198437908568, 14.621621536305724 ], [ 79.188296442427884, 14.621083691360127 ], [ 79.1883701445675, 14.62067395034336 ], [ 79.18837143329597, 14.620670058976884 ], [ 79.188561952872817, 14.620094468585705 ], [ 79.188682565449028, 14.619696972737927 ], [ 79.188755396145609, 14.619390092579579 ], [ 79.188794025624759, 14.619283579574414 ], [ 79.188899229217043, 14.618992217217908 ], [ 79.18890654520186, 14.618949054256291 ], [ 79.188960934400598, 14.618628162660457 ], [ 79.188962444362289, 14.618625992596321 ], [ 79.189078178116404, 14.618459657588005 ], [ 79.189383556406995, 14.618415082690774 ], [ 79.189860796939229, 14.618374844324478 ], [ 79.190004489716387, 14.618362673799197 ], [ 79.190671465616617, 14.61835671579064 ], [ 79.191303037905868, 14.618350471797669 ], [ 79.191535296817449, 14.618340765414814 ], [ 79.191970202663697, 14.618322205206482 ], [ 79.192758528584193, 14.618273595950541 ], [ 79.193073892047437, 14.618233566226934 ], [ 79.193434066929626, 14.61818527443171 ], [ 79.193613413329331, 14.618165080155165 ], [ 79.193644971439255, 14.6181610745748 ], [ 79.193995889599591, 14.618121491814236 ], [ 79.194769556570748, 14.61799090036061 ], [ 79.195636661303865, 14.617792663701323 ], [ 79.196364079739453, 14.617570700228498 ], [ 79.196491361687947, 14.617531451116406 ], [ 79.196542734560524, 14.617515759745345 ], [ 79.196939048699107, 14.617392883575576 ], [ 79.197725173978597, 14.617091693427767 ], [ 79.198063456664158, 14.616910316358883 ], [ 79.198395119440193, 14.616732336928635 ], [ 79.198722998768346, 14.616533177564918 ], [ 79.199136052887525, 14.616282698388659 ], [ 79.19918450116478, 14.616250303909226 ], [ 79.199452889440295, 14.616085146113448 ], [ 79.200034587127504, 14.615727492930318 ], [ 79.200040176414007, 14.615684017004639 ], [ 79.200040539740087, 14.615680801028986 ], [ 79.200048329667652, 14.615611737592474 ], [ 79.200052762426026, 14.615608314772771 ], [ 79.200172184299845, 14.615516075807079 ], [ 79.20038564558206, 14.615187138876195 ], [ 79.200423178787673, 14.615065646763014 ], [ 79.200469772662871, 14.614914970750135 ], [ 79.200471270933406, 14.614892206211209 ], [ 79.200490400412605, 14.614601452695752 ], [ 79.200500887407031, 14.614442105419698 ], [ 79.200523004434103, 14.614106038663579 ], [ 79.200526569346664, 14.613681606321904 ], [ 79.200535898014266, 14.613668175846499 ], [ 79.200587085626466, 14.6135944835994 ], [ 79.200590337575022, 14.613554622948357 ], [ 79.200639495417363, 14.612952276826945 ], [ 79.200746925731039, 14.611633142256551 ], [ 79.200754665296529, 14.611607981923669 ], [ 79.201087736410898, 14.610525255736832 ], [ 79.201473119290029, 14.609272464153776 ], [ 79.201520259953043, 14.609119107261847 ], [ 79.201516582625175, 14.609113553048871 ], [ 79.20145893338406, 14.609026490580902 ], [ 79.201466615392974, 14.60901016428852 ], [ 79.201476814604291, 14.608989388150576 ], [ 79.201699868055471, 14.608534997592926 ], [ 79.201812065675256, 14.608306424103034 ], [ 79.201974435572708, 14.607908689934959 ], [ 79.201985695984092, 14.607881085244742 ], [ 79.202098890052696, 14.607602781044363 ], [ 79.202247609140841, 14.607310065208196 ], [ 79.202288927592917, 14.607227875267085 ], [ 79.202527590576835, 14.606660626987207 ], [ 79.202585143590511, 14.606511308950587 ], [ 79.202659302585744, 14.606319733569705 ], [ 79.20294277878719, 14.606014524351679 ], [ 79.203283621842672, 14.605789465412329 ], [ 79.203495048858429, 14.605701279691175 ], [ 79.203497868233001, 14.605703515405764 ], [ 79.203495048858429, 14.605701279691175 ], [ 79.203847428417077, 14.605553852928836 ], [ 79.204234611738912, 14.605408849839421 ], [ 79.204644544311236, 14.605319418557144 ], [ 79.204713734552172, 14.605304707447146 ], [ 79.204738738403023, 14.605299253958265 ], [ 79.204946731807183, 14.605274342737573 ], [ 79.205183775112118, 14.605245705625691 ], [ 79.205874973352309, 14.605114418996095 ], [ 79.206206101031739, 14.605078614287493 ], [ 79.206659800910074, 14.605030107554285 ], [ 79.207245189414948, 14.604988972563888 ], [ 79.207526358855375, 14.604958421694676 ], [ 79.207736653624636, 14.604935786658075 ], [ 79.208381224714742, 14.604827295144389 ], [ 79.208403880435696, 14.604822393839243 ], [ 79.208483575657453, 14.604803350694908 ], [ 79.208564406722985, 14.604784775198084 ], [ 79.208731886568273, 14.604745973948411 ], [ 79.208782239609661, 14.604734459928238 ], [ 79.208908666302875, 14.604705551221059 ], [ 79.20931924728643, 14.604538117241191 ], [ 79.209350185763469, 14.604516886046326 ], [ 79.209367114601662, 14.604505150792932 ], [ 79.209578452584481, 14.604357615212621 ], [ 79.209708240943542, 14.604245039877526 ], [ 79.209708583585268, 14.604203989423411 ], [ 79.209710338162552, 14.603994111939585 ], [ 79.209717770159955, 14.603938217275754 ], [ 79.209797779245093, 14.603323245572199 ], [ 79.209806814733668, 14.60328098642924 ], [ 79.20980904055574, 14.603270574977898 ], [ 79.209895022937928, 14.602868472802641 ], [ 79.209895818837936, 14.602861971603545 ], [ 79.209955442990292, 14.602374975225757 ], [ 79.209970387024725, 14.602253576642113 ], [ 79.209975498771257, 14.602243806407387 ], [ 79.210108050746953, 14.601990446702587 ], [ 79.210172101362389, 14.6018680192945 ], [ 79.210421504050146, 14.601470970409821 ], [ 79.210684400165917, 14.600778433079086 ], [ 79.210945976976234, 14.600313092376155 ], [ 79.211372338363731, 14.599644456327439 ], [ 79.211764173878521, 14.599009457621207 ], [ 79.211981999570583, 14.598639852448059 ], [ 79.211985690388303, 14.598636840618553 ], [ 79.211981999570583, 14.598639852448059 ], [ 79.212285774369946, 14.598124653330956 ], [ 79.212316919691091, 14.598009035589371 ], [ 79.212370842141638, 14.597806560425283 ], [ 79.212455616734303, 14.597453986613061 ], [ 79.212530610300405, 14.59709361388002 ], [ 79.212540866169036, 14.597044333729855 ], [ 79.212590118440176, 14.59691472973185 ], [ 79.212633333562451, 14.5968202271726 ], [ 79.212830128608516, 14.596389871895894 ], [ 79.212874327589134, 14.596309398760582 ], [ 79.212890241992056, 14.596280135720519 ], [ 79.212993379841578, 14.596091500223395 ], [ 79.213324205348783, 14.595672485397756 ], [ 79.213667692411036, 14.595196485929932 ], [ 79.214116498178839, 14.594687406699336 ], [ 79.214670435593121, 14.594167853064789 ], [ 79.214921536200904, 14.593843723010252 ], [ 79.215179085847126, 14.593511165408813 ], [ 79.215439301083848, 14.593137370294244 ], [ 79.215887910799438, 14.592650893724624 ], [ 79.216348500383958, 14.592119294570637 ], [ 79.216458537832239, 14.592078557080583 ], [ 79.216677431918924, 14.59199596694117 ], [ 79.216985037830227, 14.591854835433139 ], [ 79.217311287586824, 14.591704807831491 ], [ 79.218064262057055, 14.59118681631935 ], [ 79.219132750177266, 14.59076230393805 ], [ 79.219684679405418, 14.590481796398649 ], [ 79.219715586406153, 14.590463953849223 ], [ 79.219911385902719, 14.590351632122974 ], [ 79.219919683947239, 14.590346872011366 ], [ 79.220024910022573, 14.590325093129422 ], [ 79.220165347253953, 14.590326199295532 ], [ 79.220258604252194, 14.590417928345573 ], [ 79.220501941012742, 14.590887253944459 ], [ 79.220580041736525, 14.591126943054803 ], [ 79.220809944424389, 14.591606902237572 ], [ 79.221154609598557, 14.59238448665559 ], [ 79.221342436605141, 14.592899720846276 ], [ 79.221417347433601, 14.593104342692129 ], [ 79.221717106760025, 14.593699017596407 ], [ 79.222051108672702, 14.5942939622974 ], [ 79.222420887415012, 14.594843972372303 ], [ 79.222582370580938, 14.595106924246011 ], [ 79.222722992173317, 14.595360335212149 ], [ 79.222836263583702, 14.595564463330163 ], [ 79.22317130691124, 14.596034506588069 ], [ 79.2235068385707, 14.59651585882068 ], [ 79.22389113776677, 14.596925249101787 ], [ 79.223959023990744, 14.596997561788896 ], [ 79.224236603337545, 14.597398764642151 ], [ 79.224618379935293, 14.597903085559778 ], [ 79.224884453355799, 14.598292329228457 ], [ 79.225266139122027, 14.59880795192629 ], [ 79.225694741620032, 14.599335247824285 ], [ 79.225698464813263, 14.599339180559582 ], [ 79.226042255846437, 14.599702520156029 ], [ 79.226355514896056, 14.60000113734344 ], [ 79.226703518353645, 14.600379717750627 ], [ 79.226958843077114, 14.600736093896444 ], [ 79.227015648754161, 14.600815100237526 ], [ 79.227179716571641, 14.600977467437019 ], [ 79.227282765388281, 14.601079441563854 ], [ 79.227630957703525, 14.601435415712729 ], [ 79.2278931235698, 14.601748926572554 ], [ 79.227966590087021, 14.601836656337468 ], [ 79.228324978016303, 14.602363960329342 ], [ 79.228425424194938, 14.602499829004728 ], [ 79.228706680869607, 14.602879579429896 ], [ 79.229053755327527, 14.60337175140603 ], [ 79.229133934384549, 14.603502220551889 ], [ 79.229259366427584, 14.60370497720379 ], [ 79.229308047629274, 14.603783919693001 ], [ 79.2294291215577, 14.603952163962049 ], [ 79.229481341591622, 14.604024351643375 ], [ 79.229562515298824, 14.604104679987813 ], [ 79.229751003307115, 14.60398124713771 ], [ 79.230088083599185, 14.603786069072669 ], [ 79.230138822449703, 14.603756511054996 ], [ 79.230585069646224, 14.603554838985474 ], [ 79.230983557446223, 14.603443787101924 ], [ 79.231296772429062, 14.603288329393763 ], [ 79.231571000901965, 14.603152220599327 ], [ 79.231970143408375, 14.602961481587954 ], [ 79.232248375663005, 14.602793534095156 ], [ 79.234181013344084, 14.601697899938983 ], [ 79.234183734692579, 14.60169650868778 ], [ 79.234601979698596, 14.601459129036414 ], [ 79.23526133024717, 14.601084753859141 ], [ 79.235270112126955, 14.601079930795038 ], [ 79.235731244902013, 14.600826736565466 ], [ 79.236049316223955, 14.600612749179902 ], [ 79.236115813894685, 14.6005434887918 ], [ 79.236298696428662, 14.600353010583831 ], [ 79.236462022305489, 14.600183032421853 ], [ 79.236673924163256, 14.599908074598829 ], [ 79.23700583785012, 14.599477543954322 ], [ 79.237300738139538, 14.599187073725318 ], [ 79.237730085276212, 14.598540212062005 ], [ 79.23774970758393, 14.598510497562245 ], [ 79.238009594568098, 14.598172278728555 ], [ 79.238080018678886, 14.598082413973088 ], [ 79.238200214868982, 14.597929186583542 ], [ 79.238230168588416, 14.597885901314157 ], [ 79.239503736309359, 14.596233029231769 ], [ 79.239867604707172, 14.596023915272326 ], [ 79.239935746338631, 14.595995055128526 ], [ 79.240050707575051, 14.595918519225108 ], [ 79.240206519616152, 14.595814605260671 ], [ 79.240370367099729, 14.595721493952624 ], [ 79.240641503703444, 14.595567610058026 ], [ 79.2410521368476, 14.59538824657119 ], [ 79.241287503816238, 14.595208086285027 ], [ 79.241640940977618, 14.594925978851677 ], [ 79.241923784955702, 14.594688536247816 ], [ 79.241963838960999, 14.594545855207912 ], [ 79.241984167236524, 14.594473103651637 ], [ 79.24209811673569, 14.594094748974328 ], [ 79.24229470044105, 14.593689339991897 ], [ 79.242425476255733, 14.59338232943179 ], [ 79.242478759288304, 14.593208485084347 ], [ 79.242557854662266, 14.592950422824629 ], [ 79.242729923747959, 14.592561779903065 ], [ 79.242748846383165, 14.59251897217365 ], [ 79.242929607416443, 14.591848368408307 ], [ 79.242932049075762, 14.591833692371836 ], [ 79.242935166126017, 14.591817065705868 ], [ 79.243076481095727, 14.591063333107172 ], [ 79.243079357127613, 14.591054189699946 ], [ 79.243082842899867, 14.591043105555741 ], [ 79.243208764174085, 14.590642730978118 ], [ 79.24324610942142, 14.590471149324912 ], [ 79.243329973900131, 14.590085832096349 ], [ 79.243492726908812, 14.589558645915645 ], [ 79.243558297378513, 14.589347209906634 ], [ 79.243655041947591, 14.589041893669332 ], [ 79.243702466796378, 14.588892223997789 ], [ 79.243712344949756, 14.588844772169352 ], [ 79.243719381245455, 14.588810967552945 ], [ 79.243779771620154, 14.588523190793467 ], [ 79.243956263571704, 14.587939475027611 ], [ 79.244014195199952, 14.587747727876206 ], [ 79.244052981161133, 14.587688684685872 ], [ 79.244089413596555, 14.587633578727548 ], [ 79.244105281234738, 14.587609398655673 ], [ 79.244300381058736, 14.587313058551672 ], [ 79.244544270902338, 14.586942386782596 ], [ 79.244672954893929, 14.586746807619932 ], [ 79.244702923901798, 14.586701259656252 ], [ 79.245152285450615, 14.586112430345224 ], [ 79.245414414444667, 14.585567362944289 ], [ 79.245710334565274, 14.585148028859294 ], [ 79.246018044797893, 14.584706178448243 ], [ 79.246029172109616, 14.584693829857201 ], [ 79.246313214883969, 14.584378397146168 ], [ 79.246502773984787, 14.584049232686766 ], [ 79.246846529045058, 14.583527969441093 ], [ 79.247178937359081, 14.582903753606217 ], [ 79.247369535176915, 14.582518076648796 ], [ 79.247489617153065, 14.582097380090886 ], [ 79.24766990784093, 14.581552241643465 ], [ 79.247825295402038, 14.581143121158959 ], [ 79.247835154669644, 14.581095695410852 ], [ 79.247910464797087, 14.580733456584596 ], [ 79.247914048595476, 14.580718063788481 ], [ 79.248056006580441, 14.580108359414112 ], [ 79.24805686633232, 14.580101052422492 ], [ 79.248077453612552, 14.579925967010638 ], [ 79.248156406893656, 14.579254577237805 ], [ 79.248230339259749, 14.578799611113993 ], [ 79.248279367599707, 14.578480661154458 ], [ 79.24830669260075, 14.578047941560101 ], [ 79.248320806560969, 14.577740591056283 ], [ 79.248359714829974, 14.577239574247812 ], [ 79.248332981582791, 14.576248599594066 ], [ 79.248335772179132, 14.575906685446 ], [ 79.248319257029095, 14.575085911986093 ], [ 79.2483379215588, 14.574220760580488 ], [ 79.248355384594333, 14.573503113278889 ], [ 79.24836987267247, 14.573149987282932 ], [ 79.248383243792659, 14.572933624787822 ], [ 79.248393246951764, 14.572898964916135 ], [ 79.248455504319054, 14.572683242738321 ], [ 79.248513435047983, 14.572598683083584 ], [ 79.248703932141723, 14.572320622599477 ], [ 79.248975682982348, 14.572015265892674 ], [ 79.249129944592255, 14.571742913405558 ], [ 79.249234781261123, 14.571553820153554 ], [ 79.249431489072947, 14.571199841600276 ], [ 79.249506868448179, 14.571064782314693 ], [ 79.249533372368205, 14.571016945576446 ], [ 79.249617363651396, 14.570893256419481 ], [ 79.249948051562285, 14.570405235713906 ], [ 79.250360269311955, 14.569739247269297 ], [ 79.2504461239904, 14.569600311006411 ], [ 79.250896151936843, 14.56885153187352 ], [ 79.251487172895679, 14.568104406593932 ], [ 79.251962305417067, 14.567264827410725 ], [ 79.252459690763089, 14.566471196389443 ], [ 79.253006016315567, 14.565438871807316 ], [ 79.253409905443789, 14.564724209355632 ], [ 79.253622944044594, 14.56442969757336 ], [ 79.253990204685181, 14.563794442560322 ], [ 79.254512010222072, 14.562921306973578 ], [ 79.254523776052395, 14.56290161631739 ], [ 79.254820314906567, 14.562399762240091 ], [ 79.25497095404728, 14.562203621900494 ], [ 79.255115899580062, 14.562014892873833 ], [ 79.255446141427285, 14.5617212840109 ], [ 79.255661544345799, 14.561420573201758 ], [ 79.255730216577206, 14.561324454560804 ], [ 79.255738673801716, 14.561315936182382 ], [ 79.256117161578743, 14.560934699177892 ], [ 79.256140606904466, 14.560941419811513 ], [ 79.256117161578743, 14.560934699177892 ], [ 79.256201775192778, 14.560849381394689 ], [ 79.256531890235522, 14.560499251939802 ], [ 79.256945048676016, 14.560069507302785 ], [ 79.257170699369283, 14.559649619235415 ], [ 79.257502017704951, 14.559150856127985 ], [ 79.257774756001197, 14.558720027807908 ], [ 79.257976797692038, 14.558277351819186 ], [ 79.25799336500279, 14.558237917446775 ], [ 79.258023551646602, 14.558164674860734 ], [ 79.258053131248005, 14.558094820920076 ], [ 79.258511197334883, 14.557278270676477 ], [ 79.258619815652935, 14.557193200206882 ], [ 79.258896624280794, 14.556975473440218 ], [ 79.259314866588795, 14.556767352332315 ], [ 79.259947651164168, 14.556452361188349 ], [ 79.2599449199231, 14.55643142856843 ], [ 79.259942164400343, 14.556409886208144 ], [ 79.259937826070825, 14.556375986263618 ], [ 79.259954837646603, 14.556368086618761 ], [ 79.259980926979154, 14.556355970952154 ], [ 79.260061202263671, 14.556319359551651 ], [ 79.260520820580382, 14.556109670925423 ], [ 79.260931842231741, 14.555941578641807 ], [ 79.261260378065003, 14.555784721588452 ], [ 79.261836032308054, 14.555492987811988 ], [ 79.262451731563146, 14.555199020119517 ], [ 79.262705129938752, 14.555078035223971 ], [ 79.263693991185733, 14.554605893847793 ], [ 79.263808384949982, 14.554551725882277 ], [ 79.264501604866155, 14.554215106942479 ], [ 79.264655238749242, 14.554159767160399 ], [ 79.265087630091045, 14.554003134937602 ], [ 79.265827166891199, 14.553678735086407 ], [ 79.266095502106737, 14.553496651150397 ], [ 79.266153317722399, 14.553456968565115 ], [ 79.266309677450636, 14.553351346788077 ], [ 79.266814348204605, 14.553081664388174 ], [ 79.266962122105213, 14.552961282038382 ], [ 79.267132674933976, 14.552822423117163 ], [ 79.267520539042607, 14.552574452150111 ], [ 79.267733173847887, 14.552325704168766 ], [ 79.26790019144164, 14.551905359245779 ], [ 79.268138608011327, 14.551337484138458 ], [ 79.268341658741519, 14.550837724582152 ], [ 79.26854394055141, 14.550361131561829 ], [ 79.268806233222051, 14.549782135438022 ], [ 79.269043911448364, 14.549305247440088 ], [ 79.26925051809792, 14.548867683197898 ], [ 79.269365043163191, 14.54862440219523 ], [ 79.269550646146399, 14.548129030431255 ], [ 79.269658968587521, 14.547863094606953 ], [ 79.269866195769282, 14.547420449195215 ], [ 79.270021418754482, 14.547022620598284 ], [ 79.270223450552805, 14.546648320964096 ], [ 79.270472908099237, 14.54614891484141 ], [ 79.270605103044034, 14.545728304618422 ], [ 79.27078398629294, 14.545274137991953 ], [ 79.271098916282938, 14.544497164213624 ], [ 79.271165814151971, 14.544331513589327 ], [ 79.271627795887071, 14.543594658567486 ], [ 79.272060091900698, 14.543157686079212 ], [ 79.272064184715362, 14.543153761437793 ], [ 79.272265387338734, 14.542881751592404 ], [ 79.272280694699305, 14.542854174781212 ], [ 79.27250268065518, 14.542450637287914 ], [ 79.272810083319655, 14.542031360759552 ], [ 79.27308227842542, 14.541589209075596 ], [ 79.273342803928244, 14.541226657285279 ], [ 79.273602841998525, 14.540852798318838 ], [ 79.274230824194149, 14.539889439147146 ], [ 79.274597243968628, 14.539345141565889 ], [ 79.275071202874699, 14.538630980036544 ], [ 79.275270143703153, 14.538350473396463 ], [ 79.275496670336054, 14.538030613322974 ], [ 79.275934593407726, 14.537395866426948 ], [ 79.276443533243423, 14.536659361241391 ], [ 79.276798918336397, 14.536114976425893 ], [ 79.276861158616555, 14.53602276174189 ], [ 79.277615688913897, 14.534902674119962 ], [ 79.277994001323066, 14.53439237271067 ], [ 79.278159978401277, 14.534097483213145 ], [ 79.278334880351451, 14.53362971883729 ], [ 79.278350893679772, 14.533586322951294 ], [ 79.278359963342609, 14.533543065560877 ], [ 79.278448617610593, 14.533120233113095 ], [ 79.278451292194347, 14.533114073656407 ], [ 79.278576291663512, 14.532826182683038 ], [ 79.278650772616061, 14.532654371702733 ], [ 79.278841440581004, 14.532246069601285 ], [ 79.278925798787554, 14.531927389438295 ], [ 79.278927943670624, 14.531913798883579 ], [ 79.279011975423316, 14.531381521640753 ], [ 79.2790238743533, 14.531332206417062 ], [ 79.279217805058636, 14.530528544357708 ], [ 79.279316586592188, 14.529857305670987 ], [ 79.279402306372333, 14.529367953069425 ], [ 79.279476787324882, 14.52883330071711 ], [ 79.279489137714506, 14.528781556424519 ], [ 79.279585443414476, 14.52837803332045 ], [ 79.279720428955613, 14.527604772842835 ], [ 79.279795273234242, 14.52702434679702 ], [ 79.279967073422711, 14.526000429976705 ], [ 79.280064212794173, 14.525533771767016 ], [ 79.280139512129779, 14.524896266650217 ], [ 79.280158209934427, 14.52462019186919 ], [ 79.280166483697258, 14.524498025264506 ], [ 79.280254290803839, 14.524017094813928 ], [ 79.280264169856537, 14.523962985304365 ], [ 79.280270112576602, 14.523917772787854 ], [ 79.280338917008407, 14.523394425812967 ], [ 79.280400155443829, 14.523064266703386 ], [ 79.280449022805158, 14.52275718509685 ], [ 79.280456908960161, 14.522734288357583 ], [ 79.280460158210701, 14.522724852670649 ], [ 79.280588587694126, 14.522351986555805 ], [ 79.280628988837748, 14.522234713162334 ], [ 79.280878388827546, 14.521735299845034 ], [ 79.281070017268462, 14.52113258769964 ], [ 79.281261583656146, 14.520610128355599 ], [ 79.281350930402084, 14.520392085926858 ], [ 79.281452112226191, 14.520144743585888 ], [ 79.281810186292034, 14.519258448219659 ], [ 79.282237718596832, 14.518464237135674 ], [ 79.282403856653616, 14.518146739581198 ], [ 79.282743258095877, 14.517636139597016 ], [ 79.282800618654619, 14.517549882022308 ], [ 79.283529570434325, 14.517454062855563 ], [ 79.282800618654619, 14.517549882022308 ], [ 79.282818419835166, 14.517523034561236 ], [ 79.282829299833281, 14.517494922653384 ], [ 79.282985467106585, 14.517091381562864 ], [ 79.283282841430946, 14.516467429229351 ], [ 79.283568305134168, 14.515808909654311 ], [ 79.283865678559209, 14.515184390747891 ], [ 79.28422118506063, 14.514617393378842 ], [ 79.284496257097544, 14.513879106636296 ], [ 79.284640458891033, 14.513401500080022 ], [ 79.284759330379757, 14.513117556231066 ], [ 79.284973992256937, 14.512606574934352 ], [ 79.285079831669862, 14.512283534858113 ], [ 79.285144853553106, 14.512085367446616 ], [ 79.285189831346599, 14.511947980715604 ], [ 79.285297549443328, 14.511607434436428 ], [ 79.285417363421573, 14.511277718692611 ], [ 79.28552508511558, 14.510936606739847 ], [ 79.285646164439925, 14.510448088709154 ], [ 79.285683329822803, 14.510152223447221 ], [ 79.285674272750498, 14.509832836417104 ], [ 79.285648931653839, 14.509640734033496 ], [ 79.285608078151256, 14.509331030903184 ], [ 79.285575998434581, 14.508988863146385 ], [ 79.285568352398514, 14.508419682223405 ], [ 79.285581831437355, 14.508395860081748 ], [ 79.285636415788929, 14.50829939160451 ], [ 79.285904920076973, 14.50782484813908 ], [ 79.285901856086753, 14.507799971991972 ], [ 79.285892933013429, 14.507727548688251 ], [ 79.285910271043178, 14.507708455181898 ], [ 79.286078457755593, 14.507523231712639 ], [ 79.286279965249207, 14.507206002156124 ], [ 79.286297520015523, 14.507176254381477 ], [ 79.286434035303444, 14.506944929865483 ], [ 79.286731200985116, 14.506343580192947 ], [ 79.286968784782573, 14.505866681403063 ], [ 79.286981589329855, 14.505813859722707 ], [ 79.287029366712886, 14.505616770598351 ], [ 79.287231378726119, 14.505162773943709 ], [ 79.287241630098151, 14.505115788863407 ], [ 79.287352999442362, 14.504605310287673 ], [ 79.287439504330621, 14.504013669695951 ], [ 79.287452287294229, 14.503963046857962 ], [ 79.287620399362936, 14.503297276948615 ], [ 79.287621027089699, 14.503293557352663 ], [ 79.287681886910548, 14.50293321069995 ], [ 79.287754978410533, 14.502569231685527 ], [ 79.287761726023803, 14.502547974410334 ], [ 79.28786327027467, 14.502228125128738 ], [ 79.288052952582689, 14.501865027449924 ], [ 79.28819686209647, 14.501421894605585 ], [ 79.288399447877225, 14.500967902447599 ], [ 79.28866040325596, 14.500468571867941 ], [ 79.288967163804557, 14.500117660902163 ], [ 79.289249997890067, 14.499857558980011 ], [ 79.289825903043948, 14.499508677784092 ], [ 79.28993410857322, 14.499426609251486 ], [ 79.290331309443332, 14.499125352553847 ], [ 79.290592382633349, 14.49889309274289 ], [ 79.290661393909204, 14.498831697825437 ], [ 79.291168552187912, 14.498300311810794 ], [ 79.291533584308468, 14.497915360606271 ], [ 79.292004669880612, 14.497543077252089 ], [ 79.292197858645238, 14.49734304644528 ], [ 79.292299455056764, 14.497237849148291 ], [ 79.292511694160339, 14.496954604971904 ], [ 79.292724875753379, 14.496625591598615 ], [ 79.292727534149378, 14.49658828142492 ], [ 79.292751639577489, 14.4962499582698 ], [ 79.292770265436388, 14.496149987832496 ], [ 79.292811200777294, 14.495930264570916 ], [ 79.29281283394613, 14.495921495281607 ], [ 79.292849183643909, 14.495726787562035 ], [ 79.292852743160552, 14.495643736070406 ], [ 79.292864481111906, 14.495630845188202 ], [ 79.292893120921804, 14.495599392298971 ], [ 79.292898079783527, 14.495554712181047 ], [ 79.292920540351645, 14.495352321553241 ], [ 79.293013695726472, 14.494512926731034 ], [ 79.292997546600475, 14.493331051187909 ], [ 79.293048548053036, 14.491874447148859 ], [ 79.293065082088845, 14.490594479852234 ], [ 79.293047574087268, 14.489510932584324 ], [ 79.293071353960784, 14.488218175129532 ], [ 79.293073071665901, 14.48812478593095 ], [ 79.293082474077892, 14.48759756107944 ], [ 79.293116522410571, 14.486522882026236 ], [ 79.293128664157507, 14.486520557278766 ], [ 79.293167642573621, 14.486513094704435 ], [ 79.293293551257364, 14.486494472442814 ], [ 79.293753024783257, 14.486426510675756 ], [ 79.29376695528174, 14.486425485448649 ], [ 79.294630556256152, 14.486364729049853 ], [ 79.295531649966676, 14.486257343702277 ], [ 79.296256942404966, 14.486228885555477 ], [ 79.297028908758136, 14.486166301734272 ], [ 79.297707313242881, 14.486125618203573 ], [ 79.298420913595294, 14.486108369206704 ], [ 79.299367236909461, 14.486149378291998 ], [ 79.300350329005482, 14.486088364687134 ], [ 79.300689059553463, 14.486090902573949 ], [ 79.301309237432349, 14.486004559563639 ], [ 79.301894074652807, 14.485986333003723 ], [ 79.301992916440952, 14.485984346401324 ], [ 79.301862520140162, 14.48568488115319 ], [ 79.301816771627671, 14.485324224234432 ], [ 79.302023109380002, 14.485121058390973 ], [ 79.302106883926513, 14.48508663594032 ], [ 79.302289586596146, 14.485008290601002 ], [ 79.302450135366428, 14.484873779002555 ], [ 79.302427030883734, 14.48458004243588 ], [ 79.302045860429075, 14.48446736997397 ], [ 79.301954752810559, 14.484264739227172 ], [ 79.301954415564808, 14.483881241327083 ], [ 79.301908848715357, 14.483498525837149 ], [ 79.301726212595611, 14.483498248845933 ], [ 79.301367573755499, 14.483678744579265 ], [ 79.301123556208154, 14.483881053368748 ], [ 79.300718923340639, 14.484084383788115 ], [ 79.300200446194594, 14.48424158438246 ], [ 79.299811787085275, 14.484264601630912 ], [ 79.299498692611564, 14.484264446048201 ], [ 79.299186500157816, 14.484083861282045 ], [ 79.298980174096755, 14.483790970078076 ], [ 79.298843358435249, 14.483294423799464 ], [ 79.29884374424438, 14.482753122759277 ], [ 79.299163643888051, 14.4823477794273 ], [ 79.299453975621475, 14.481942204969641 ], [ 79.299477128667547, 14.48131114619332 ], [ 79.2999043129347, 14.480973373423296 ], [ 79.300399753946465, 14.480725494187084 ], [ 79.300872476284724, 14.480702559676217 ], [ 79.30148261143438, 14.480679552320339 ], [ 79.301863925780538, 14.480702855553204 ], [ 79.302115926609702, 14.480657852578702 ], [ 79.302116031830394, 14.480432735183456 ], [ 79.301864379038818, 14.480364616035047 ], [ 79.301254221406168, 14.480319749757484 ], [ 79.30075849530931, 14.480319882857145 ], [ 79.300445783047451, 14.480273915809391 ], [ 79.300354098064133, 14.480071279666674 ], [ 79.300110405172063, 14.480093154776114 ], [ 79.299660164086276, 14.480273504819252 ], [ 79.299118808187416, 14.480746710992776 ], [ 79.298531455563193, 14.481243315727284 ], [ 79.297989585252139, 14.481919574429639 ], [ 79.297631277362541, 14.482482995194914 ], [ 79.297318376243027, 14.483024141551766 ], [ 79.297066096624064, 14.483384757101703 ], [ 79.296616423909825, 14.483565106245521 ], [ 79.296120694215631, 14.483564662879758 ], [ 79.295693888563108, 14.483361692189192 ], [ 79.295381280622564, 14.483091165325845 ], [ 79.295045435999043, 14.482685273407469 ], [ 79.294771260586174, 14.482324541845003 ], [ 79.294275466140846, 14.482121034259194 ], [ 79.293688128805059, 14.482121004581529 ], [ 79.292902687909702, 14.482097946863632 ], [ 79.292361523566456, 14.482053023928756 ], [ 79.291957352051156, 14.481918661617783 ], [ 79.291712985566789, 14.481670151956791 ], [ 79.291438817348535, 14.481309417696309 ], [ 79.291263445052948, 14.481061442232601 ], [ 79.291057949066101, 14.480880545401703 ], [ 79.290874775151735, 14.48101600308695 ], [ 79.290516090446204, 14.481060729969556 ], [ 79.29011191083697, 14.480857358181368 ], [ 79.289799698598188, 14.480610582413306 ], [ 79.289395644894057, 14.480181525757644 ], [ 79.289258314820358, 14.479820719551412 ], [ 79.28923551340921, 14.479211928888276 ], [ 79.289304340324009, 14.478670594573146 ], [ 79.289502869263004, 14.478220204199886 ], [ 79.289823222164955, 14.477972121716903 ], [ 79.290181650563682, 14.477746960254876 ], [ 79.290586207888168, 14.477341722143592 ], [ 79.291036362639034, 14.476891020604967 ], [ 79.291463414705788, 14.47671050868388 ], [ 79.291821486073729, 14.476598466646749 ], [ 79.291981631048429, 14.476372329420315 ], [ 79.292050673800532, 14.475944685599586 ], [ 79.292455207742648, 14.475471003684731 ], [ 79.292745194136387, 14.475177998266872 ], [ 79.293171982701836, 14.474817611144715 ], [ 79.293583814642318, 14.47479478635114 ], [ 79.29414079356377, 14.474817770324705 ], [ 79.294865336866792, 14.474839788426323 ], [ 79.295025303775731, 14.474705276827933 ], [ 79.295025560981856, 14.474321785223083 ], [ 79.295048381278775, 14.473803285593988 ], [ 79.295246893130582, 14.473352889824866 ], [ 79.295628272227987, 14.473014206041626 ], [ 79.296306952804628, 14.472901810570932 ], [ 79.29678016257543, 14.472676394600796 ], [ 79.297024174726857, 14.472473528231603 ], [ 79.297428689783203, 14.471999837323494 ], [ 79.297748969840086, 14.471617125430839 ], [ 79.29835931902835, 14.471211766810427 ], [ 79.298786395376851, 14.471166989565745 ], [ 79.299236295619551, 14.471167072303388 ], [ 79.299594625992199, 14.471233757033133 ], [ 79.29999906640478, 14.47112149286346 ], [ 79.300021737414227, 14.470760801770439 ], [ 79.299816009402321, 14.470467350288857 ], [ 79.299571892030201, 14.470400984818468 ], [ 79.299053383407909, 14.470354556418499 ], [ 79.298534903563905, 14.470445573205495 ], [ 79.297901669327587, 14.470602446446605 ], [ 79.297390702419989, 14.470625643559458 ], [ 79.296978837204563, 14.470512725582694 ], [ 79.296826478560092, 14.470286430075532 ], [ 79.296780944985585, 14.469407665632104 ], [ 79.296758370203577, 14.468415954433624 ], [ 79.296980066577817, 14.467965171955996 ], [ 79.297277368057053, 14.467626401837833 ], [ 79.297613102963339, 14.467267000372601 ], [ 79.298062904280584, 14.466995586777784 ], [ 79.29869636334746, 14.466951273583277 ], [ 79.299344296103357, 14.466838631698351 ], [ 79.29988557376123, 14.466794170115691 ], [ 79.300290009677212, 14.466681341171807 ], [ 79.300251995334293, 14.466297554589346 ], [ 79.299863066428372, 14.4660043881928 ], [ 79.299527586030251, 14.465485949717674 ], [ 79.299482213434374, 14.465080613580312 ], [ 79.299413793013116, 14.464516726966224 ], [ 79.299284408449694, 14.464246490583946 ], [ 79.298986693282245, 14.463930270066783 ], [ 79.298582831133729, 14.463479742996583 ], [ 79.29822456821023, 14.462983185926134 ], [ 79.297950222825477, 14.462645650577144 ], [ 79.297927607574024, 14.462081551723088 ], [ 79.297973240973249, 14.461607914774277 ], [ 79.298446530783735, 14.461157381408896 ], [ 79.299011045124644, 14.460752235028451 ], [ 79.299460690859178, 14.460639191146583 ], [ 79.299758440200833, 14.460526670670163 ], [ 79.299781219128931, 14.459940863980535 ], [ 79.299888460584953, 14.459376638322055 ], [ 79.300231858614382, 14.458858353630944 ], [ 79.300879844430256, 14.458453281894322 ], [ 79.301444428018897, 14.45825005669559 ], [ 79.302390289980906, 14.458069568156873 ], [ 79.302611485432692, 14.457889142570707 ], [ 79.302596303977225, 14.457619227246369 ], [ 79.302161518640162, 14.457122653088845 ], [ 79.301895028833485, 14.456604752408225 ], [ 79.301757695162507, 14.455748477311204 ], [ 79.301758155615346, 14.454914192436888 ], [ 79.301804021039743, 14.454057068379825 ], [ 79.302101661563427, 14.453178130367291 ], [ 79.302437587125951, 14.45236679709086 ], [ 79.302887767957088, 14.45169039539627 ], [ 79.303925424619649, 14.451127119421869 ], [ 79.304733957407166, 14.450722142113989 ], [ 79.305252166555249, 14.450586425424035 ], [ 79.305748105791452, 14.450338542590544 ], [ 79.305969630395111, 14.450045560554997 ], [ 79.305862676722143, 14.449796996934708 ], [ 79.305435587783109, 14.449707170850104 ], [ 79.305092561173751, 14.449616859131595 ], [ 79.305024076001303, 14.448917795420755 ], [ 79.305115739400833, 14.448129464104341 ], [ 79.305207724757679, 14.447656185085748 ], [ 79.305436500595022, 14.447610434774617 ], [ 79.305703315956237, 14.447520858701523 ], [ 79.305680445297298, 14.447340250552998 ], [ 79.305520550334109, 14.447115035131617 ], [ 79.305368216870704, 14.44695775269895 ], [ 79.305368269031362, 14.446596889835462 ], [ 79.305520624977817, 14.446326001444675 ], [ 79.305772341621264, 14.446168434826234 ], [ 79.306016367262544, 14.446100741956514 ], [ 79.306108089118027, 14.445943074614036 ], [ 79.306245603552725, 14.445289148776055 ], [ 79.30646704272084, 14.444793110614398 ], [ 79.306741778411322, 14.444230173684446 ], [ 79.307260070296991, 14.44386933690123 ], [ 79.307954218313512, 14.443553404167119 ], [ 79.308427242823996, 14.443553644286112 ], [ 79.308747685658147, 14.44371108499945 ], [ 79.309258228085753, 14.443802111678963 ], [ 79.309395588736436, 14.443734161603118 ], [ 79.309281484553878, 14.443509301413997 ], [ 79.309082912447423, 14.443193294036121 ], [ 79.309014892224468, 14.44271991699145 ], [ 79.309014697071575, 14.442246495879942 ], [ 79.309175103748998, 14.441840484351701 ], [ 79.309511094962033, 14.441299507966789 ], [ 79.309823454689649, 14.44109715421115 ], [ 79.3103650597007, 14.441074726917975 ], [ 79.310547915255086, 14.440758820264193 ], [ 79.310456707811795, 14.440285266053024 ], [ 79.309915271873308, 14.439789591217504 ], [ 79.309420217569993, 14.439293139367749 ], [ 79.309130309417242, 14.438662515863257 ], [ 79.309039340294305, 14.437804910668945 ], [ 79.309222524101187, 14.437377583409614 ], [ 79.309557830930146, 14.437061717225333 ], [ 79.309649462853429, 14.436700992857368 ], [ 79.309397771391048, 14.436430959721861 ], [ 79.309352424875499, 14.436091808291167 ], [ 79.309443840961478, 14.435686399308736 ], [ 79.30946722423397, 14.435235785004352 ], [ 79.309352863744664, 14.434829927260182 ], [ 79.309132001041974, 14.434333886400566 ], [ 79.308750907929038, 14.433725751343218 ], [ 79.308255267267725, 14.433161419564726 ], [ 79.307980711441644, 14.432710779179956 ], [ 79.307980801373844, 14.431989623623053 ], [ 79.308072609564249, 14.431110235050141 ], [ 79.308187523136667, 14.430524579446626 ], [ 79.308386008908144, 14.42971331991464 ], [ 79.308683337367086, 14.429148860432406 ], [ 79.308927561758537, 14.428698812700873 ], [ 79.309118515707894, 14.428312835369923 ], [ 79.309812779737001, 14.427904705038941 ], [ 79.310255061822602, 14.427618506589681 ], [ 79.310506975417582, 14.427291254088971 ], [ 79.310460963403727, 14.426678345430162 ], [ 79.309645793619438, 14.425778420838299 ], [ 79.309157432970153, 14.425247519558241 ], [ 79.308418121899763, 14.424429057355951 ], [ 79.308220247667293, 14.423816678397827 ], [ 79.308220306123189, 14.422957515577707 ], [ 79.30793083683966, 14.42263119657332 ], [ 79.307320621650376, 14.421976053053243 ], [ 79.306626956569801, 14.421035764190037 ], [ 79.306505199156618, 14.420259942443238 ], [ 79.306467590407976, 14.419400491840065 ], [ 79.306590032205179, 14.418460825307704 ], [ 79.306872297919199, 14.417397389578696 ], [ 79.307162226756361, 14.416743512304095 ], [ 79.308420987139812, 14.414986794605738 ], [ 79.309855350944702, 14.413229156900911 ], [ 79.310877719132407, 14.412452505079898 ], [ 79.311571952584529, 14.411471412176752 ], [ 79.311694282865858, 14.410613193644792 ], [ 79.311671313281465, 14.410515732316071 ], [ 79.311679039357159, 14.410207536449491 ], [ 79.311587834611885, 14.410019621309345 ], [ 79.311389743642735, 14.409932694638997 ], [ 79.311160811323361, 14.409860802834658 ], [ 79.310840398166818, 14.409990696414354 ], [ 79.310741388205486, 14.410191858568282 ], [ 79.310611172668473, 14.410452734806711 ], [ 79.310481869043997, 14.410886129791891 ], [ 79.31038239862977, 14.411001315858869 ], [ 79.310031512845001, 14.411029730838266 ], [ 79.309733963152837, 14.410914324437385 ], [ 79.309559186208446, 14.410669205220472 ], [ 79.309558895727434, 14.410278368852516 ], [ 79.309559273442687, 14.410018757960188 ], [ 79.309528695593826, 14.409788321074984 ], [ 79.30949838664219, 14.409311846765149 ], [ 79.309483356272835, 14.409022706633436 ], [ 79.309468086683864, 14.4087629761313 ], [ 79.309208560327761, 14.40867614209111 ], [ 79.308911352378004, 14.40866141569262 ], [ 79.308674904424265, 14.408516499837447 ], [ 79.308476585926655, 14.408386583774643 ], [ 79.308286147288868, 14.408285573721116 ], [ 79.308011440376674, 14.408141495134714 ], [ 79.307797808223256, 14.408112703339441 ], [ 79.307622659858851, 14.408126628442005 ], [ 79.307584611341724, 14.408314682077787 ], [ 79.307828597412822, 14.408459090715326 ], [ 79.308415435624852, 14.408848780447727 ], [ 79.308720590883524, 14.409239131181835 ], [ 79.308750686695817, 14.409599654101612 ], [ 79.308765842070954, 14.410654627210135 ], [ 79.308704328443014, 14.411303470979249 ], [ 79.308414805200073, 14.411838008218353 ], [ 79.30801007700444, 14.412213854686513 ], [ 79.307377237570449, 14.41248783404717 ], [ 79.306729138439948, 14.41243024685923 ], [ 79.305996817799894, 14.412040000446495 ], [ 79.305722722426708, 14.41167872839145 ], [ 79.305333760245844, 14.411260013040021 ], [ 79.305074488397906, 14.411000099076148 ], [ 79.30469337729852, 14.410826350956199 ], [ 79.304151939561336, 14.410696614757796 ], [ 79.303572286033159, 14.410349954887351 ], [ 79.303313512409659, 14.409888122439725 ], [ 79.303313498919806, 14.40925237909488 ], [ 79.303687225685906, 14.408486600976687 ], [ 79.303931447379398, 14.407822763710442 ], [ 79.304236959668913, 14.407389035976053 ], [ 79.30442779670642, 14.407086775635037 ], [ 79.304557433979369, 14.40682646417082 ], [ 79.304671884400932, 14.406580740609513 ], [ 79.304557608447851, 14.40645090278781 ], [ 79.304206794608888, 14.406754759425439 ], [ 79.303962277937785, 14.407100722321331 ], [ 79.303748820252849, 14.407475771090787 ], [ 79.303573370615538, 14.407880523568167 ], [ 79.303428350438992, 14.407966510446954 ], [ 79.303237454945588, 14.407850785686037 ], [ 79.303253288409508, 14.407403513262352 ], [ 79.303527874812573, 14.406782897413621 ], [ 79.303977730089173, 14.406133089571256 ], [ 79.304077003551868, 14.405829557588845 ], [ 79.303917061823938, 14.40568522809167 ], [ 79.303589232857803, 14.405800912383029 ], [ 79.303283705279739, 14.406378303216968 ], [ 79.3028945911135, 14.406970886298211 ], [ 79.302780051659056, 14.407793525851389 ], [ 79.302650462050167, 14.408472385393111 ], [ 79.302550815368818, 14.408962563572288 ], [ 79.302421431704715, 14.409049801408059 ], [ 79.302101038333262, 14.409035450926183 ], [ 79.301826218106442, 14.408905503387132 ], [ 79.301452648721749, 14.408731807427841 ], [ 79.30129272857755, 14.408443244660873 ], [ 79.301307833590613, 14.40822673377761 ], [ 79.301262318002557, 14.407981474266478 ], [ 79.301155415590927, 14.407871487180216 ], [ 79.301003047053939, 14.407793389154449 ], [ 79.300759433302176, 14.407392189898474 ], [ 79.300279019062486, 14.406748778933832 ], [ 79.299875297208189, 14.406082769804812 ], [ 79.299852170242445, 14.405510763212021 ], [ 79.299898602239693, 14.404796196088455 ], [ 79.300089371828051, 14.403795982699307 ], [ 79.300379415778423, 14.403057846143554 ], [ 79.301035680753046, 14.402469027624363 ], [ 79.301325075392924, 14.402021605913205 ], [ 79.301424808409138, 14.401379283128279 ], [ 79.301569971577919, 14.400426794062128 ], [ 79.301654333381748, 14.399538315141967 ], [ 79.301853035889849, 14.397497452146524 ], [ 79.302181720111264, 14.396002269889721 ], [ 79.302448605619645, 14.394480593605351 ], [ 79.302570908921268, 14.393770574353368 ], [ 79.302662977915077, 14.392293930721166 ], [ 79.303639628167275, 14.391782804633579 ], [ 79.304996739309047, 14.391448809915516 ], [ 79.306972200008033, 14.391116169576435 ], [ 79.308398445632747, 14.390831327304738 ], [ 79.308559210240333, 14.389950223724668 ], [ 79.308750112029031, 14.389140052372341 ], [ 79.309040309763475, 14.388021260673497 ], [ 79.309421992831687, 14.386556458414645 ], [ 79.309681061432798, 14.386056194338721 ], [ 79.309940685814979, 14.385771995082337 ], [ 79.310207865401651, 14.385485025014759 ], [ 79.310825469420877, 14.384651545932968 ], [ 79.311611514660683, 14.383770715746778 ], [ 79.312465790564772, 14.382907374676449 ], [ 79.313274371016405, 14.382032933274104 ], [ 79.313785447641294, 14.38161151905723 ], [ 79.314082992836859, 14.381366066191845 ], [ 79.313229448980849, 14.379220431278725 ], [ 79.311447259784188, 14.373555313927454 ], [ 79.31076875277671, 14.371483981901122 ], [ 79.309976668589343, 14.369201376643048 ], [ 79.307979912843678, 14.364147146274604 ], [ 79.306234936693954, 14.360486772447416 ], [ 79.305807995243754, 14.360473304200468 ], [ 79.305708910638714, 14.360473107248936 ], [ 79.305410807863495, 14.361143868395686 ], [ 79.305250367011809, 14.361844534698378 ], [ 79.303633537958376, 14.363705324641842 ], [ 79.301321669660297, 14.365806772265557 ], [ 79.299521099220328, 14.367947781965427 ], [ 79.297812347762601, 14.369769928040569 ], [ 79.29617237555567, 14.371750961838245 ], [ 79.296004606128633, 14.371928390883397 ], [ 79.294684756597235, 14.37331179460449 ], [ 79.292701336898176, 14.37526242861901 ], [ 79.291778083892439, 14.376543127963828 ], [ 79.291022603011697, 14.377153763136505 ], [ 79.290900421118522, 14.377423734218837 ], [ 79.290778160984303, 14.37812469280118 ], [ 79.290472702654085, 14.379045376443798 ], [ 79.290381073428762, 14.379404950578873 ], [ 79.290083871774243, 14.379745960008904 ], [ 79.288489265867895, 14.381266898849162 ], [ 79.28718497190988, 14.382367017924366 ], [ 79.286734768595693, 14.382848230762079 ], [ 79.286238961559832, 14.384218776875912 ], [ 79.285567218353435, 14.386050048371885 ], [ 79.285414142949321, 14.386690246058834 ], [ 79.285169995899594, 14.387480750137343 ], [ 79.284681282716008, 14.388551582790171 ], [ 79.283246998950801, 14.390783570606175 ], [ 79.282308547402522, 14.391993985235104 ], [ 79.281118309963006, 14.393304802875207 ], [ 79.279470694418023, 14.395046421855739 ], [ 79.278913896260292, 14.395656309691788 ], [ 79.278196714807507, 14.396387112276273 ], [ 79.27776975986751, 14.396156961375539 ], [ 79.276823947368257, 14.395806796847069 ], [ 79.27584826118931, 14.395355715794494 ], [ 79.274605157103281, 14.394865202168205 ], [ 79.273530210052115, 14.394434258734918 ], [ 79.272492760233661, 14.39416367071766 ], [ 79.270975460050408, 14.393822563261551 ], [ 79.268603676219641, 14.393302208331079 ], [ 79.26528677416627, 14.392631272715903 ], [ 79.264440063359245, 14.392631377037276 ], [ 79.26284599614678, 14.393430425574536 ], [ 79.261480826180161, 14.394161706598311 ], [ 79.259321862414993, 14.39535218415682 ], [ 79.257445780399451, 14.396532440020962 ], [ 79.256179355094162, 14.397232795158232 ], [ 79.255355355766028, 14.398042989892929 ], [ 79.253890968994028, 14.399124108991259 ], [ 79.25340228818601, 14.399824403873993 ], [ 79.252326745783648, 14.4005647158898 ], [ 79.251151920026075, 14.401805359430625 ], [ 79.249840052877119, 14.403486643794452 ], [ 79.248863560006271, 14.404366866938233 ], [ 79.248528326022438, 14.403436034446258 ], [ 79.248177547257001, 14.403726222288185 ], [ 79.246399858267807, 14.404426403856291 ], [ 79.245637476889044, 14.404796447898605 ], [ 79.245240476567744, 14.405137166847624 ], [ 79.244050312872616, 14.406537717042852 ], [ 79.243737543054124, 14.406718473579531 ], [ 79.243287550181265, 14.407497678575851 ], [ 79.242524980844166, 14.408229132269469 ], [ 79.241220280392611, 14.409189841139096 ], [ 79.23987811958051, 14.4099194737056 ], [ 79.237841624592306, 14.410849977944963 ], [ 79.236285274047134, 14.411750381875493 ], [ 79.234973086739558, 14.412631242638611 ], [ 79.233386489296038, 14.413540998619055 ], [ 79.232410352556712, 14.414161538025382 ], [ 79.232898241061946, 14.415128131159179 ], [ 79.23302015315852, 14.41537684856354 ], [ 79.233538156361817, 14.416414950390504 ], [ 79.234155272049122, 14.418201020161803 ], [ 79.23434613067036, 14.41872517832519 ], [ 79.234597691731096, 14.419335797310055 ], [ 79.234841386421806, 14.420189565996509 ], [ 79.235222361723572, 14.421189800070067 ], [ 79.235702220182304, 14.422285850612354 ], [ 79.236365310111978, 14.423714819384259 ], [ 79.23693659275051, 14.425239205325909 ], [ 79.237553971939235, 14.427000952932474 ], [ 79.237912067588809, 14.428036633784473 ], [ 79.238315728289194, 14.428895078945573 ], [ 79.238552294054102, 14.429704106360248 ], [ 79.238887652144399, 14.430347635136116 ], [ 79.239024487590996, 14.431228826849747 ], [ 79.239382522986034, 14.432205118272464 ], [ 79.239740667198987, 14.433168966675339 ], [ 79.240571387160799, 14.43547936907845 ], [ 79.241188645840339, 14.437194730553244 ], [ 79.241523592041119, 14.438230227044187 ], [ 79.241950346432304, 14.439445191343339 ], [ 79.242521331395324, 14.441492765079886 ], [ 79.243063104579619, 14.441588161565278 ], [ 79.244138187428405, 14.441683859323518 ], [ 79.244626085826155, 14.441706988087901 ], [ 79.245968572192851, 14.44185119257935 ], [ 79.247630777439383, 14.442232668803456 ], [ 79.248210702562858, 14.442478243976609 ], [ 79.248919409704001, 14.442781972910552 ], [ 79.248218079701587, 14.443045051588683 ], [ 79.246707561305868, 14.443506428080013 ], [ 79.245891713432798, 14.443943361897482 ], [ 79.244503646726912, 14.444045401674771 ], [ 79.24339795725092, 14.444071070124664 ], [ 79.242398644083153, 14.443994073768351 ], [ 79.241834603684993, 14.443994087258147 ], [ 79.241506422184614, 14.44427596716298 ], [ 79.241063967429113, 14.444430232370166 ], [ 79.240583479444979, 14.444352855600641 ], [ 79.240248358775716, 14.44401872058836 ], [ 79.239783013576186, 14.443865104691668 ], [ 79.239348475552674, 14.44363367855226 ], [ 79.239096826358434, 14.443504964883061 ], [ 79.238837265828124, 14.443556618344132 ], [ 79.23870761326674, 14.443941895103251 ], [ 79.238448420559166, 14.444018439100546 ], [ 79.238272846815391, 14.443941803372354 ], [ 79.238219890236735, 14.443761512684489 ], [ 79.237937214431895, 14.443736621248945 ], [ 79.23789147761056, 14.444069969354473 ], [ 79.237632278607748, 14.44414707722666 ], [ 79.237197510357817, 14.444146982797861 ], [ 79.237090718562797, 14.443889900799149 ], [ 79.237045450288292, 14.443555823343445 ], [ 79.236809005032512, 14.443479830630508 ], [ 79.236503640231774, 14.44373643239129 ], [ 79.236221302572062, 14.44435182138028 ], [ 79.235092070643532, 14.445506228930185 ], [ 79.233582262712218, 14.446353834562672 ], [ 79.233063420441511, 14.446558941143053 ], [ 79.231858221880429, 14.447509099166439 ], [ 79.231377855304743, 14.447688493230203 ], [ 79.230988281584928, 14.447893503583146 ], [ 79.230652944178985, 14.448535043058655 ], [ 79.230164279558835, 14.449074101189694 ], [ 79.229295260169124, 14.44948509136475 ], [ 79.228013594053095, 14.449612768115628 ], [ 79.227090784413178, 14.449535185401317 ], [ 79.226473308997015, 14.449612781605424 ], [ 79.226038645967719, 14.449869456211275 ], [ 79.225702811236715, 14.450228740764601 ], [ 79.225657054630346, 14.45056208617217 ], [ 79.225702390354002, 14.450818678040434 ], [ 79.226190720426416, 14.451537566406387 ], [ 79.226266348913839, 14.452385474211098 ], [ 79.226036802357498, 14.454208311864932 ], [ 79.225395856434602, 14.455466164832501 ], [ 79.224755156925937, 14.455748324426509 ], [ 79.2241911983661, 14.456005081769945 ], [ 79.223397486405872, 14.456620281002017 ], [ 79.22187937773208, 14.457878382182457 ], [ 79.220346406862177, 14.458570730655538 ], [ 79.219164216556351, 14.458853009859354 ], [ 79.218958075755552, 14.459161299255413 ], [ 79.21880593834436, 14.459391970863635 ], [ 79.218393579401152, 14.459545869147405 ], [ 79.21757780437315, 14.459622961731156 ], [ 79.217318411116764, 14.459853893243405 ], [ 79.216654796882381, 14.460034029247879 ], [ 79.215777603554557, 14.45990529579359 ], [ 79.215701418386743, 14.459596979417938 ], [ 79.21552642020913, 14.459520329300631 ], [ 79.215213865328622, 14.459596411046391 ], [ 79.214931327120041, 14.459956112885152 ], [ 79.213985788913988, 14.460290059939155 ], [ 79.213214946713379, 14.460802464862695 ], [ 79.212215789128322, 14.461034157201425 ], [ 79.210904198071262, 14.461059108891618 ], [ 79.209905472160813, 14.46057075723553 ], [ 79.209165877804026, 14.459749665415586 ], [ 79.208731591590663, 14.458953685365145 ], [ 79.20803738242023, 14.458850733675263 ], [ 79.207267313636578, 14.458670801816879 ], [ 79.206756478030002, 14.458413797159835 ], [ 79.205856730604637, 14.458413799857851 ], [ 79.20493388589108, 14.458670403417216 ], [ 79.204445440705513, 14.459106462194313 ], [ 79.204010684146738, 14.459568414251748 ], [ 79.20355286537341, 14.459748493598966 ], [ 79.202622305376053, 14.459824590633218 ], [ 79.201936426625764, 14.45969680056777 ], [ 79.201623685585616, 14.459260406343503 ], [ 79.20139492143943, 14.458900493164094 ], [ 79.201371954553053, 14.458874851693906 ], [ 79.201189383184442, 14.458669731623672 ], [ 79.200777101582958, 14.458746672221992 ], [ 79.200449102644939, 14.459131434568917 ], [ 79.200212877723118, 14.45936253515373 ], [ 79.199518746793728, 14.459317249792093 ], [ 79.198176264923688, 14.460359989422841 ], [ 79.195285359132981, 14.461326646408452 ], [ 79.193378341338359, 14.462946740900236 ], [ 79.193317666777887, 14.463056538229523 ], [ 79.193271446121344, 14.463170978758512 ], [ 79.193164847680578, 14.463295104086626 ], [ 79.193088279401536, 14.46343248542172 ], [ 79.192996796765726, 14.463551644693496 ], [ 79.192951471833965, 14.463629892906056 ], [ 79.192928384438346, 14.463684568988526 ], [ 79.192859692421848, 14.463716808784568 ], [ 79.192760511589313, 14.463721648935802 ], [ 79.192608004556746, 14.463725485443661 ], [ 79.192501334170231, 14.463725171580279 ], [ 79.192394534281334, 14.463739563430977 ], [ 79.192364112015127, 14.46377098844124 ], [ 79.192333596219498, 14.463813158551261 ], [ 79.192333533266947, 14.463886688920411 ], [ 79.192325898922093, 14.463964116051955 ], [ 79.192333437039451, 14.46409653492799 ], [ 79.192325531998677, 14.464271247121189 ], [ 79.192295018001687, 14.46444577315475 ], [ 79.192218533359608, 14.464573539837829 ], [ 79.192165509331801, 14.464670391426296 ], [ 79.192066414834187, 14.464797971949679 ], [ 79.191944320175196, 14.464903868919237 ], [ 79.191814169389374, 14.465069089667622 ], [ 79.191631589926942, 14.465064191959755 ], [ 79.191463379832101, 14.465073552103604 ], [ 79.191311142596135, 14.465046280162539 ], [ 79.191105256303501, 14.465054764366755 ], [ 79.190830374023506, 14.465063812445862 ], [ 79.190532936746592, 14.465132627669504 ], [ 79.190319722777986, 14.465183474438618 ], [ 79.188924143135694, 14.464799214812786 ], [ 79.186499346068956, 14.46403709243873 ], [ 79.184524315245937, 14.463488511386515 ], [ 79.182548919298142, 14.462916717033693 ], [ 79.1796516382135, 14.462224700410445 ], [ 79.176013928201201, 14.461414493085215 ], [ 79.174466055565006, 14.46108147682952 ], [ 79.171537574300601, 14.460580267566172 ], [ 79.171324075246844, 14.460204611754307 ], [ 79.170447992581785, 14.458512881764932 ], [ 79.169876226107931, 14.456893259417257 ], [ 79.169259351438882, 14.45513128877883 ], [ 79.168093192447827, 14.452749335414353 ], [ 79.167734564399609, 14.452201647388961 ], [ 79.167026008344578, 14.451629540971396 ], [ 79.165264873176341, 14.4500582266067 ], [ 79.163861603431258, 14.448795331140445 ], [ 79.163351141942655, 14.448439807551949 ], [ 79.163313111411924, 14.448414035680059 ], [ 79.161695750859224, 14.449128437328397 ], [ 79.159628910946481, 14.449604324380914 ], [ 79.157722008265068, 14.450151105889688 ], [ 79.153847606582758, 14.450626448852404 ], [ 79.150186890113844, 14.451125581581152 ], [ 79.148402646865634, 14.451435754157558 ], [ 79.144856020190161, 14.451815282450184 ], [ 79.143239522986562, 14.45210081000522 ], [ 79.140073912981677, 14.452719348420032 ], [ 79.138624963971893, 14.453195182412571 ], [ 79.138312555680898, 14.453381444598847 ], [ 79.137838819806689, 14.455000191906208 ], [ 79.137716456250416, 14.455904714731673 ], [ 79.13719797370851, 14.456762884700197 ], [ 79.136198337684107, 14.458452953641768 ], [ 79.135175645740446, 14.459548352175545 ], [ 79.13458061110731, 14.460214685060521 ], [ 79.134100320074708, 14.460500762101333 ], [ 79.132315744077289, 14.460643371195488 ], [ 79.131468958626499, 14.461067725296118 ], [ 79.131438403260688, 14.46104879906369 ], [ 79.130294164345173, 14.461989855048614 ], [ 79.129943146360119, 14.46227589521726 ], [ 79.129531398955862, 14.462737890442156 ], [ 79.128821620722192, 14.463971681149019 ], [ 79.12858472760405, 14.465161996829522 ], [ 79.127989221726182, 14.467090785412267 ], [ 79.127531587313911, 14.468839186180332 ], [ 79.127508204041362, 14.468924396044883 ], [ 79.127820380307298, 14.470877344015037 ], [ 79.128201691955496, 14.47192022394006 ], [ 79.128628450843337, 14.472682939866615 ], [ 79.128483343432549, 14.47346848958 ], [ 79.128368500906561, 14.473921141748121 ], [ 79.127201625155863, 14.475110870171363 ], [ 79.126507226228512, 14.475921136851809 ], [ 79.124988861247914, 14.477825632048109 ], [ 79.124431745629522, 14.478392715752079 ], [ 79.124394389590407, 14.477399151950181 ], [ 79.123982654776682, 14.476004746822468 ], [ 79.123411488150623, 14.474610106971681 ], [ 79.120216339913156, 14.472313987601297 ], [ 79.119301611581079, 14.471532926404279 ], [ 79.118820839411171, 14.472184362019561 ], [ 79.117356395082538, 14.473892989370825 ], [ 79.116204204361509, 14.475245119167766 ], [ 79.114662842816927, 14.47756225119781 ], [ 79.113770198237034, 14.478678474432911 ], [ 79.113228703842594, 14.479372364343988 ], [ 79.112420351818741, 14.479828651571836 ], [ 79.111298592357116, 14.480319000622217 ], [ 79.110475230648376, 14.480893933609025 ], [ 79.10971232136751, 14.481198449449721 ], [ 79.109140057568595, 14.481451437734506 ], [ 79.108820074287962, 14.481823688713121 ], [ 79.108697798865308, 14.482449351557193 ], [ 79.108766395553687, 14.482872469989331 ], [ 79.108697476907992, 14.482990657093978 ], [ 79.108583173975262, 14.483125987075482 ], [ 79.108209348283765, 14.483362587014653 ], [ 79.107446614370758, 14.48383621856749 ], [ 79.106958363438707, 14.484157804439974 ], [ 79.106706686365442, 14.484225202332084 ], [ 79.106317776345293, 14.484462233945806 ], [ 79.106065780912047, 14.484816968828909 ], [ 79.106065887032059, 14.485121278724876 ], [ 79.105928299752236, 14.485392723795997 ], [ 79.105707271574317, 14.485595004706568 ], [ 79.104760816959129, 14.486626448852405 ], [ 79.104677311309842, 14.486880260916166 ], [ 79.104715450658489, 14.487083653388765 ], [ 79.104860128193366, 14.487303238154766 ], [ 79.104860046355043, 14.487438423345395 ], [ 79.104592861372453, 14.487489280906459 ], [ 79.104341179802589, 14.487556676100553 ], [ 79.103997995811824, 14.487675317362857 ], [ 79.103700885888145, 14.487827728167986 ], [ 79.103441383813788, 14.48811508584339 ], [ 79.103441017789748, 14.48847029916584 ], [ 79.103494308916197, 14.488791474048128 ], [ 79.103578410815999, 14.488977729039789 ], [ 79.103730776655027, 14.48918097941953 ], [ 79.103715537642927, 14.489451219399086 ], [ 79.103356923983824, 14.489670973237651 ], [ 79.102769709855181, 14.489654575898783 ], [ 79.102144079386733, 14.489654247646286 ], [ 79.101633104385257, 14.489670181834299 ], [ 79.10141990210775, 14.489840286800643 ], [ 79.101366120850798, 14.490076820189927 ], [ 79.101350905221068, 14.490533154182572 ], [ 79.101327696417059, 14.490786922179552 ], [ 79.100976765666189, 14.490990336235882 ], [ 79.10068723612801, 14.491074367988517 ], [ 79.100351691878075, 14.4912439756298 ], [ 79.09990911301611, 14.491513902645352 ], [ 79.099779393005576, 14.491937002191776 ], [ 79.099878527073372, 14.492190700940967 ], [ 79.100061313379911, 14.492427589562453 ], [ 79.10048825842739, 14.492596457061666 ], [ 79.100641159363022, 14.492741453855842 ], [ 79.100823917790535, 14.492918385575877 ], [ 79.100976512057343, 14.493222887027457 ], [ 79.100922973617344, 14.493747895949468 ], [ 79.100922412440354, 14.494186823563894 ], [ 79.100640319396177, 14.494407238404165 ], [ 79.100167599755935, 14.494423500844732 ], [ 79.099778703225581, 14.494593211008748 ], [ 79.099740179866387, 14.494998437428819 ], [ 79.099725040679061, 14.495320151004989 ], [ 79.099557337801855, 14.495522889670497 ], [ 79.099305572595085, 14.495472060887778 ], [ 79.099115046723, 14.495319948657539 ], [ 79.098916553756908, 14.49515136444478 ], [ 79.098878307388929, 14.494897062250459 ], [ 79.098657699194462, 14.494422843440304 ], [ 79.098474888606233, 14.493999859007147 ], [ 79.098291942220328, 14.493780501769606 ], [ 79.09784934267401, 14.493611493076799 ], [ 79.097178162443242, 14.493644692449436 ], [ 79.096766340395277, 14.493848136183374 ], [ 79.096568017401069, 14.494101513874625 ], [ 79.096613713752845, 14.494490501236498 ], [ 79.096788804560674, 14.494744296213128 ], [ 79.096933583718908, 14.495015360871037 ], [ 79.096887913447404, 14.495251964407487 ], [ 79.096529374432066, 14.495335956589997 ], [ 79.096209521553135, 14.494997755742702 ], [ 79.096095068433669, 14.494456580607562 ], [ 79.09609524919739, 14.494185643653395 ], [ 79.096110772395207, 14.493948778414222 ], [ 79.095958248275508, 14.493763055821205 ], [ 79.0957061692053, 14.493746722334208 ], [ 79.095264299009159, 14.493813018556807 ], [ 79.094806575564007, 14.494151812057339 ], [ 79.094402113567696, 14.494625122552236 ], [ 79.094203446133122, 14.495166402908012 ], [ 79.093997664161861, 14.495724589618987 ], [ 79.094012329406439, 14.496333904586891 ], [ 79.094096541023532, 14.496570507223964 ], [ 79.094027402043935, 14.496773534571787 ], [ 79.093745305402479, 14.496993373845953 ], [ 79.09340198741279, 14.4970610900981 ], [ 79.093135033555939, 14.496959779670931 ], [ 79.092899128792737, 14.4968242347515 ], [ 79.092647460712726, 14.49663764701063 ], [ 79.092189447685826, 14.496755835014596 ], [ 79.092021548756463, 14.497229505238352 ], [ 79.091983512829813, 14.497517648021869 ], [ 79.091800145561251, 14.497720243695142 ], [ 79.091533698922035, 14.497940216968288 ], [ 79.091243722420813, 14.498008393673274 ], [ 79.091213009673652, 14.498194219688344 ], [ 79.091312293028864, 14.498430955425079 ], [ 79.09156405913501, 14.498481793201051 ], [ 79.091815202910254, 14.498599937138238 ], [ 79.092036415449172, 14.498819634319545 ], [ 79.092021261872731, 14.499141348795035 ], [ 79.091784654739001, 14.499394954014747 ], [ 79.091326791898894, 14.499496171811757 ], [ 79.091006644941672, 14.499377991901667 ], [ 79.090632951450516, 14.499344189983219 ], [ 79.090159915248876, 14.499581026444048 ], [ 79.089603222311837, 14.499834665838023 ], [ 79.089351384259942, 14.50010453889422 ], [ 79.089267333621535, 14.500477125319946 ], [ 79.089267571042569, 14.500764470404818 ], [ 79.08922935075492, 14.501134628661021 ], [ 79.089122122788694, 14.501442530449253 ], [ 79.088817392909334, 14.501725517419516 ], [ 79.088687311371302, 14.502059237844378 ], [ 79.088839994670991, 14.502290218819383 ], [ 79.089175188185379, 14.502599717803605 ], [ 79.089434569750551, 14.502830498229741 ], [ 79.089793004444573, 14.503010102734891 ], [ 79.089922825179201, 14.503268034592963 ], [ 79.08992253110091, 14.503550284119171 ], [ 79.08958659204859, 14.503884473990126 ], [ 79.089304377595909, 14.504115053867508 ], [ 79.088999305974198, 14.504372018954371 ], [ 79.088526344416266, 14.504474231401502 ], [ 79.088228905340713, 14.504783301409077 ], [ 79.087458846449579, 14.505220035577054 ], [ 79.087176623003757, 14.505451178430008 ], [ 79.08697049659213, 14.505605493999212 ], [ 79.086787027700154, 14.506067713155289 ], [ 79.086115738651415, 14.5066704729648 ], [ 79.085528583878045, 14.507017167009508 ], [ 79.085162194680549, 14.507319406666113 ], [ 79.084841713175479, 14.507860747276538 ], [ 79.084818856006393, 14.508573816129569 ], [ 79.085008969089643, 14.509957332265913 ], [ 79.085184023025249, 14.51127679958546 ], [ 79.085183514008975, 14.512206139202817 ], [ 79.085008176786914, 14.513352852153275 ], [ 79.084855506977021, 14.513931862666198 ], [ 79.08460358798618, 14.513770714947384 ], [ 79.083818192056924, 14.512919911325696 ], [ 79.083521253903712, 14.512049622992549 ], [ 79.083292614763366, 14.510819054556578 ], [ 79.08255322185471, 14.510635537101223 ], [ 79.081958019947649, 14.510910315959165 ], [ 79.081408672673092, 14.511554289899436 ], [ 79.081362711021256, 14.512380849597378 ], [ 79.081317044347088, 14.513300178861016 ], [ 79.081728208990626, 14.514358133222117 ], [ 79.082323070054599, 14.51536848376935 ], [ 79.082185411728346, 14.515828840429492 ], [ 79.081453431931322, 14.515781701565118 ], [ 79.080904694397134, 14.514862820163842 ], [ 79.080493312117653, 14.513392512255507 ], [ 79.079936891675175, 14.511618316233182 ], [ 79.079708729175479, 14.510587985448012 ], [ 79.079144404591602, 14.510286640616812 ], [ 79.078793181561082, 14.510826571989583 ], [ 79.078701776266939, 14.511737013253423 ], [ 79.078838339218976, 14.512702059553249 ], [ 79.078426018946573, 14.514632925569913 ], [ 79.078333983227708, 14.515735115783798 ], [ 79.078151017056769, 14.516700189063329 ], [ 79.077830460908046, 14.517619367240854 ], [ 79.07782991142227, 14.518860377705096 ], [ 79.078378738888659, 14.519457985298629 ], [ 79.078744244052587, 14.520561364416267 ], [ 79.078835484770764, 14.521847866186931 ], [ 79.077592416657694, 14.522812687656256 ], [ 79.076677267442903, 14.522629302401242 ], [ 79.075441883137387, 14.522582811948041 ], [ 79.075159542779659, 14.522076909122916 ], [ 79.076037113822736, 14.521066467744163 ], [ 79.076037325163384, 14.519365588052324 ], [ 79.076037905226144, 14.518308977278309 ], [ 79.075221881085952, 14.518132113007482 ], [ 79.074215348160749, 14.51842192043614 ], [ 79.073445092318138, 14.518312196851241 ], [ 79.072575700609093, 14.517951019224995 ], [ 79.07252272064801, 14.516670509637152 ], [ 79.072492378421487, 14.516070098856801 ], [ 79.072020028402562, 14.514428413441351 ], [ 79.071142847665271, 14.514468200348006 ], [ 79.070738658163521, 14.514468032174818 ], [ 79.070204865563085, 14.514498396884335 ], [ 79.066369102353178, 14.514406853993989 ], [ 79.065590877617865, 14.514406765860429 ], [ 79.062380538931734, 14.514346129071441 ], [ 79.062136581638924, 14.514326999592186 ], [ 79.062083366954823, 14.51418907866389 ], [ 79.06174777863805, 14.513245448819248 ], [ 79.061679601033745, 14.512108476425908 ], [ 79.061923737291636, 14.510936371117509 ], [ 79.06230562090866, 14.509730417125922 ], [ 79.061962752579973, 14.509006758755788 ], [ 79.061444806033933, 14.507661608597232 ], [ 79.061612713057229, 14.506455458553432 ], [ 79.062368025764783, 14.505990405633554 ], [ 79.062734400573106, 14.504767347435973 ], [ 79.061979667028993, 14.50362939118429 ], [ 79.061842596859321, 14.502974300724247 ], [ 79.061980250688976, 14.502456830818915 ], [ 79.062910752230437, 14.502044235354049 ], [ 79.06428398641782, 14.501043894261159 ], [ 79.064977745927195, 14.501079442663013 ], [ 79.065351482585811, 14.501664786201786 ], [ 79.065801068065809, 14.50145890890235 ], [ 79.065557553239501, 14.500837950411949 ], [ 79.065115331408379, 14.500321009307982 ], [ 79.065321218600332, 14.499390095877061 ], [ 79.065047533317966, 14.497597438571802 ], [ 79.063598226378019, 14.497563129435719 ], [ 79.062705809326644, 14.498183086980703 ], [ 79.062431425271029, 14.499182396551191 ], [ 79.061736776332168, 14.500043932682217 ], [ 79.060882966276836, 14.500009785424083 ], [ 79.060394791787189, 14.499940975596417 ], [ 79.060463491897622, 14.49966498984827 ], [ 79.061325469595715, 14.498768740785636 ], [ 79.061371630897042, 14.498484634159411 ], [ 79.061501026252358, 14.497735182333656 ], [ 79.062736988821939, 14.496839412609631 ], [ 79.063187443047013, 14.496046419207744 ], [ 79.062432533235778, 14.495115489589011 ], [ 79.061395192235295, 14.495115353791391 ], [ 79.060297275599794, 14.495390706416799 ], [ 79.059229005115469, 14.496458770057018 ], [ 79.057642476919739, 14.497388740099154 ], [ 79.056681705996937, 14.497630220659005 ], [ 79.056437309834962, 14.49790577832988 ], [ 79.055926365410414, 14.498284740948861 ], [ 79.055713075898723, 14.497905566089855 ], [ 79.055994905441537, 14.497595839577173 ], [ 79.056064073199423, 14.497147904353142 ], [ 79.055438490394977, 14.497078429926432 ], [ 79.055026840117534, 14.497319691051757 ], [ 79.054683855776318, 14.497043440902928 ], [ 79.054958219147466, 14.496664641960535 ], [ 79.055751408601623, 14.496423376338612 ], [ 79.056750483449036, 14.496423765745021 ], [ 79.057680946319579, 14.496321162092784 ], [ 79.05843606387424, 14.49587365764404 ], [ 79.058680504102938, 14.494977031765472 ], [ 79.058055228866692, 14.494321569885415 ], [ 79.057163176040717, 14.494287067395078 ], [ 79.056820118854375, 14.494080393296372 ], [ 79.057026085186692, 14.493390451409027 ], [ 79.057574999887322, 14.493287853152765 ], [ 79.0584368732641, 14.49363261995029 ], [ 79.059023855367627, 14.493736246131675 ], [ 79.059985027388109, 14.493942741265357 ], [ 79.06050374555241, 14.493598342290511 ], [ 79.061052564025601, 14.493012683989036 ], [ 79.060885371963309, 14.492047360697995 ], [ 79.060092310212951, 14.491599704263763 ], [ 79.060260300873153, 14.491185452247692 ], [ 79.060916413862401, 14.491151107138705 ], [ 79.061914869076929, 14.491461434398502 ], [ 79.062806876936804, 14.492116416040631 ], [ 79.064637258103971, 14.492565886407363 ], [ 79.065842408101616, 14.492910262899159 ], [ 79.066559362025941, 14.492324377968544 ], [ 79.066490968584333, 14.491393871930484 ], [ 79.065598627075985, 14.490773406268545 ], [ 79.065050129660733, 14.490153148349975 ], [ 79.065049897635674, 14.489498142426157 ], [ 79.064462673614457, 14.489359460671437 ], [ 79.063669922130202, 14.489187849340624 ], [ 79.063807237814729, 14.488704882824948 ], [ 79.064219302679646, 14.488601622667602 ], [ 79.065149340170876, 14.488601928437106 ], [ 79.06566816175723, 14.488429469944947 ], [ 79.066492538800617, 14.486464957592545 ], [ 79.066599711908168, 14.485361790714933 ], [ 79.067186959311698, 14.484568871057377 ], [ 79.067942268421916, 14.484155840320625 ], [ 79.069254057329886, 14.484190607211588 ], [ 79.070626733937615, 14.483914803126538 ], [ 79.071587480578728, 14.483914785140087 ], [ 79.072281836338675, 14.483260244165763 ], [ 79.072244272556134, 14.481572069196488 ], [ 79.07213000469693, 14.480832913708866 ], [ 79.072076587665379, 14.480468743138829 ], [ 79.071657268868819, 14.480295925817188 ], [ 79.07162718564706, 14.479916688005574 ], [ 79.071871024229381, 14.479572104669728 ], [ 79.072489149855357, 14.479193484692416 ], [ 79.072695431849695, 14.478710555948226 ], [ 79.072588355868902, 14.478194324409401 ], [ 79.071696127675125, 14.478124247436938 ], [ 79.070529774430554, 14.477917694746679 ], [ 79.069942445188701, 14.477607641780082 ], [ 79.068836595633343, 14.477503427442059 ], [ 79.068837058784197, 14.476710984425267 ], [ 79.069043156417536, 14.475815147252092 ], [ 79.069836310798109, 14.475504825388214 ], [ 79.070766740393765, 14.475642556559592 ], [ 79.071559826425812, 14.475401234280412 ], [ 79.071941257683875, 14.474540313285672 ], [ 79.071629210920321, 14.47374738013832 ], [ 79.072353620224362, 14.473781476135059 ], [ 79.073215365897397, 14.47388522102699 ], [ 79.07462636441619, 14.474092212586413 ], [ 79.075624812436104, 14.474334032190711 ], [ 79.076135934027093, 14.474919991765034 ], [ 79.076066884979753, 14.475609453414393 ], [ 79.075693136629923, 14.476642966000952 ], [ 79.075105366720265, 14.47774643325215 ], [ 79.074998180122918, 14.478297545895884 ], [ 79.074624853555122, 14.478539181139126 ], [ 79.074349968577167, 14.478297500929784 ], [ 79.074037840874666, 14.477884106866895 ], [ 79.073419848348294, 14.477814752949314 ], [ 79.073175687808714, 14.478194404449084 ], [ 79.073175563702307, 14.478952347673555 ], [ 79.073487879363142, 14.479469820276847 ], [ 79.074036826439396, 14.479607008257688 ], [ 79.074418135389635, 14.479814555598125 ], [ 79.074929079814183, 14.48029644202802 ], [ 79.075996620048954, 14.480469294423244 ], [ 79.076241159203107, 14.479986698428263 ], [ 79.07665305859274, 14.479712026589596 ], [ 79.077102916567355, 14.47947049476835 ], [ 79.077240192681757, 14.478987521957436 ], [ 79.076760368397288, 14.478401272801364 ], [ 79.076546854055039, 14.477609211996366 ], [ 79.076928599176483, 14.47671264907035 ], [ 79.077103869848713, 14.475885540785953 ], [ 79.076692210578017, 14.475264822414488 ], [ 79.076548083428293, 14.474368730733204 ], [ 79.077066342039018, 14.474127234884804 ], [ 79.078202970891368, 14.4741621042985 ], [ 79.079133332138554, 14.4743693710505 ], [ 79.079514213910841, 14.475058255335057 ], [ 79.080025148442814, 14.475541259622275 ], [ 79.080093263094625, 14.476196289827783 ], [ 79.080611805891124, 14.476609786413349 ], [ 79.081267561849472, 14.476919843876544 ], [ 79.081717639258613, 14.47640397386516 ], [ 79.082198411428521, 14.476265646443267 ], [ 79.082640241155161, 14.476886053649309 ], [ 79.084096932428452, 14.476920864607052 ], [ 79.085385759845906, 14.477050920964075 ], [ 79.086339121254412, 14.477030973101762 ], [ 79.087017651644317, 14.476887011427266 ], [ 79.08732291931824, 14.476542380427361 ], [ 79.087948569571836, 14.476410961597423 ], [ 79.088390730248989, 14.477060205564896 ], [ 79.089663947234385, 14.477749508034208 ], [ 79.091494234872016, 14.478577146918667 ], [ 79.093278552763991, 14.478922452410075 ], [ 79.094826698794122, 14.479163875413349 ], [ 79.095207798202296, 14.478956775036011 ], [ 79.095276438058136, 14.478681344169559 ], [ 79.09482659357343, 14.478233413442126 ], [ 79.090046368645972, 14.474957503386918 ], [ 79.082856186364893, 14.470681864677147 ], [ 79.077312803044435, 14.468026270996461 ], [ 79.074041313157068, 14.467267851131282 ], [ 79.071082799032922, 14.466026266899576 ], [ 79.068223543982356, 14.464094885571342 ], [ 79.066263630762933, 14.462647672253127 ], [ 79.064853062120108, 14.46209559733478 ], [ 79.063953446895027, 14.461647016397535 ], [ 79.061788490047775, 14.459199054593569 ], [ 79.059310250768419, 14.457027146886162 ], [ 79.05497191582225, 14.454097149364827 ], [ 79.052348940552122, 14.452901274974693 ], [ 79.051189859225587, 14.452372275760752 ], [ 79.049565996574472, 14.451888901852215 ], [ 79.047331324282197, 14.451751314572334 ], [ 79.044745714044439, 14.45181928443327 ], [ 79.04412820085679, 14.452197821672996 ], [ 79.043441545091298, 14.452267220555825 ], [ 79.043454611450301, 14.452108891083059 ], [ 79.043441545091298, 14.452267220555825 ], [ 79.043060827894976, 14.45235884618387 ], [ 79.042274887875806, 14.452621569629798 ], [ 79.041779013390794, 14.452811656632718 ], [ 79.041588401183844, 14.453168869148044 ], [ 79.041084672020077, 14.453645419900283 ], [ 79.040344377990721, 14.454430176411563 ], [ 79.038567321224946, 14.455882927754942 ], [ 79.037728333795599, 14.456550390188397 ], [ 79.037186475175758, 14.456883051211889 ], [ 79.036538337374452, 14.457167871000479 ], [ 79.035615346970758, 14.457572356379217 ], [ 79.034753902570628, 14.457906166736279 ], [ 79.03366306449891, 14.458335170331907 ], [ 79.033021935114277, 14.458739288787172 ], [ 79.03244981610618, 14.459144012486263 ], [ 79.031542383973886, 14.459620391467922 ], [ 79.031046683957356, 14.459976612930404 ], [ 79.030497096563806, 14.460452739202594 ], [ 79.029094140682105, 14.461452615345991 ], [ 79.028361456715913, 14.462096109947538 ], [ 79.027217178230273, 14.462905529466639 ], [ 79.026309775775587, 14.463500573093029 ], [ 79.025005339724714, 14.463691416425775 ], [ 79.024974555031747, 14.46369623049668 ], [ 79.023960394056985, 14.46385684401821 ], [ 79.021558197852585, 14.463904047633719 ], [ 79.019583010547535, 14.463999075397055 ], [ 79.018583790909304, 14.463737620894562 ], [ 79.018469779356906, 14.463711179927088 ], [ 79.017988894771747, 14.463593897540363 ], [ 79.015372952200039, 14.463736347454528 ], [ 79.012802964085608, 14.463926079225246 ], [ 79.010736410157278, 14.464053559923912 ], [ 79.008898316404213, 14.465116697077974 ], [ 79.007594085398807, 14.465901985088578 ], [ 79.004710709631581, 14.467592163747383 ], [ 79.001308613002152, 14.469544436326714 ], [ 78.999241283858225, 14.470733738471324 ], [ 78.998219596457261, 14.470948417435579 ], [ 78.997456478533707, 14.471853207359686 ], [ 78.996579148508943, 14.473305747362417 ], [ 78.995815995511862, 14.474520241316156 ], [ 78.995503129465931, 14.474852585778251 ], [ 78.993818219035632, 14.475091261352702 ], [ 78.991751035581899, 14.475210075284792 ], [ 78.990888931079382, 14.475352112410121 ], [ 78.98882245539204, 14.475518377271328 ], [ 78.986869781715086, 14.475733116490176 ], [ 78.984140011052716, 14.475993405471343 ], [ 78.981119427519616, 14.476397980782224 ], [ 78.978313414132799, 14.476683504739981 ], [ 78.976787861770447, 14.47687318524936 ], [ 78.974408134228042, 14.477039868295321 ], [ 78.971914398730576, 14.477300438764303 ], [ 78.969961569470911, 14.477466981516045 ], [ 78.968940022364222, 14.477538534275993 ], [ 78.967178277455616, 14.477799473466973 ], [ 78.96479923070001, 14.478014092176636 ], [ 78.962800699692593, 14.478227061529708 ], [ 78.960947035976972, 14.478393859688936 ], [ 78.959589759359972, 14.478513171845464 ], [ 78.958468915408162, 14.478655543518585 ], [ 78.956806082434809, 14.478821784997422 ], [ 78.95521226703255, 14.478988643411242 ], [ 78.953641307900114, 14.479130832521946 ], [ 78.952451659516555, 14.479249370362197 ], [ 78.951742282380508, 14.479368344373654 ], [ 78.95043057890814, 14.479391937188211 ], [ 78.948386642929279, 14.479558576167392 ], [ 78.946243293193504, 14.479748019255737 ], [ 78.944588582896813, 14.479971884794679 ], [ 78.94524384422806, 14.48101046685963 ], [ 78.945648067904074, 14.481677119903225 ], [ 78.945647638927426, 14.48208121227816 ], [ 78.945243605907763, 14.482533590153139 ], [ 78.944816028636865, 14.483201081364882 ], [ 78.944366167065027, 14.483533787354474 ], [ 78.943351853205513, 14.483513159604684 ], [ 78.943221948833923, 14.483510270982265 ], [ 78.942917840386087, 14.48262863680219 ], [ 78.942795410280041, 14.482034085104999 ], [ 78.94251370664233, 14.481295080703489 ], [ 78.942247529799715, 14.480270809550291 ], [ 78.941110640143961, 14.48027108384349 ], [ 78.940348002458393, 14.480318317136664 ], [ 78.939303162011356, 14.481651530593695 ], [ 78.938181731701604, 14.482627412824911 ], [ 78.936968298947875, 14.484056270080828 ], [ 78.934970267963536, 14.486056609624882 ], [ 78.932757463586142, 14.488485040852026 ], [ 78.931162615762162, 14.490175972243378 ], [ 78.930285765975384, 14.491104908964417 ], [ 78.929614156767968, 14.491865628396056 ], [ 78.929049609152173, 14.492532952333931 ], [ 78.928165095342933, 14.493472547819863 ], [ 78.927783384395752, 14.493949406140246 ], [ 78.926478859311942, 14.49530615575452 ], [ 78.924975796295996, 14.496853779278524 ], [ 78.924594454070871, 14.49723229583384 ], [ 78.923381395435115, 14.498425977676789 ], [ 78.921932259366315, 14.499615761857967 ], [ 78.921520528149927, 14.499956689449732 ], [ 78.920574298365239, 14.500734609314804 ], [ 78.919765252964112, 14.501305818209005 ], [ 78.919551740420559, 14.501782533537153 ], [ 78.919216399417337, 14.50237792969773 ], [ 78.918621052719459, 14.502925692366887 ], [ 78.917385916626813, 14.504115747243986 ], [ 78.916248572813458, 14.505211190743921 ], [ 78.914814338510951, 14.506587013180138 ], [ 78.913937713554674, 14.50682920510377 ], [ 78.912846709108408, 14.50704395871179 ], [ 78.911413206854093, 14.507281502939065 ], [ 78.91015465781129, 14.507543281197513 ], [ 78.90885073707193, 14.507758283018404 ], [ 78.907470473783405, 14.508066945633061 ], [ 78.906493408044412, 14.508256734960412 ], [ 78.905586506512122, 14.508566993871739 ], [ 78.904205601107662, 14.509291600127312 ], [ 78.904128914118132, 14.509302748123389 ], [ 78.903709664569419, 14.509518669051374 ], [ 78.902733579990809, 14.510018730779848 ], [ 78.90092611354936, 14.510874953716211 ], [ 78.899239977343143, 14.511779775116565 ], [ 78.897783279774615, 14.51230355466538 ], [ 78.897028591196602, 14.512588646948529 ], [ 78.896189083059767, 14.512827158846335 ], [ 78.895190496544217, 14.513135946466832 ], [ 78.894030377400043, 14.513469769414371 ], [ 78.893458181949597, 14.513779175768377 ], [ 78.892695967844702, 14.514469980105559 ], [ 78.891955670218067, 14.515231635731482 ], [ 78.890887504954435, 14.51635077546797 ], [ 78.88995698362794, 14.517279051187302 ], [ 78.889766098027053, 14.517921550239407 ], [ 78.889354374904542, 14.519126010457057 ], [ 78.888957754097135, 14.51927994561305 ], [ 78.887958097388321, 14.519516912475581 ], [ 78.887508651303278, 14.519731950269318 ], [ 78.887340600388427, 14.519945128265078 ], [ 78.887218190067472, 14.52029381700612 ], [ 78.88691274522705, 14.521136434998539 ], [ 78.886211256044703, 14.521201572894313 ], [ 78.885891288951882, 14.521231324266239 ], [ 78.885204422745971, 14.521517019095199 ], [ 78.884151193422895, 14.522469541436237 ], [ 78.883129927803964, 14.523647869153876 ], [ 78.882205972427755, 14.524957107584498 ], [ 78.881610947687136, 14.525861969454354 ], [ 78.881039457305178, 14.526385555648915 ], [ 78.88017719811927, 14.527266399324901 ], [ 78.879589510947255, 14.527552452084024 ], [ 78.878941207670664, 14.527576249044728 ], [ 78.877995367292442, 14.527648081493794 ], [ 78.877934414841434, 14.527651458448076 ], [ 78.877934310520061, 14.527256396165797 ], [ 78.877881237928818, 14.527225937027424 ], [ 78.877757359914312, 14.527007836142786 ], [ 78.877568808953413, 14.526675872993167 ], [ 78.877454247915239, 14.526517916068997 ], [ 78.877263785895082, 14.526255304138999 ], [ 78.876928801023382, 14.526335200808944 ], [ 78.87679137022559, 14.526385890196707 ], [ 78.876539293853398, 14.526645171037842 ], [ 78.876264753315752, 14.526946061711442 ], [ 78.875662193155733, 14.52784687933007 ], [ 78.874685720969296, 14.529236974007176 ], [ 78.874273709164413, 14.529707238498304 ], [ 78.873701224132219, 14.530558035824754 ], [ 78.873152069312596, 14.531268891446246 ], [ 78.873091103371792, 14.531269049726916 ], [ 78.872511225912376, 14.531889005473261 ], [ 78.87237404782411, 14.532029558717227 ], [ 78.87175593388929, 14.532569632182856 ], [ 78.871291596829792, 14.532895103126577 ], [ 78.871199081772261, 14.53295995054134 ], [ 78.870874305105133, 14.533208862199274 ], [ 78.870389849312176, 14.533580149104637 ], [ 78.870295477154627, 14.533524854288657 ], [ 78.870252569600439, 14.533499713740866 ], [ 78.870170897668856, 14.533562193240698 ], [ 78.870161356761287, 14.533569491239064 ], [ 78.870021356600375, 14.533412520871195 ], [ 78.869955797821888, 14.53333927019122 ], [ 78.869406518895801, 14.53356907035635 ], [ 78.868513765497937, 14.533839747406489 ], [ 78.867866110632576, 14.533969770488568 ], [ 78.867110791629784, 14.534189757251568 ], [ 78.866843877343115, 14.534249376907269 ], [ 78.866195766521457, 14.534309307728392 ], [ 78.865778942444308, 14.534337783861702 ], [ 78.865455496773791, 14.534359878405724 ], [ 78.864921921809298, 14.534389094681046 ], [ 78.864851247687, 14.534233822233148 ], [ 78.864662586109546, 14.533819325601428 ], [ 78.864807466891136, 14.533318264726176 ], [ 78.865074762490337, 14.532817809094638 ], [ 78.865188715586839, 14.53237744346427 ], [ 78.865258292536225, 14.532108565058309 ], [ 78.865218960686548, 14.531754213286376 ], [ 78.86519712424797, 14.531557492884019 ], [ 78.865194942492678, 14.531432593239629 ], [ 78.865182776463996, 14.530736145656647 ], [ 78.865213553063086, 14.530675965723276 ], [ 78.865021909333734, 14.53028420575157 ], [ 78.864969107438412, 14.53017626732094 ], [ 78.864892620997693, 14.529475841137184 ], [ 78.864717758617701, 14.528864903792339 ], [ 78.864697955546262, 14.528768728494072 ], [ 78.864565104096357, 14.528123619609403 ], [ 78.864329246097896, 14.527233461654987 ], [ 78.864154078847719, 14.52665304100509 ], [ 78.864101281449052, 14.526653101259683 ], [ 78.864055322495176, 14.526032657181418 ], [ 78.863952442751099, 14.525767108964942 ], [ 78.863826311934815, 14.5254415471897 ], [ 78.863794475035036, 14.524819723551445 ], [ 78.863781236115187, 14.524561129792346 ], [ 78.863750877700909, 14.524348764783724 ], [ 78.863689649158061, 14.523920468954543 ], [ 78.863690005289584, 14.52364817672202 ], [ 78.863690511607899, 14.523259781114064 ], [ 78.863667374749582, 14.5226192120071 ], [ 78.863665230765832, 14.522581788518778 ], [ 78.863629374795892, 14.521958716621498 ], [ 78.8636295393718, 14.52178302776457 ], [ 78.863629730028094, 14.521578354657379 ], [ 78.863691257145831, 14.520827820047884 ], [ 78.8636951593042, 14.52070874801035 ], [ 78.863721432098487, 14.519906865709345 ], [ 78.863721771142878, 14.519761946256835 ], [ 78.863722132670318, 14.519607327616143 ], [ 78.863664747829887, 14.518941576592511 ], [ 78.863660846570895, 14.518896311015965 ], [ 78.863523900507687, 14.518266521183079 ], [ 78.863642563353665, 14.517680646144981 ], [ 78.863692416371975, 14.517434495405666 ], [ 78.863692119595726, 14.516986640221319 ], [ 78.863692059341133, 14.516894746595312 ], [ 78.863697756546287, 14.516824226257086 ], [ 78.863784207475248, 14.515753968271042 ], [ 78.863868258113655, 14.515013258754948 ], [ 78.863894975173025, 14.514917397320062 ], [ 78.863982623998936, 14.51460290350127 ], [ 78.864014895271282, 14.514276327290702 ], [ 78.864113132714976, 14.513282202311814 ], [ 78.864145789796396, 14.512674414392734 ], [ 78.864158840757966, 14.512431482327088 ], [ 78.864304058785365, 14.512010684145821 ], [ 78.864479335752776, 14.511370320084268 ], [ 78.864469644658413, 14.51099988303821 ], [ 78.864464679501395, 14.510810090113637 ], [ 78.864474821156136, 14.510370034749371 ], [ 78.864480149639235, 14.510138807360136 ], [ 78.864571331901516, 14.509438295740779 ], [ 78.864571882286612, 14.509104029427476 ], [ 78.864572235720175, 14.508888387289289 ], [ 78.864596432879125, 14.508375488637967 ], [ 78.864602485316482, 14.5082472012474 ], [ 78.864755425822295, 14.507577800774925 ], [ 78.86480855956745, 14.507278206923786 ], [ 78.864885209684758, 14.506846008936236 ], [ 78.864961937143732, 14.506038710018515 ], [ 78.865061074808807, 14.504995610658966 ], [ 78.865320794519107, 14.503113235187698 ], [ 78.865397391576437, 14.503053494123492 ], [ 78.865299811537113, 14.502206247320487 ], [ 78.865268301091305, 14.501932648373099 ], [ 78.865146952869623, 14.50102212077428 ], [ 78.865047379932719, 14.500311312816905 ], [ 78.865025361831044, 14.499099930517446 ], [ 78.865012832476282, 14.498512343170148 ], [ 78.865002121550731, 14.498010052921643 ], [ 78.865010424991169, 14.497836677121029 ], [ 78.865025632526965, 14.49751914179501 ], [ 78.865003035261907, 14.496768375160457 ], [ 78.864950248655134, 14.495617177290967 ], [ 78.865278274572745, 14.494956801515229 ], [ 78.865278249391736, 14.494430540736914 ], [ 78.865278243995817, 14.494326633967034 ], [ 78.865514843934932, 14.494046310788633 ], [ 78.865743396740413, 14.492894978920162 ], [ 78.865743986695691, 14.492258045772246 ], [ 78.865744100909581, 14.492134263985122 ], [ 78.865756232763999, 14.491978518493909 ], [ 78.865836043998286, 14.490953933477272 ], [ 78.865806229673808, 14.490904330470528 ], [ 78.865775564590706, 14.490853316427433 ], [ 78.865981491352784, 14.490623568423018 ], [ 78.86615656867076, 14.489943080209059 ], [ 78.866156654106362, 14.489562615722207 ], [ 78.866156688280569, 14.489412950547262 ], [ 78.866248279734407, 14.488843003401939 ], [ 78.86688905208814, 14.487711439531381 ], [ 78.867017306203763, 14.487416827025015 ], [ 78.867141418042081, 14.487131724849291 ], [ 78.867401088289625, 14.486690548030424 ], [ 78.867736733263712, 14.486250660839403 ], [ 78.86767549752625, 14.486109909744584 ], [ 78.867980963051082, 14.485729646705863 ], [ 78.868031985187997, 14.485193591411189 ], [ 78.868102908422543, 14.484448440143467 ], [ 78.868176295799458, 14.483936067595494 ], [ 78.868233302025317, 14.48353806632872 ], [ 78.86828671276163, 14.48318760592332 ], [ 78.868300028123883, 14.482991937727775 ], [ 78.868317344569846, 14.482737457467749 ], [ 78.868447042097387, 14.481896028379083 ], [ 78.868593037139021, 14.48159906864214 ], [ 78.868707004624639, 14.481367252197003 ], [ 78.86897409517843, 14.480706293660546 ], [ 78.869408696154437, 14.480165152699669 ], [ 78.869534735239881, 14.480091250910561 ], [ 78.86962991408933, 14.480035483051154 ], [ 78.869942842188493, 14.479315053247149 ], [ 78.870377810087916, 14.478744428012988 ], [ 78.870553311885885, 14.478134590538957 ], [ 78.870642776443049, 14.477962577211201 ], [ 78.870766832523373, 14.477724054521559 ], [ 78.87103066393405, 14.477506054360958 ], [ 78.87111776956948, 14.477434079818977 ], [ 78.871241605315902, 14.477198833359523 ], [ 78.871850416663449, 14.476042276429951 ], [ 78.873078508366518, 14.474061767836361 ], [ 78.873398949402031, 14.473630772242416 ], [ 78.873887622116115, 14.472850410717911 ], [ 78.87424410707996, 14.47220471637462 ], [ 78.874467746889081, 14.471799639242022 ], [ 78.874704396290895, 14.471279113440403 ], [ 78.875078221982392, 14.47072937496074 ], [ 78.875444308108399, 14.470199342425758 ], [ 78.875810531830609, 14.469588644300529 ], [ 78.876192082698537, 14.469028652650252 ], [ 78.876428746489523, 14.468617818957227 ], [ 78.87650512681023, 14.468408253538144 ], [ 78.876624570267779, 14.468262446454787 ], [ 78.876817513517494, 14.468026912212281 ], [ 78.877084777640448, 14.467286262051402 ], [ 78.877519674493442, 14.466717314052858 ], [ 78.878320925470405, 14.465475356602497 ], [ 78.878706463032927, 14.46501269048332 ], [ 78.878778828779957, 14.464925847449933 ], [ 78.879115584416752, 14.464525187787217 ], [ 78.879342925835431, 14.464254704990708 ], [ 78.879694209120487, 14.463694573046155 ], [ 78.880288973957022, 14.462914077522726 ], [ 78.880853996414885, 14.462033265322987 ], [ 78.881056215272167, 14.461614856640381 ], [ 78.881342596283844, 14.461022303236746 ], [ 78.881625209136132, 14.460542335060779 ], [ 78.881831126905013, 14.459901698504609 ], [ 78.882288617425786, 14.458811323583745 ], [ 78.882693453540128, 14.457880942551526 ], [ 78.883379793642632, 14.456639006684838 ], [ 78.883592677560102, 14.456170132545651 ], [ 78.883716034867177, 14.455898440160922 ], [ 78.884265370450521, 14.454668202675464 ], [ 78.884334045379944, 14.454528127870844 ], [ 78.884385721324065, 14.454452701730872 ], [ 78.884402905569686, 14.454427616941018 ], [ 78.885005333529364, 14.45310688967129 ], [ 78.885211660489801, 14.452946643073176 ], [ 78.885397089903847, 14.452562220670018 ], [ 78.885539746662062, 14.452266470521238 ], [ 78.885936433119923, 14.45168585022185 ], [ 78.886119596242452, 14.451405569311646 ], [ 78.88604289216579, 14.451246033177938 ], [ 78.886645942456312, 14.450675278441395 ], [ 78.887111271468086, 14.45001505285245 ], [ 78.887195138644813, 14.449805042268963 ], [ 78.887302223618804, 14.44953477800766 ], [ 78.887691326993206, 14.449073897942071 ], [ 78.888179231686252, 14.448533698571396 ], [ 78.888469281032542, 14.448293423103053 ], [ 78.888708739916467, 14.448096708096671 ], [ 78.888919528413567, 14.447923545435344 ], [ 78.889949415832916, 14.446943685502731 ], [ 78.89048379658999, 14.446452525263851 ], [ 78.89086533037073, 14.445993263977982 ], [ 78.891452386218702, 14.44551164104945 ], [ 78.892199679671535, 14.445012314067071 ], [ 78.892459283369305, 14.4447417925997 ], [ 78.892802577077305, 14.444511621913875 ], [ 78.893170097621976, 14.444266653783075 ], [ 78.893313409086602, 14.444171129593997 ], [ 78.89343141183025, 14.444064721809525 ], [ 78.893779145491237, 14.443751152493746 ], [ 78.893764777922229, 14.443575558065618 ], [ 78.893733162255671, 14.443191147353616 ], [ 78.893733336724154, 14.44295351679142 ], [ 78.893733627205165, 14.442560434816244 ], [ 78.893718635506673, 14.44237661698736 ], [ 78.893695618258221, 14.441949704315448 ], [ 78.893690028971719, 14.441886151025074 ], [ 78.893641947617823, 14.441339391999406 ], [ 78.89364222011244, 14.441111126976978 ], [ 78.893642579841242, 14.44080871465053 ], [ 78.893661316316752, 14.440030426962664 ], [ 78.893673185569128, 14.439537397033291 ], [ 78.893670573038548, 14.439268515929314 ], [ 78.893666589941233, 14.43885858065903 ], [ 78.893666174454438, 14.438316589838792 ], [ 78.893671251127387, 14.438164232093698 ], [ 78.893681873919377, 14.437845396347996 ], [ 78.89374238750122, 14.437825056381314 ], [ 78.894818288734029, 14.437491410600956 ], [ 78.895447506281414, 14.437256826953913 ], [ 78.894818288734029, 14.437491410600956 ], [ 78.89374238750122, 14.437825056381314 ], [ 78.893681873919377, 14.437845396347996 ], [ 78.893697043684597, 14.437165531365054 ], [ 78.893758331582717, 14.436275264592609 ], [ 78.893728067597237, 14.435494412038338 ], [ 78.893759277669517, 14.433522383152308 ], [ 78.893805749236947, 14.432040899368872 ], [ 78.893782911852895, 14.431270866558123 ], [ 78.893699736254803, 14.430109971298975 ], [ 78.89371482687875, 14.429089168830899 ], [ 78.893760935120042, 14.428548880427343 ], [ 78.89366950734285, 14.427627729137214 ], [ 78.893616861030296, 14.425636798300445 ], [ 78.893647922714422, 14.424414791410356 ], [ 78.893640434959082, 14.423674321113879 ], [ 78.893579793673496, 14.422973497429837 ], [ 78.893580046383022, 14.421873367562739 ], [ 78.89361856884284, 14.420771911195573 ], [ 78.89351204144856, 14.419740888831825 ], [ 78.893603960255518, 14.419481591802878 ], [ 78.893528160896892, 14.418223487025159 ], [ 78.893512852637002, 14.418020283410215 ], [ 78.893543529411318, 14.417118981057001 ], [ 78.893528230144682, 14.416518712369509 ], [ 78.893719346871364, 14.41579826278047 ], [ 78.893742304764544, 14.415197797141502 ], [ 78.893933640026432, 14.413946235830963 ], [ 78.894132121301311, 14.412845763322196 ], [ 78.894162958154993, 14.412154875348051 ], [ 78.894109256937668, 14.41213512623591 ], [ 78.89423212321492, 14.410664010736355 ], [ 78.894369885862545, 14.409492816441173 ], [ 78.894514515733306, 14.408952917444026 ], [ 78.894400720917531, 14.408292311441869 ], [ 78.89467546560121, 14.407101511026781 ], [ 78.894241302595049, 14.406200251840971 ], [ 78.893623619435459, 14.404769499713495 ], [ 78.893501907887696, 14.404769454747395 ], [ 78.893273263351432, 14.404288169064614 ], [ 78.893036797411241, 14.403778526858389 ], [ 78.89272469578907, 14.403127316073608 ], [ 78.892312967270584, 14.402527176888555 ], [ 78.892419742877792, 14.401495962069816 ], [ 78.892503818697264, 14.401266005422656 ], [ 78.892656596425752, 14.401005601328279 ], [ 78.892725130161637, 14.400765310571501 ], [ 78.892999685987718, 14.400215359851813 ], [ 78.893236501764136, 14.39961526833082 ], [ 78.893534389601371, 14.398993708193927 ], [ 78.893725212249706, 14.398243850773952 ], [ 78.894106653400343, 14.397272983162509 ], [ 78.894747464424938, 14.396271813794044 ], [ 78.894976903062627, 14.395542124570227 ], [ 78.895289535284803, 14.394951248402265 ], [ 78.895434493408118, 14.39432142259642 ], [ 78.895808382951486, 14.393520730997807 ], [ 78.896137178688832, 14.391858741588521 ], [ 78.89619084842991, 14.390917514732394 ], [ 78.896465448322772, 14.390247652008384 ], [ 78.896625572613061, 14.389777477449456 ], [ 78.896770869780823, 14.388886909404221 ], [ 78.896755736888736, 14.388496490321643 ], [ 78.897038448666478, 14.387315959264981 ], [ 78.897137761699298, 14.386954926429553 ], [ 78.897465850569517, 14.386324040323075 ], [ 78.89849597900718, 14.385273452308809 ], [ 78.899388479695574, 14.384533182561199 ], [ 78.899769830913954, 14.384133576903878 ], [ 78.89976253561349, 14.38354244532843 ], [ 78.899815843827128, 14.382861963409709 ], [ 78.899892564990864, 14.382272206897653 ], [ 78.899922735446864, 14.38221197840096 ], [ 78.900113523021673, 14.381631802366655 ], [ 78.90069354257389, 14.380730715850689 ], [ 78.901021573887533, 14.380160346923333 ], [ 78.901281015707298, 14.379439429686784 ], [ 78.901601708553017, 14.378678944978162 ], [ 78.901930069018476, 14.378018647443469 ], [ 78.902380152722856, 14.377128183719549 ], [ 78.902731243553035, 14.376227154760215 ], [ 78.903273058106151, 14.375546848209353 ], [ 78.903570615892193, 14.374666795936719 ], [ 78.903799824303405, 14.373555884996961 ], [ 78.904257759988639, 14.372404751878662 ], [ 78.904631594673333, 14.371203602964727 ], [ 78.904830476146515, 14.370622938598615 ], [ 78.905318828701979, 14.369442686331752 ], [ 78.905433461685902, 14.368997526415569 ], [ 78.905601133086805, 14.3683515164102 ], [ 78.905975090978643, 14.367421293658651 ], [ 78.905761609012018, 14.367330444145523 ], [ 78.905983165991302, 14.367140265411763 ], [ 78.906494308266701, 14.365939869230431 ], [ 78.907051415791216, 14.364378492374385 ], [ 78.907540051633077, 14.363338510964354 ], [ 78.907425426743032, 14.363327796441524 ], [ 78.908211834409599, 14.361667375449883 ], [ 78.908845288080556, 14.359775286401202 ], [ 78.909120396989692, 14.358533596948803 ], [ 78.909211829263484, 14.35837440885274 ], [ 78.908701318312183, 14.356893290194023 ], [ 78.908251750818636, 14.355801890945372 ], [ 78.907725669005401, 14.354770841601919 ], [ 78.906529030191564, 14.352558600200098 ], [ 78.905446850792487, 14.350716792246999 ], [ 78.904638997892448, 14.348965283421933 ], [ 78.903815690142949, 14.347424027997363 ], [ 78.90216215795823, 14.344000951983219 ], [ 78.900416723154251, 14.340448027355421 ], [ 78.899860798238251, 14.339396882660878 ], [ 78.899647270406206, 14.338746085564253 ], [ 78.899792813088823, 14.337315394590632 ], [ 78.899884418931777, 14.336003527441676 ], [ 78.899937683977896, 14.33589374899816 ], [ 78.90006773583832, 14.335413112625872 ], [ 78.900022124922089, 14.334943229447333 ], [ 78.900129301626976, 14.334432961312984 ], [ 78.900304812418142, 14.333812497449628 ], [ 78.900358105343287, 14.333132032618039 ], [ 78.900549085372973, 14.332471557916904 ], [ 78.900564721885416, 14.331790731557874 ], [ 78.900694325883421, 14.33123995885785 ], [ 78.900763100637562, 14.331199898557315 ], [ 78.900732588439212, 14.330669642091152 ], [ 78.900839526823688, 14.330068878776558 ], [ 78.900893187571512, 14.329408779992036 ], [ 78.900985128861578, 14.32885821143816 ], [ 78.901214205072506, 14.328097429053969 ], [ 78.901328464837775, 14.327517098336273 ], [ 78.90134385763389, 14.326916585033246 ], [ 78.901473962554292, 14.326316044750513 ], [ 78.901474190982128, 14.325725566982157 ], [ 78.901550857287191, 14.325024969027936 ], [ 78.901710883551402, 14.324444514203833 ], [ 78.90179483976101, 14.323824301251364 ], [ 78.901871422429167, 14.323813725224113 ], [ 78.902001078587887, 14.323313857749213 ], [ 78.902115833879634, 14.322343274323487 ], [ 78.902192096389115, 14.321852507088408 ], [ 78.901871842412561, 14.321613007734982 ], [ 78.901605321129637, 14.32167209139476 ], [ 78.900392786798648, 14.321441532201789 ], [ 78.898302959315117, 14.321341078828596 ], [ 78.897098058429663, 14.321271202404944 ], [ 78.895214484162068, 14.321170445060829 ], [ 78.892446220717488, 14.320959876897632 ], [ 78.890760840841097, 14.321079880632851 ], [ 78.889067423723588, 14.321248999042894 ], [ 78.888236433065913, 14.321438907080733 ], [ 78.887046749608771, 14.321749196569044 ], [ 78.885093952724731, 14.32223929021194 ], [ 78.883629411269283, 14.322628904401256 ], [ 78.882218838129859, 14.323009420149447 ], [ 78.881639004737281, 14.323168937397384 ], [ 78.881265455137623, 14.323268809808553 ], [ 78.880693221915635, 14.323309058067423 ], [ 78.880068366662783, 14.323058643642355 ], [ 78.880144417831616, 14.322818440119761 ], [ 78.880350635074706, 14.321528065868392 ], [ 78.880114729412242, 14.320245834078833 ], [ 78.880038367077987, 14.320066362673344 ], [ 78.879954855133462, 14.319906054021999 ], [ 78.879352277886312, 14.31912532827215 ], [ 78.878765367728533, 14.318455043766107 ], [ 78.878163173592554, 14.317694114792403 ], [ 78.877629841445014, 14.317053760623423 ], [ 78.8767226377405, 14.315871884180979 ], [ 78.876821823069633, 14.315691862390395 ], [ 78.876303499707717, 14.315001312561378 ], [ 78.875731369008463, 14.31436057707981 ], [ 78.874969115333386, 14.313449894797657 ], [ 78.874229735015263, 14.312568844277564 ], [ 78.873444278831357, 14.311718448948113 ], [ 78.87301790935004, 14.310877213213644 ], [ 78.872446597033786, 14.309095114848503 ], [ 78.871996849675838, 14.307994609964112 ], [ 78.871806287830907, 14.307263703957631 ], [ 78.871783561063467, 14.306212616819664 ], [ 78.871639433913742, 14.304521228572696 ], [ 78.87163971360286, 14.303430212435217 ], [ 78.871640005882568, 14.302450050330435 ], [ 78.871640573354739, 14.301499302351772 ], [ 78.871640626414774, 14.300598321955817 ], [ 78.871702307316639, 14.29894740859686 ], [ 78.871596122563972, 14.297956594921743 ], [ 78.871565529426618, 14.297666150773068 ], [ 78.870970579329764, 14.297725379223721 ], [ 78.870810592635735, 14.297735692648928 ], [ 78.869483534138794, 14.297785498003179 ], [ 78.868187116443266, 14.297785257884186 ], [ 78.867698789068868, 14.297785001577438 ], [ 78.866173513697674, 14.297844723755873 ], [ 78.864274913557381, 14.297874758414196 ], [ 78.862413766583018, 14.297923807438622 ], [ 78.86148344940267, 14.29792372290234 ], [ 78.860224796038494, 14.298023912774227 ], [ 78.859325065700205, 14.297923446810444 ], [ 78.858707703598611, 14.297853466964796 ], [ 78.857601444851753, 14.29778263456177 ], [ 78.856587441258398, 14.297752863404753 ], [ 78.855443306664256, 14.297592284956806 ], [ 78.854169898123303, 14.297552027704739 ], [ 78.852903801070568, 14.297421906596583 ], [ 78.850761275113712, 14.297401338202064 ], [ 78.849449380085787, 14.297440985713763 ], [ 78.848816448920957, 14.297530883744116 ], [ 78.848755419128281, 14.297550642748831 ], [ 78.847771229859347, 14.29755053213222 ], [ 78.846787571190418, 14.297610374819783 ], [ 78.845216844083097, 14.297750373181998 ], [ 78.843881834679905, 14.297839529271698 ], [ 78.84225754844806, 14.298059855079089 ], [ 78.841174726033785, 14.29812943562581 ], [ 78.840030916094861, 14.298159378553351 ], [ 78.839031557061674, 14.298279547763741 ], [ 78.838490248826929, 14.29824928917418 ], [ 78.838131993997308, 14.298108860036734 ], [ 78.837682098251207, 14.297869107074462 ], [ 78.836926829610491, 14.297418184302614 ], [ 78.836561149978081, 14.297157773913 ], [ 78.835920464858532, 14.296938180153745 ], [ 78.83460125384579, 14.296297260311178 ], [ 78.833541726570388, 14.295585956827267 ], [ 78.833206222789954, 14.295376178268839 ], [ 78.832565823654818, 14.294965408427686 ], [ 78.831528372037724, 14.294414375823635 ], [ 78.83099470983899, 14.294154544597404 ], [ 78.829546250959709, 14.293413894436526 ], [ 78.828745732030882, 14.292753224582498 ], [ 78.828212036557204, 14.292442483634545 ], [ 78.827311778316925, 14.292012138250413 ], [ 78.826419620270258, 14.291911606636177 ], [ 78.825527563847004, 14.291911180357545 ], [ 78.823742976158428, 14.291790973375555 ], [ 78.821874713748002, 14.291750228690944 ], [ 78.820105194200323, 14.291629575645231 ], [ 78.817893650672431, 14.291459229660575 ], [ 78.816681104650229, 14.291528514330309 ], [ 78.815682094554006, 14.291508308362609 ], [ 78.814797564556955, 14.291508478334435 ], [ 78.814324716313592, 14.291197747279057 ], [ 78.814035247929326, 14.291128101081824 ], [ 78.813737388870379, 14.291248406089892 ], [ 78.813516188022618, 14.291568003561338 ], [ 78.812898236865124, 14.292319114636257 ], [ 78.812181462805256, 14.292939145925686 ], [ 78.811067343983723, 14.294099837938006 ], [ 78.810403644313737, 14.294630469421463 ], [ 78.809823926933689, 14.295270536706767 ], [ 78.809015052403709, 14.296051389261038 ], [ 78.807497119097775, 14.297051331054945 ], [ 78.806162214015956, 14.298051977917282 ], [ 78.804804876245043, 14.298982256426825 ], [ 78.803416283435695, 14.299963114606896 ], [ 78.802645728118819, 14.300623296129061 ], [ 78.801837486711634, 14.301123596177888 ], [ 78.801356681266782, 14.301123264328055 ], [ 78.79935876359707, 14.301443551579496 ], [ 78.799480396903789, 14.301553374089792 ], [ 78.798718118947022, 14.301763416149583 ], [ 78.796994345213818, 14.30212378258733 ], [ 78.794912308557173, 14.302723710431735 ], [ 78.792891065171489, 14.303433392437967 ], [ 78.791663031924372, 14.304073620701899 ], [ 78.790488241240325, 14.30466404720886 ], [ 78.789252865028686, 14.305123765350345 ], [ 78.788939691414612, 14.305264243051226 ], [ 78.787833894019968, 14.30579427198893 ], [ 78.786941744966555, 14.306334387722643 ], [ 78.785644931569323, 14.306795157171621 ], [ 78.783913408378055, 14.307384403768083 ], [ 78.782075167136213, 14.308145054851252 ], [ 78.780732658286524, 14.308865500843012 ], [ 78.779901415818642, 14.30955609114153 ], [ 78.778490139409371, 14.310366315553892 ], [ 78.777521738638313, 14.311096218816317 ], [ 78.776285794055127, 14.311976658696665 ], [ 78.775324865750918, 14.312817485239577 ], [ 78.774546274092245, 14.31345769102046 ], [ 78.773524140627558, 14.314118025427376 ], [ 78.772647369081824, 14.314728939389909 ], [ 78.771861448847744, 14.315188635947663 ], [ 78.771174838948639, 14.31551869523247 ], [ 78.770908098231132, 14.315648310921688 ], [ 78.769496639259501, 14.316521259449416 ], [ 78.768803183720934, 14.316253971044773 ], [ 78.768277111800273, 14.315777432883067 ], [ 78.767758252442377, 14.315277212873923 ], [ 78.767232098683394, 14.315181882039099 ], [ 78.766523003934481, 14.31518138741194 ], [ 78.765524143125674, 14.314657568293001 ], [ 78.764830252315278, 14.314537883817138 ], [ 78.763785723033664, 14.314537891011696 ], [ 78.762809302108565, 14.31456121942557 ], [ 78.76242813884852, 14.31413253598862 ], [ 78.762451282901338, 14.313656543715354 ], [ 78.763122780592823, 14.312799789279723 ], [ 78.763572906565344, 14.312108737628989 ], [ 78.763618677560885, 14.311203693196717 ], [ 78.763497048750764, 14.309977366862825 ], [ 78.763497091018905, 14.309920242825797 ], [ 78.762261873087937, 14.310143952782028 ], [ 78.761956891398427, 14.310167962882019 ], [ 78.76145354714447, 14.310107353972057 ], [ 78.75985955187781, 14.309178636685601 ], [ 78.758769532189149, 14.30867816666489 ], [ 78.757290294012819, 14.308011917416877 ], [ 78.756176622154385, 14.307344339870212 ], [ 78.755154893384599, 14.307010839779309 ], [ 78.754697637586901, 14.30718654212609 ], [ 78.754224679626248, 14.307367738431253 ], [ 78.753629590134437, 14.307486585638287 ], [ 78.752866961442123, 14.307510379001656 ], [ 78.75232534114258, 14.307295511179746 ], [ 78.751563350968866, 14.30689058603258 ], [ 78.750632987023721, 14.306414348244402 ], [ 78.749847565913399, 14.30603349525046 ], [ 78.749588240106164, 14.306438038185775 ], [ 78.748611225628565, 14.307628675823594 ], [ 78.748207260057995, 14.308438381327107 ], [ 78.74787104221582, 14.309462016659609 ], [ 78.745903541416283, 14.309581327017497 ], [ 78.744401243723416, 14.309699225439772 ], [ 78.744714310318159, 14.308675355384196 ], [ 78.74485923336789, 14.308297346046515 ], [ 78.745232950241416, 14.307341975552561 ], [ 78.745683503391945, 14.306247136397076 ], [ 78.746255859821076, 14.305032521934208 ], [ 78.746950423324336, 14.303555607606029 ], [ 78.74744642461377, 14.302329453941979 ], [ 78.748209318606143, 14.300853245581663 ], [ 78.748591291256048, 14.299828957341333 ], [ 78.747508273688879, 14.299278164856275 ], [ 78.74742430219078, 14.299328763412575 ], [ 78.74668460171398, 14.299007761200073 ], [ 78.74590713061059, 14.298697674958589 ], [ 78.744259858606597, 14.297887630410685 ], [ 78.742788182829372, 14.297124642888832 ], [ 78.740981213713042, 14.296458271332995 ], [ 78.739196950679684, 14.295624705916282 ], [ 78.737580284403577, 14.294933135356757 ], [ 78.736200180295043, 14.29443292524013 ], [ 78.734964695265433, 14.294003779551645 ], [ 78.733714086336988, 14.293633289445609 ], [ 78.733752135753434, 14.294647222891854 ], [ 78.731799587981584, 14.294788613404648 ], [ 78.730182685183763, 14.294907474101478 ], [ 78.730060880106521, 14.294240502697903 ], [ 78.729275709907085, 14.294263973204636 ], [ 78.727445371008059, 14.294145297768125 ], [ 78.725805722557027, 14.294121357815243 ], [ 78.724120528840331, 14.294025664553601 ], [ 78.72314388668201, 14.294025049417371 ], [ 78.721527310338104, 14.293905732764188 ], [ 78.719766025882393, 14.29388103558216 ], [ 78.718316861035305, 14.293761755801256 ], [ 78.716745827259103, 14.293714711365681 ], [ 78.716669464924848, 14.294643173244708 ], [ 78.715860852097649, 14.294690668240605 ], [ 78.715365481232936, 14.294594965985766 ], [ 78.714602581844645, 14.294594860765073 ], [ 78.712939857689264, 14.294666162614135 ], [ 78.711056064886463, 14.294666120346051 ], [ 78.708493685036501, 14.294689447860605 ], [ 78.706251653591949, 14.294711600860524 ], [ 78.704093601739316, 14.294735183782564 ], [ 78.702400705329296, 14.29475857335035 ], [ 78.701424324873699, 14.295044614418259 ], [ 78.700310742048089, 14.295115970226675 ], [ 78.69969266858277, 14.295425025845134 ], [ 78.698907224090078, 14.295782079180469 ], [ 78.697953735877206, 14.296092100670762 ], [ 78.696786770194251, 14.296377231624774 ], [ 78.69531510520892, 14.296661951588646 ], [ 78.693888829007221, 14.296876442594623 ], [ 78.69314890639788, 14.296995844683352 ], [ 78.691959561085866, 14.297209447159105 ], [ 78.690868686141926, 14.297423523577606 ], [ 78.688817227334141, 14.297495026874856 ], [ 78.687413676101244, 14.29754230243617 ], [ 78.687344892353906, 14.29835149712477 ], [ 78.686109735576792, 14.298208255807197 ], [ 78.684897259701756, 14.298160267982837 ], [ 78.684202880559496, 14.298041443258853 ], [ 78.683798578642495, 14.299064813291352 ], [ 78.682853243683212, 14.298803040428822 ], [ 78.682204775830712, 14.29851728444595 ], [ 78.681350979265289, 14.298254784031883 ], [ 78.680496905708594, 14.2980171651609 ], [ 78.679734452384025, 14.29787384290438 ], [ 78.679048009758844, 14.297873295217244 ], [ 78.678330663730151, 14.297992886163627 ], [ 78.677331882961028, 14.298206180171917 ], [ 78.676378769765392, 14.298325504019658 ], [ 78.675402451363027, 14.298396500099273 ], [ 78.674022095444343, 14.298492009899178 ], [ 78.672527158702394, 14.298372488200641 ], [ 78.671055326443138, 14.298157052906504 ], [ 78.670574824069831, 14.297926226614891 ], [ 78.669766492730446, 14.297538607121851 ], [ 78.668752757134996, 14.297181016891273 ], [ 78.66827211356815, 14.297014096424277 ], [ 78.666815585971506, 14.296727531051545 ], [ 78.665892841982043, 14.296417850404339 ], [ 78.665580592871038, 14.29473920914802 ], [ 78.666153612999835, 14.293048027745158 ], [ 78.666351843363884, 14.292477214552662 ], [ 78.667061799663315, 14.290255285653757 ], [ 78.667298672996367, 14.289494850407891 ], [ 78.667833063645958, 14.287683349607732 ], [ 78.668122853987484, 14.286802445677154 ], [ 78.668283483696769, 14.285461462077649 ], [ 78.668283703131351, 14.284320671162902 ], [ 78.667918162893898, 14.283610324557685 ], [ 78.667468789653924, 14.281357850185486 ], [ 78.667331964999164, 14.280757422318061 ], [ 78.666882426283905, 14.279386698138467 ], [ 78.66688257107478, 14.27835506783299 ], [ 78.667470108959321, 14.277674758584112 ], [ 78.669392517751476, 14.275943782180661 ], [ 78.670056378400147, 14.275222998043773 ], [ 78.671765223387354, 14.273422405120755 ], [ 78.672718645050395, 14.272652685274068 ], [ 78.6744887365669, 14.270861214174545 ], [ 78.675197871785315, 14.270230828990407 ], [ 78.677051625433137, 14.268259247067419 ], [ 78.677814502338379, 14.2676893808611 ], [ 78.679821088573362, 14.26566850979475 ], [ 78.680560763869153, 14.264997713574473 ], [ 78.68146891276109, 14.264024995158252 ], [ 78.680699251370356, 14.262378283431872 ], [ 78.68019620209401, 14.26133054267126 ], [ 78.679654952315161, 14.260127422443418 ], [ 78.679296828786619, 14.259222624425433 ], [ 78.678725330310726, 14.258032188235745 ], [ 78.677895004252036, 14.255864489355531 ], [ 78.677254455829427, 14.254328873579482 ], [ 78.676705760563379, 14.253019342869209 ], [ 78.676393312702203, 14.252328255245629 ], [ 78.67611143459601, 14.251494968618772 ], [ 78.675608637129869, 14.250685332363048 ], [ 78.675441061057086, 14.250089680794986 ], [ 78.674922852808379, 14.248493725006256 ], [ 78.674496155074451, 14.247255629244762 ], [ 78.673832751281452, 14.247077151590133 ], [ 78.673809652194677, 14.247071249339513 ], [ 78.67379442667243, 14.247137257779059 ], [ 78.673421131580938, 14.247064258009971 ], [ 78.672284792310279, 14.246968937067663 ], [ 78.671049265911847, 14.246683076763418 ], [ 78.669905598965215, 14.246468327652053 ], [ 78.66873091619982, 14.24638388760718 ], [ 78.668144068994593, 14.246349305976537 ], [ 78.667335252920566, 14.246277836853551 ], [ 78.666595866307148, 14.246110396578388 ], [ 78.665741642563717, 14.24646714144626 ], [ 78.665024441325897, 14.246538608770607 ], [ 78.664246848814003, 14.246776834683999 ], [ 78.663384860324015, 14.246848435108063 ], [ 78.662431795691816, 14.247085896597696 ], [ 78.661577478418849, 14.247348172181262 ], [ 78.660509501113552, 14.247657347409529 ], [ 78.659442031925209, 14.247870939093389 ], [ 78.658297525011733, 14.248085391428503 ], [ 78.657389880639471, 14.248300132445991 ], [ 78.656489913779467, 14.248704419973876 ], [ 78.655109903200469, 14.249204191221281 ], [ 78.653393706255542, 14.249728033722647 ], [ 78.652043427263322, 14.250108204131152 ], [ 78.65215741633267, 14.251180079098219 ], [ 78.652638014933416, 14.251846439862163 ], [ 78.653133080927944, 14.252514087555937 ], [ 78.654040363772765, 14.254156726252745 ], [ 78.654368071330396, 14.254823694059098 ], [ 78.654680247596332, 14.25563358662157 ], [ 78.654916514786294, 14.256396280065132 ], [ 78.655061325420832, 14.257205495438086 ], [ 78.655197895567426, 14.258634496585614 ], [ 78.655297115070766, 14.259277504653994 ], [ 78.655678125446116, 14.259943916679276 ], [ 78.656554501290202, 14.261254784681398 ], [ 78.657057550566492, 14.26188574902892 ], [ 78.65778976598591, 14.26283817514252 ], [ 78.658765222837758, 14.264147843449052 ], [ 78.659718409777781, 14.265481586606768 ], [ 78.658505200955233, 14.266124580285975 ], [ 78.65717077431276, 14.266933671552522 ], [ 78.65612530883692, 14.267696105092 ], [ 78.654844081590056, 14.268409607418278 ], [ 78.653554755948221, 14.269172220822156 ], [ 78.652197294970165, 14.269814185676978 ], [ 78.651579692749578, 14.269981139418917 ], [ 78.651174835051563, 14.271195029028206 ], [ 78.650511228011737, 14.272647622990235 ], [ 78.649847199189878, 14.273933929608006 ], [ 78.64834504538851, 14.273551724932986 ], [ 78.647299939641471, 14.273266655132886 ], [ 78.646133421820934, 14.272861489866727 ], [ 78.645401628183549, 14.272530036632759 ], [ 78.644661781117293, 14.272193968977319 ], [ 78.643799977887625, 14.271785310744349 ], [ 78.642297767429, 14.271360077106749 ], [ 78.641374952393107, 14.272027055704882 ], [ 78.640543654167288, 14.272693330133905 ], [ 78.639711708429559, 14.273264574101688 ], [ 78.63918545034926, 14.273645710382084 ], [ 78.63871293665369, 14.273836263233818 ], [ 78.638049162339939, 14.273835827062612 ], [ 78.637286825927276, 14.273692917594929 ], [ 78.636478521567483, 14.273668845441705 ], [ 78.635929359553302, 14.274026534597738 ], [ 78.63528838575138, 14.27435946991443 ], [ 78.634647863409157, 14.274502368590277 ], [ 78.633549122095303, 14.275001680284163 ], [ 78.632382109647608, 14.275644466220001 ], [ 78.63105524900152, 14.276335272355766 ], [ 78.629102390064247, 14.277263565162229 ], [ 78.627577179444245, 14.278024578672216 ], [ 78.625799515636118, 14.278976815028841 ], [ 78.624464893840752, 14.279833779006537 ], [ 78.623015835113677, 14.280667989237145 ], [ 78.621772080817834, 14.281429216785796 ], [ 78.620681448690902, 14.282072212263643 ], [ 78.61961337695675, 14.282667374600521 ], [ 78.618896807042972, 14.282571844116148 ], [ 78.61830182816783, 14.282380932434933 ], [ 78.617707368201479, 14.282095568556485 ], [ 78.616853517676702, 14.281452165685721 ], [ 78.615946160188116, 14.280927510197273 ], [ 78.614688014940896, 14.280284180171634 ], [ 78.613406750821866, 14.279736737661153 ], [ 78.612430857798813, 14.279378727447181 ], [ 78.611546290030219, 14.279236642657793 ], [ 78.610692090568534, 14.278973851762714 ], [ 78.609860646652521, 14.279045007022319 ], [ 78.609311499027456, 14.279545157783673 ], [ 78.608884053057579, 14.280188611016456 ], [ 78.60852543040528, 14.281188579789955 ], [ 78.608098254232004, 14.282354641654251 ], [ 78.607815778975976, 14.283331128229861 ], [ 78.606862583942075, 14.283211456344475 ], [ 78.606077077396208, 14.283116818886924 ], [ 78.604673486593128, 14.282925990842671 ], [ 78.603674795756206, 14.282734536870237 ], [ 78.602935054809905, 14.282639828366257 ], [ 78.602149559055874, 14.282544610845946 ], [ 78.602126931213888, 14.28175536312034 ], [ 78.602081477679008, 14.280639516701171 ], [ 78.602012985312001, 14.279710626744873 ], [ 78.601868770028716, 14.279115164034465 ], [ 78.601678002238998, 14.278686600207266 ], [ 78.601586610434708, 14.278329268981452 ], [ 78.60122825757901, 14.277471266286739 ], [ 78.60077844726851, 14.276757042704219 ], [ 78.600275538286439, 14.276422872618298 ], [ 78.599558948587571, 14.27623282338692 ], [ 78.598704440658366, 14.275899847600726 ], [ 78.597896611140698, 14.275636953283595 ], [ 78.59699663438812, 14.275279711989981 ], [ 78.595044472425457, 14.274604819357762 ], [ 78.593359383929396, 14.273235502617183 ], [ 78.594084309444327, 14.271924029371291 ], [ 78.594534731293777, 14.270953954062577 ], [ 78.594962368819267, 14.269012512018662 ], [ 78.595161162158888, 14.268211583898335 ], [ 78.595680440600859, 14.266109968101375 ], [ 78.595856026035733, 14.265509565414959 ], [ 78.596306416408993, 14.263107426767192 ], [ 78.596421340773247, 14.262196978308737 ], [ 78.596757233060828, 14.260025463605132 ], [ 78.596986809294776, 14.259265035553824 ], [ 78.597361106231062, 14.256632433041204 ], [ 78.597597661204077, 14.255671300590905 ], [ 78.597934137151697, 14.253299582410648 ], [ 78.598102109825504, 14.252358618156563 ], [ 78.59858323183164, 14.250047325424589 ], [ 78.598934655410972, 14.249167213796738 ], [ 78.600643235098175, 14.247425471609063 ], [ 78.601185030765521, 14.246855138654553 ], [ 78.603038848265214, 14.244773942864015 ], [ 78.603809292965479, 14.244013268398476 ], [ 78.605968014813016, 14.243043952117546 ], [ 78.606540237243109, 14.242841569583618 ], [ 78.607226607922598, 14.242484911050667 ], [ 78.608111175691192, 14.241818236423342 ], [ 78.608607202161636, 14.241246251414225 ], [ 78.609629630603933, 14.240675541643782 ], [ 78.610918234090207, 14.239675659205147 ], [ 78.611871947133636, 14.238937338288395 ], [ 78.612817770424726, 14.238080153976796 ], [ 78.613298884337041, 14.237344542717324 ], [ 78.613772033853252, 14.236496859743113 ], [ 78.61425269090995, 14.235401535853043 ], [ 78.615435011617478, 14.235020895998389 ], [ 78.6157024430143, 14.233237181551544 ], [ 78.61641197123646, 14.231630829599965 ], [ 78.616725234782734, 14.230935221084451 ], [ 78.617022561443036, 14.230265454587936 ], [ 78.618037676598476, 14.227973586312828 ], [ 78.618304773447505, 14.227313101719119 ], [ 78.618534005241145, 14.226472348021275 ], [ 78.619777301782051, 14.225622364581284 ], [ 78.6204868093198, 14.224911306612341 ], [ 78.62223341683972, 14.223851347662389 ], [ 78.622935381763455, 14.22329007537752 ], [ 78.623012075048223, 14.221019013817283 ], [ 78.623164972386576, 14.219767382359635 ], [ 78.623363944691278, 14.218187096358236 ], [ 78.623706988387767, 14.218016092069831 ], [ 78.624096339075777, 14.217546409440104 ], [ 78.625469500418092, 14.215775375434077 ], [ 78.625995964443177, 14.215365443761073 ], [ 78.626034353803391, 14.214950170115117 ], [ 78.626011844671893, 14.214093085628235 ], [ 78.62593556687392, 14.213379068889765 ], [ 78.62608049442025, 14.212664078185526 ], [ 78.626210679380335, 14.212222097372717 ], [ 78.626653097263613, 14.211818597651018 ], [ 78.626790100883454, 14.211437773435364 ], [ 78.626767596248555, 14.211080652650821 ], [ 78.626508236267057, 14.21067626080162 ], [ 78.626096662432019, 14.210465889589955 ], [ 78.625250504707992, 14.210032451437314 ], [ 78.623130770269825, 14.209175020711484 ], [ 78.622276212877921, 14.208817829779889 ], [ 78.619829105429858, 14.20748283206791 ], [ 78.617426829185774, 14.206029529440059 ], [ 78.616405351326875, 14.205339624424994 ], [ 78.615330355712331, 14.204671748303383 ], [ 78.614239847691806, 14.204242931766714 ], [ 78.612028735838464, 14.203385516329377 ], [ 78.610572310764496, 14.202956609860507 ], [ 78.610122116443506, 14.202932984670383 ], [ 78.609481780260921, 14.203028294820797 ], [ 78.609008618154178, 14.202789499636538 ], [ 78.608147209726951, 14.202527757350992 ], [ 78.607010944200681, 14.202003383350302 ], [ 78.606385828144425, 14.201836428709044 ], [ 78.606172640256148, 14.201002693320504 ], [ 78.605913639104131, 14.200026495427267 ], [ 78.60548660592309, 14.198763395814922 ], [ 78.605319341915106, 14.19831135878303 ], [ 78.604556883194562, 14.197858402644044 ], [ 78.603801628043698, 14.197334261567789 ], [ 78.60332126506529, 14.197168332153637 ], [ 78.60246715103915, 14.196929270770056 ], [ 78.601445333236541, 14.196524336629693 ], [ 78.600637507316094, 14.196238837852945 ], [ 78.600065549286626, 14.195786277415607 ], [ 78.59928024239025, 14.195357933023047 ], [ 78.598350560131223, 14.193118184057823 ], [ 78.59804561081728, 14.192213296107582 ], [ 78.597489085154166, 14.191334465114323 ], [ 78.595376841169241, 14.190951349426086 ], [ 78.594598707265504, 14.190950636263722 ], [ 78.593790721265748, 14.190878891948159 ], [ 78.593218952093935, 14.190807505562759 ], [ 78.592600815676064, 14.190592515433082 ], [ 78.591883998448736, 14.190498021867086 ], [ 78.591335115224354, 14.190450072713531 ], [ 78.590717280079389, 14.190258832779762 ], [ 78.590313297421744, 14.189901997080369 ], [ 78.59007722088802, 14.189544764779896 ], [ 78.589551268577168, 14.18892528207698 ], [ 78.589574248953397, 14.187758215669987 ], [ 78.589719853689303, 14.186305208019803 ], [ 78.589865227299356, 14.185019605571199 ], [ 78.589910758175904, 14.184150277713968 ], [ 78.589888476572924, 14.183484364812443 ], [ 78.589339516006817, 14.182459685367007 ], [ 78.588745024564219, 14.181220716363839 ], [ 78.588272314816436, 14.180506810241923 ], [ 78.588013603246168, 14.179958731011482 ], [ 78.587914578895663, 14.179173196586589 ], [ 78.587724162740926, 14.17857780672125 ], [ 78.587655925781348, 14.177783566858977 ], [ 78.587632857271501, 14.177529939156216 ], [ 78.587121875974788, 14.177462040341766 ], [ 78.586916101198085, 14.177434299853928 ], [ 78.586130475941673, 14.177385963092547 ], [ 78.585558702273261, 14.177220107422841 ], [ 78.585146703058854, 14.176907852915917 ], [ 78.585085877412268, 14.176861930834264 ], [ 78.584292669072397, 14.176769389696403 ], [ 78.583469421577547, 14.176671419351351 ], [ 78.582447554312182, 14.176528249080263 ], [ 78.581540103294117, 14.176599565318554 ], [ 78.580350203100352, 14.176861148424109 ], [ 78.579541814204333, 14.177123023809372 ], [ 78.578641689063659, 14.177456264895568 ], [ 78.5778562121954, 14.17783659268548 ], [ 78.577260957228361, 14.178384753754244 ], [ 78.576757478076161, 14.178955995923332 ], [ 78.576474915585891, 14.179400193564902 ], [ 78.576284433780586, 14.179694984137029 ], [ 78.576329402580825, 14.181670425050925 ], [ 78.576397784331277, 14.182546678587187 ], [ 78.576428221885919, 14.182861470980924 ], [ 78.575497859739414, 14.182909319410385 ], [ 78.575520871591948, 14.182480880589026 ], [ 78.575353055400171, 14.181837656683342 ], [ 78.574880887943607, 14.180836986438635 ], [ 78.574713022289131, 14.180051240673095 ], [ 78.57457601956861, 14.1797889839753 ], [ 78.57360009416999, 14.179431936935202 ], [ 78.573310302929144, 14.179312186808829 ], [ 78.572791871648519, 14.178455212938559 ], [ 78.572357632199953, 14.177431208884059 ], [ 78.572060324425422, 14.17652863758741 ], [ 78.572007321081969, 14.176360073159685 ], [ 78.571900532884285, 14.176431268888791 ], [ 78.571099476160896, 14.177001991249767 ], [ 78.570649751285998, 14.176406505156933 ], [ 78.570367910051971, 14.175811770897383 ], [ 78.569864662924829, 14.175287509311943 ], [ 78.569033281961367, 14.175144146585922 ], [ 78.568415293032331, 14.175215826150293 ], [ 78.567843633577809, 14.175334967435674 ], [ 78.567179914122732, 14.175406128091197 ], [ 78.566890446637785, 14.175406271982695 ], [ 78.56586823942871, 14.175000596800942 ], [ 78.565182350785847, 14.174452216297595 ], [ 78.565464622795105, 14.173595172280216 ], [ 78.565937602339432, 14.172571169124978 ], [ 78.56634233683036, 14.171833702564186 ], [ 78.566128835078644, 14.170750522219691 ], [ 78.566098896647759, 14.17054149459517 ], [ 78.56608360907228, 14.170463841733749 ], [ 78.566152033090816, 14.169869077796534 ], [ 78.56672476813452, 14.169023780723762 ], [ 78.566678738134215, 14.168658478806606 ], [ 78.566587560368589, 14.167999711018695 ], [ 78.566016545727962, 14.165237340831482 ], [ 78.565536803281816, 14.163760373443324 ], [ 78.565277446897653, 14.162688559630169 ], [ 78.565064599852406, 14.161795416825896 ], [ 78.564828510728148, 14.160080829667379 ], [ 78.565865087304928, 14.161025076446947 ], [ 78.566917679008668, 14.161986466103372 ], [ 78.568800672314183, 14.163463340861313 ], [ 78.569776586920909, 14.16410714393038 ], [ 78.571507557029122, 14.165225989588578 ], [ 78.572224516349308, 14.16520235360656 ], [ 78.572743126595014, 14.16496497305593 ], [ 78.573361038182327, 14.16475019606554 ], [ 78.574413105581357, 14.164536882272159 ], [ 78.574269047679365, 14.163012228332548 ], [ 78.574291962405141, 14.162249551076798 ], [ 78.574345595273996, 14.161973030231991 ], [ 78.574414476148149, 14.16163107471516 ], [ 78.574620434386532, 14.161299136746607 ], [ 78.574841446376638, 14.160868960435039 ], [ 78.575123702198084, 14.160154995857226 ], [ 78.575123899149617, 14.159844509417439 ], [ 78.574757983894813, 14.159653781197903 ], [ 78.574201581438786, 14.159368169106585 ], [ 78.573553321329712, 14.158773300847997 ], [ 78.573126330416812, 14.15855869832609 ], [ 78.573103576669723, 14.157986669250249 ], [ 78.573317351815319, 14.157629936073533 ], [ 78.573507957727031, 14.157225437205 ], [ 78.573454894129043, 14.156817645019146 ], [ 78.573416566822061, 14.156534438614301 ], [ 78.573264388941368, 14.156137413111992 ], [ 78.573127025592726, 14.155760347163152 ], [ 78.572959368580996, 14.15554638675718 ], [ 78.572463816952563, 14.155402840569479 ], [ 78.571152082903268, 14.155354775403396 ], [ 78.570824091159864, 14.155188783936069 ], [ 78.570061666613583, 14.15499756198875 ], [ 78.569726473099252, 14.15490218259049 ], [ 78.569322276402943, 14.154425978077256 ], [ 78.568918018552722, 14.153759746815695 ], [ 78.568468359328278, 14.153163698646608 ], [ 78.567873657444295, 14.152448952557961 ], [ 78.567637829123498, 14.151687333804261 ], [ 78.566974133950112, 14.151567902937245 ], [ 78.565852896095237, 14.151615259437506 ], [ 78.565090551588639, 14.151662681588334 ], [ 78.56502197918195, 14.150710088200867 ], [ 78.564999806396941, 14.149847372159343 ], [ 78.565113993317141, 14.149590764103323 ], [ 78.565213436751662, 14.14916206267992 ], [ 78.565160259839104, 14.149057968851025 ], [ 78.564854910326858, 14.148400193914654 ], [ 78.564352459998986, 14.147328482624232 ], [ 78.564161542921852, 14.14663749572469 ], [ 78.563735193225568, 14.145494814434983 ], [ 78.56335402007295, 14.144399016602165 ], [ 78.562981004670633, 14.143493900224144 ], [ 78.563499405374216, 14.142831816635862 ], [ 78.564430002243796, 14.142017708950959 ], [ 78.565620120073447, 14.141136951609894 ], [ 78.566451735759983, 14.140565474717732 ], [ 78.567450923022648, 14.140017933281854 ], [ 78.567855147597982, 14.13975666403968 ], [ 78.568541738611316, 14.139113423046865 ], [ 78.569380813274904, 14.13839950343521 ], [ 78.569831056159273, 14.138113295093319 ], [ 78.5701896122618, 14.13804209936427 ], [ 78.570997741253734, 14.138376348590441 ], [ 78.571874227714432, 14.138852750954527 ], [ 78.572659789118973, 14.139138104940457 ], [ 78.573491590065828, 14.13835282682237 ], [ 78.574589625411875, 14.137470989395467 ], [ 78.575367879824796, 14.136709424601122 ], [ 78.576679900757767, 14.135400154694253 ], [ 78.577488901192794, 14.134876456983761 ], [ 78.578152316677063, 14.134329071130594 ], [ 78.5791516981933, 14.133661584415449 ], [ 78.58027251966206, 14.133591531724676 ], [ 78.58108108572452, 14.133495932891833 ], [ 78.581531331306849, 14.133305279316062 ], [ 78.581363772321197, 14.132543881795584 ], [ 78.581058507345233, 14.131876522784125 ], [ 78.580966982441282, 14.131833651202896 ], [ 78.580745905699985, 14.13173334441916 ], [ 78.579678555222131, 14.131638290575495 ], [ 78.579014949081625, 14.131614475628396 ], [ 78.578397308190176, 14.131423206916338 ], [ 78.577657758799489, 14.131066564571142 ], [ 78.576231536557145, 14.130875296758404 ], [ 78.576590607071864, 14.129387405305351 ], [ 78.576591313039671, 14.128053858199848 ], [ 78.576942068422682, 14.127122371001462 ], [ 78.576873836859079, 14.126381877322615 ], [ 78.576828175580829, 14.125886514551837 ], [ 78.576286817883329, 14.125070036254044 ], [ 78.576233347791742, 14.124990827565512 ], [ 78.575814627943714, 14.124278083367699 ], [ 78.575395372999026, 14.123561938833234 ], [ 78.574899711653359, 14.122748796120902 ], [ 78.574579379435818, 14.122282030891881 ], [ 78.574015344433576, 14.121476039588401 ], [ 78.573352232920172, 14.120826158001648 ], [ 78.572193358437744, 14.119618184132719 ], [ 78.571949457802191, 14.119149444891832 ], [ 78.571781720750778, 14.118749422848452 ], [ 78.571728702118889, 14.118632328420063 ], [ 78.571492274849561, 14.118412509830307 ], [ 78.57121018540272, 14.118089816892393 ], [ 78.570424580830718, 14.117424415705045 ], [ 78.568899982649043, 14.116068676928762 ], [ 78.568084313741053, 14.115206686640136 ], [ 78.567421106000211, 14.114812411264609 ], [ 78.566711568784854, 14.11471339141076 ], [ 78.565605858624451, 14.114737727964609 ], [ 78.564171978654883, 14.114812097401227 ], [ 78.562844896775573, 14.114860512403595 ], [ 78.562059511638154, 14.115007763798133 ], [ 78.561297291237963, 14.115007667570637 ], [ 78.56048124731268, 14.115007527276418 ], [ 78.559703275286893, 14.115017992687058 ], [ 78.559695095053598, 14.116337873694761 ], [ 78.559687592909086, 14.116530638878714 ], [ 78.559672057120736, 14.117447206324357 ], [ 78.559595562586139, 14.118039032176455 ], [ 78.559374087445178, 14.118752512919002 ], [ 78.559106894368654, 14.119270933407677 ], [ 78.558885766366018, 14.119565916434738 ], [ 78.558489287651469, 14.119713578819471 ], [ 78.557848603431296, 14.119615305402874 ], [ 78.557162209369437, 14.119467310268988 ], [ 78.556300423226958, 14.119467203249656 ], [ 78.555362273850847, 14.119318625355106 ], [ 78.55536294474507, 14.118097062730101 ], [ 78.555363178568825, 14.117446126238576 ], [ 78.555378524600201, 14.116547088378297 ], [ 78.554768360672313, 14.116462722077813 ], [ 78.554196542037744, 14.116463052129006 ], [ 78.553388026337302, 14.116510475179155 ], [ 78.552839107140073, 14.116677330894959 ], [ 78.552221346638817, 14.116938416675453 ], [ 78.551892931314683, 14.117105499020397 ], [ 78.551512069327543, 14.116914564856131 ], [ 78.551275559320572, 14.116509790795078 ], [ 78.550650233722308, 14.116628835852964 ], [ 78.549963594145538, 14.116890267872407 ], [ 78.549605088405087, 14.117105076339044 ], [ 78.54932274445008, 14.117533391053996 ], [ 78.549215852830343, 14.117712024291336 ], [ 78.549109538575351, 14.117890662924594 ], [ 78.548796541228398, 14.118462278312336 ], [ 78.548727470597271, 14.118914495208628 ], [ 78.549582040579708, 14.119033881109601 ], [ 78.550436068270926, 14.119295772682619 ], [ 78.551190596769629, 14.119553709037291 ], [ 78.551625518803633, 14.119676824426733 ], [ 78.551579466320277, 14.120867901833037 ], [ 78.551030273729111, 14.121153513025035 ], [ 78.551029703558982, 14.121879664315884 ], [ 78.551274002594141, 14.122165763839803 ], [ 78.551533311314245, 14.122261443611592 ], [ 78.551387886442797, 14.122855882893532 ], [ 78.550815749448248, 14.122784376898323 ], [ 78.550343144021838, 14.122665923594354 ], [ 78.549466285241863, 14.122521405239524 ], [ 78.548894420741931, 14.122427275898929 ], [ 78.547491161788685, 14.122307330619662 ], [ 78.547460514691977, 14.122353358821329 ], [ 78.547346221651765, 14.122569798658105 ], [ 78.546682354707912, 14.122522125596447 ], [ 78.545729669589548, 14.12237843012133 ], [ 78.545439504230728, 14.122878475661992 ], [ 78.545179735057729, 14.1234501234253 ], [ 78.54498913004528, 14.124045744416435 ], [ 78.544607881349634, 14.124466710770946 ], [ 78.544302251248894, 14.124807661745024 ], [ 78.544035225446294, 14.125259898426407 ], [ 78.543874936580039, 14.125498436404541 ], [ 78.54373030221268, 14.12583159924975 ], [ 78.543989226022916, 14.126104299774454 ], [ 78.544362698280906, 14.126526473019169 ], [ 78.545125344060352, 14.12683315982332 ], [ 78.545224466436935, 14.127400960286934 ], [ 78.545208687831632, 14.128042110355977 ], [ 78.54525459822213, 14.12894524103092 ], [ 78.545353257447857, 14.129310004254137 ], [ 78.545559073593381, 14.129571357133273 ], [ 78.545543682595849, 14.129986859207008 ], [ 78.546237645352051, 14.130278625359097 ], [ 78.546733552212629, 14.130337405048067 ], [ 78.547083958658732, 14.130511602829074 ], [ 78.547053530097344, 14.131458547574766 ], [ 78.546984458566897, 14.131910203294069 ], [ 78.547037676848277, 14.132638664043952 ], [ 78.547159902808232, 14.132872488675275 ], [ 78.54746458682223, 14.133046733221022 ], [ 78.547823327285698, 14.133250433261708 ], [ 78.548334171885529, 14.133367628414192 ], [ 78.548829683943723, 14.133557040026233 ], [ 78.549104211890835, 14.133687959732413 ], [ 78.549614941377399, 14.133863402175109 ], [ 78.550095181148663, 14.134023228789829 ], [ 78.550705306405746, 14.134066889076507 ], [ 78.551216674410966, 14.134140536357506 ], [ 78.551597936596465, 14.134155025335019 ], [ 78.552177679157523, 14.133834691318782 ], [ 78.552581453172479, 14.133805886932976 ], [ 78.553092724050941, 14.133790737853133 ], [ 78.553572835219143, 14.133864591078861 ], [ 78.553977307108028, 14.13392288603319 ], [ 78.554404355577503, 14.133980868922833 ], [ 78.555784590987059, 14.134243025795854 ], [ 78.556935837419928, 14.134535392695057 ], [ 78.557446994084501, 14.134578481912285 ], [ 78.558300741187225, 14.134870314614204 ], [ 78.558712907675556, 14.134914548668348 ], [ 78.559803455266206, 14.135103850563098 ], [ 78.560268470414542, 14.135133407681451 ], [ 78.560718671930147, 14.134899815974563 ], [ 78.56124446056441, 14.134929488206183 ], [ 78.562197890321386, 14.135162479165956 ], [ 78.562693763007758, 14.135323018043721 ], [ 78.563479284842117, 14.135658174685886 ], [ 78.563906168735684, 14.135876751311855 ], [ 78.564851584633914, 14.136297967677933 ], [ 78.564180184968563, 14.137124037245371 ], [ 78.563417526598528, 14.137933243625127 ], [ 78.562707823907942, 14.138766795552044 ], [ 78.562089841274144, 14.139528988972529 ], [ 78.5612053409547, 14.139289986044844 ], [ 78.560350896877367, 14.14007665901147 ], [ 78.559015761569128, 14.14151677757809 ], [ 78.55818392464937, 14.14244508387435 ], [ 78.557284087291748, 14.143493082740406 ], [ 78.556398702039473, 14.14449317022445 ], [ 78.555445354120764, 14.145706832305336 ], [ 78.554735929320657, 14.146754707964249 ], [ 78.554422831249667, 14.147138011610821 ], [ 78.554041213831908, 14.147587839907715 ], [ 78.554567206612262, 14.148039998348111 ], [ 78.555070628207886, 14.148540537616555 ], [ 78.555093261445847, 14.148826962695011 ], [ 78.554544062559444, 14.149398192273622 ], [ 78.553964436010915, 14.14994815198645 ], [ 78.553125214757813, 14.150956667916716 ], [ 78.552171747229352, 14.151642657283674 ], [ 78.551050169430766, 14.152638927145631 ], [ 78.549882960930859, 14.153674263557264 ], [ 78.548219782617878, 14.155327789446801 ], [ 78.545169709415518, 14.154746920035166 ], [ 78.543057528383201, 14.154350273147429 ], [ 78.540213011422338, 14.153815213402254 ], [ 78.539518806748504, 14.153875192786757 ], [ 78.538855405653408, 14.153924776907786 ], [ 78.537452042378845, 14.154325639817273 ], [ 78.536544324262138, 14.154185240357378 ], [ 78.535880942052813, 14.154185045204542 ], [ 78.534782832063058, 14.154184425571657 ], [ 78.533006058583737, 14.154154580670195 ], [ 78.532632795867812, 14.153183797595034 ], [ 78.530215048586626, 14.153072537068795 ], [ 78.529322626139276, 14.153152845628199 ], [ 78.528849979344045, 14.153273006744712 ], [ 78.528872357174521, 14.154153829736288 ], [ 78.52884965558809, 14.155124627200621 ], [ 78.528445209779591, 14.155925361067432 ], [ 78.527735337117122, 14.157235568067847 ], [ 78.52716286557478, 14.158096027710371 ], [ 78.527162921332717, 14.158667240201851 ], [ 78.527162318786964, 14.159436953753243 ], [ 78.52650612575809, 14.160998312622894 ], [ 78.526505798404855, 14.161889061431907 ], [ 78.526566701393108, 14.163030484570072 ], [ 78.526131755077415, 14.163430455352056 ], [ 78.526047315931862, 14.1641912961922 ], [ 78.525681209121501, 14.165362342099286 ], [ 78.525680965405229, 14.166533609239536 ], [ 78.525100924269225, 14.167874141379343 ], [ 78.525100473708903, 14.168534708710695 ], [ 78.52510021200618, 14.169275588198673 ], [ 78.523994821105077, 14.169104030827214 ], [ 78.523330955959807, 14.169043842799965 ], [ 78.522057595082913, 14.169214779639219 ], [ 78.52074557864654, 14.170044709096885 ], [ 78.520547010137363, 14.170044698305048 ], [ 78.519601677876096, 14.169754486181432 ], [ 78.517969500093329, 14.169294082756551 ], [ 78.517077540796834, 14.169042929988052 ], [ 78.515933565382738, 14.168903124980091 ], [ 78.513600361568422, 14.168202200571955 ], [ 78.512875814668121, 14.167990843703308 ], [ 78.512257932758359, 14.168101382073985 ], [ 78.51049657725622, 14.167840775632158 ], [ 78.509436595823217, 14.167840463567416 ], [ 78.508742095272453, 14.168491349696865 ], [ 78.507216908934197, 14.168470968361362 ], [ 78.505897422728879, 14.168530427038434 ], [ 78.505081346427971, 14.169180466905857 ], [ 78.503540706139631, 14.169240189983611 ], [ 78.502969038591232, 14.16950054191733 ], [ 78.50177101302279, 14.170470795291806 ], [ 78.5008639765922, 14.170270300434879 ], [ 78.500032649588093, 14.170270316622691 ], [ 78.498346745406934, 14.170420509699625 ], [ 78.49695180158534, 14.169499490609837 ], [ 78.496387753992622, 14.168898565417294 ], [ 78.495396441193805, 14.168158092422857 ], [ 78.494535025571963, 14.167636858854792 ], [ 78.494336520015395, 14.167016404884009 ], [ 78.493345461724687, 14.165925279029238 ], [ 78.492171448054876, 14.165924689074018 ], [ 78.491545623332854, 14.165785097205344 ], [ 78.490096889260997, 14.165574318600761 ], [ 78.488868891986783, 14.165444137238012 ], [ 78.488350914863815, 14.165243574931878 ], [ 78.486017000585093, 14.164423002020783 ], [ 78.485163220207426, 14.164132002091094 ], [ 78.483828925765295, 14.163701940892679 ], [ 78.482669382187225, 14.163561207784369 ], [ 78.481800093000857, 14.163590685762415 ], [ 78.480580014257214, 14.163900551669997 ], [ 78.479100411855484, 14.164130473243574 ], [ 78.478353150778275, 14.163840119926419 ], [ 78.477361923415003, 14.163429284434756 ], [ 78.477407889563437, 14.16294004694646 ], [ 78.477408342821718, 14.16078753761559 ], [ 78.476935966722465, 14.160411590423394 ], [ 78.476631008415268, 14.160167107027235 ], [ 78.475753835771911, 14.159427875097208 ], [ 78.474823672375578, 14.158761543111552 ], [ 78.47400827056623, 14.158037162585856 ], [ 78.473611360177131, 14.157739005851283 ], [ 78.47273445283372, 14.15721467591743 ], [ 78.47149916925224, 14.15692934531387 ], [ 78.470782281877803, 14.156620090945296 ], [ 78.470073536065797, 14.156167278697808 ], [ 78.469189159852817, 14.155452254718625 ], [ 78.468357697051033, 14.154999698777942 ], [ 78.467214120935921, 14.154462046287279 ], [ 78.466741641414615, 14.154237645651676 ], [ 78.466314556972179, 14.153665957418866 ], [ 78.465697086951991, 14.152808696664863 ], [ 78.46527028489669, 14.152308270710989 ], [ 78.464644944009933, 14.151760273318814 ], [ 78.463913080225439, 14.151260229576792 ], [ 78.463150866120543, 14.150640495962989 ], [ 78.46260166363686, 14.150068500161979 ], [ 78.462213149318359, 14.149375663357034 ], [ 78.462007426702371, 14.148880087446912 ], [ 78.461389631127531, 14.148285229080898 ], [ 78.460795223321895, 14.147998869652952 ], [ 78.459803379923017, 14.147646764387503 ], [ 78.458606401165468, 14.147546178813968 ], [ 78.458034269566895, 14.147284391562266 ], [ 78.457348437581288, 14.146902503448644 ], [ 78.456257810850275, 14.146069063936977 ], [ 78.455518160735494, 14.145640159266804 ], [ 78.454496565964746, 14.145401355988611 ], [ 78.453146886820377, 14.145153028890036 ], [ 78.452422395678013, 14.144948817135059 ], [ 78.451095217571208, 14.144567271663107 ], [ 78.449821785647885, 14.144193138403466 ], [ 78.449402534300475, 14.144067166767172 ], [ 78.448548901411641, 14.143543013100441 ], [ 78.447504256117497, 14.143018863930251 ], [ 78.446695788980435, 14.142447728780496 ], [ 78.445651276785952, 14.141542390269933 ], [ 78.444812829849184, 14.140684159147497 ], [ 78.444126924119246, 14.139755336640349 ], [ 78.443654313296918, 14.138850523333815 ], [ 78.443543942200165, 14.138459174352249 ], [ 78.442695405769314, 14.138261976409922 ], [ 78.442332401620035, 14.138177614606093 ], [ 78.441460831752977, 14.138045837845993 ], [ 78.441186802030245, 14.138004405180027 ], [ 78.44125330599627, 14.136431510706529 ], [ 78.44125565322679, 14.136375991959312 ], [ 78.441270542402606, 14.13602387320401 ], [ 78.441273847411082, 14.135945679850067 ], [ 78.439994186783281, 14.134990528790695 ], [ 78.439136420610282, 14.134720630553488 ], [ 78.439047569390823, 14.13507166832369 ], [ 78.438617440743258, 14.136771028161263 ], [ 78.438577457784447, 14.136928989582032 ], [ 78.438478024242386, 14.137321831438214 ], [ 78.438451097641007, 14.137428210444398 ], [ 78.438404542436672, 14.137612138889949 ], [ 78.438359709433996, 14.137619211158494 ], [ 78.435098080612931, 14.138133703408528 ], [ 78.430002136090707, 14.13923447988816 ], [ 78.428769998337714, 14.13974967630736 ], [ 78.427117483286224, 14.140440632629918 ], [ 78.426451613552103, 14.140785135026817 ], [ 78.425696660573408, 14.141175723181902 ], [ 78.425302734134846, 14.141379526644698 ], [ 78.425267126377776, 14.141446991086639 ], [ 78.4251977994399, 14.141578341568049 ], [ 78.425500874566694, 14.144019972144861 ], [ 78.425533502869825, 14.144282813401958 ], [ 78.425490070111607, 14.14490110180526 ], [ 78.425469795795436, 14.145189717632206 ], [ 78.425468703119122, 14.145205277702246 ], [ 78.425459135231904, 14.14534148272412 ], [ 78.425318518136066, 14.145613685024387 ], [ 78.424976293721954, 14.14627614902588 ], [ 78.424968465123527, 14.146299442366228 ], [ 78.424741891725887, 14.146973556185515 ], [ 78.424778377221287, 14.148199734131254 ], [ 78.424783015924447, 14.148355612722185 ], [ 78.42478535596041, 14.14843425213985 ], [ 78.424731848097281, 14.148479346845249 ], [ 78.423722636091782, 14.14932987887164 ], [ 78.423708681311552, 14.149341639306044 ], [ 78.423648001355161, 14.149318621158272 ], [ 78.422892477306959, 14.149032033302547 ], [ 78.42236052022281, 14.14896591334707 ], [ 78.422159902158739, 14.149012255412117 ], [ 78.422113703085927, 14.149022927666806 ], [ 78.422071121086333, 14.149142228132177 ], [ 78.422105237767482, 14.149228191628595 ], [ 78.422190766891333, 14.149443690774547 ], [ 78.422810479820782, 14.150711084649686 ], [ 78.422899555870799, 14.151913187744242 ], [ 78.422915799425596, 14.152132385801792 ], [ 78.422866580429343, 14.15243107223705 ], [ 78.422833964716688, 14.152628995032956 ], [ 78.422761241938758, 14.153070324736518 ], [ 78.422460718188574, 14.154670724075515 ], [ 78.422310728358411, 14.155469465044632 ], [ 78.422300235968123, 14.155525341722011 ], [ 78.422249177858248, 14.155663291428596 ], [ 78.42213072005768, 14.15598333766178 ], [ 78.42191239973846, 14.156096150417852 ], [ 78.421904003667805, 14.156100488747427 ], [ 78.421431684225809, 14.156175207120953 ], [ 78.42142033837888, 14.156176741364391 ], [ 78.421244394114467, 14.156200539224358 ], [ 78.420588915147277, 14.156289195290981 ], [ 78.420343446993456, 14.156322395562938 ], [ 78.420259751587253, 14.156441215790323 ], [ 78.420258074351636, 14.156577675320307 ], [ 78.42025630718382, 14.156721460727681 ], [ 78.420364332848635, 14.157493937895765 ], [ 78.420384474065202, 14.157637964321452 ], [ 78.420658101790934, 14.159594609404564 ], [ 78.420746593281649, 14.160227375993429 ], [ 78.420743428567334, 14.1603196185564 ], [ 78.42069822774198, 14.161637697322703 ], [ 78.420687025786606, 14.161964340083102 ], [ 78.420680469728893, 14.162155582714831 ], [ 78.420651732792237, 14.162993838095986 ], [ 78.420618415608374, 14.163965662586122 ], [ 78.420606898890242, 14.164192687443403 ], [ 78.420530727212281, 14.165694121787112 ], [ 78.420509885423826, 14.166104968969989 ], [ 78.420456445009904, 14.16633577997311 ], [ 78.420376500675957, 14.166681066578803 ], [ 78.420331905993635, 14.166873676180046 ], [ 78.42023171072583, 14.167307894944258 ], [ 78.420228521729882, 14.16732171662477 ], [ 78.420178254124096, 14.167453361184528 ], [ 78.420087638434723, 14.167690376610437 ], [ 78.420038233278831, 14.167819596597951 ], [ 78.419951335386827, 14.168198323594595 ], [ 78.41995956688146, 14.168546291079338 ], [ 78.419965055443924, 14.16877827210044 ], [ 78.420220467401634, 14.170313025426651 ], [ 78.420308604559409, 14.170842629884305 ], [ 78.420692701408029, 14.171524776448109 ], [ 78.420830052166139, 14.17176870676127 ], [ 78.421768180857839, 14.172827225896583 ], [ 78.422245032882927, 14.173365265995074 ], [ 78.422830908820345, 14.174092616082191 ], [ 78.423107983647526, 14.174875686364658 ], [ 78.423113082803525, 14.175629917187791 ], [ 78.423117565024597, 14.176292924379823 ], [ 78.423118190952721, 14.176385507785824 ], [ 78.423120202736129, 14.176683114135244 ], [ 78.423122585939552, 14.177035655571899 ], [ 78.423312853706193, 14.178238149871561 ], [ 78.423876188136546, 14.179104811238915 ], [ 78.424200034005366, 14.179428441270375 ], [ 78.424350095781278, 14.179471443253362 ], [ 78.42444143722355, 14.17949749481437 ], [ 78.424836171253276, 14.179610077344023 ], [ 78.42574049083197, 14.17986799661162 ], [ 78.425239781591642, 14.179467145393289 ], [ 78.425074428642972, 14.179363730552552 ], [ 78.424950665741619, 14.179286330400657 ], [ 78.424918535662869, 14.178931071212787 ], [ 78.425174643695811, 14.178827822746655 ], [ 78.425864647636388, 14.178906517922314 ], [ 78.426373677404285, 14.17891245974306 ], [ 78.426588948122458, 14.179163617008157 ], [ 78.426582329112193, 14.179703508810746 ], [ 78.426578071721622, 14.180050692985958 ], [ 78.426567581129973, 14.180103690034116 ], [ 78.427190819401801, 14.180281405962944 ], [ 78.427210944430499, 14.180287145436239 ], [ 78.427663641564777, 14.180416231424772 ], [ 78.427856981415516, 14.180471356268924 ], [ 78.427916219758742, 14.180507968568747 ], [ 78.428156756030432, 14.180656276666696 ], [ 78.428915274821065, 14.181123954707573 ], [ 78.429519174970949, 14.181991078326462 ], [ 78.429567050380058, 14.182081389145651 ], [ 78.429974336247597, 14.182849679070273 ], [ 78.430180402404631, 14.18323860887557 ], [ 78.43020191238935, 14.183320124325121 ], [ 78.43032992458734, 14.18380524741508 ], [ 78.430376347591334, 14.183981174592361 ], [ 78.430384251732789, 14.184253799574037 ], [ 78.430390196251551, 14.184458843201924 ], [ 78.430398076111317, 14.184730306259496 ], [ 78.430424437039107, 14.185638432668384 ], [ 78.430477377430009, 14.187462237992747 ], [ 78.430429232224242, 14.188300868391195 ], [ 78.430321303686185, 14.190180814793621 ], [ 78.430419404432939, 14.190541926769356 ], [ 78.43104885702013, 14.192314634413719 ], [ 78.431062692190494, 14.192353596642022 ], [ 78.431105275089351, 14.192473521236877 ], [ 78.431307672012451, 14.193043516046259 ], [ 78.431310798955167, 14.193052321308414 ], [ 78.431185896612817, 14.193479875196942 ], [ 78.431182633872425, 14.19349104387743 ], [ 78.430339551829832, 14.195361321668486 ], [ 78.430107163415812, 14.195938404934282 ], [ 78.4297467601059, 14.196894315021495 ], [ 78.42860037001202, 14.198460978991818 ], [ 78.428518164782474, 14.19852753691714 ], [ 78.42818615936477, 14.198796340679451 ], [ 78.427816738552622, 14.198832152582611 ], [ 78.427700763780194, 14.198842670153965 ], [ 78.426122511145934, 14.198989288425764 ], [ 78.425517422092355, 14.199045496053657 ], [ 78.424780495124708, 14.199103568875444 ], [ 78.424642906945564, 14.199114367035236 ], [ 78.423526961600999, 14.199201945714094 ], [ 78.423070505300586, 14.199233630628385 ], [ 78.422788376283506, 14.199253215164617 ], [ 78.422523432411481, 14.199130317411061 ], [ 78.422158927293651, 14.19876608119057 ], [ 78.422150160702358, 14.198754091429009 ], [ 78.421775540909493, 14.198241703592601 ], [ 78.421523083224713, 14.197668564753315 ], [ 78.421297108775548, 14.197155631028409 ], [ 78.421265301553433, 14.197042356920065 ], [ 78.421218303882597, 14.196874984094109 ], [ 78.421127936406094, 14.196879704635535 ], [ 78.420900103058273, 14.196891605364158 ], [ 78.420831742891608, 14.196895129807217 ], [ 78.420274706413579, 14.196923847858159 ], [ 78.416603550614354, 14.197060560996931 ], [ 78.414594955293921, 14.196997459166255 ], [ 78.414443439314255, 14.197019763252342 ], [ 78.414148259335661, 14.197063214896275 ], [ 78.413588729936919, 14.197145578406548 ], [ 78.412846363869562, 14.197456719552804 ], [ 78.412184683177543, 14.198087259420333 ], [ 78.411887364611175, 14.198370582737027 ], [ 78.411809501308426, 14.198444781302442 ], [ 78.411411649329125, 14.199032940618565 ], [ 78.411057837150452, 14.199555992615842 ], [ 78.410980490957854, 14.19968367206468 ], [ 78.410969777334344, 14.199701357232698 ], [ 78.41049256018448, 14.200489123774901 ], [ 78.410459627011164, 14.200534378559553 ], [ 78.41030459108498, 14.200747424354972 ], [ 78.408351430874802, 14.201320391423792 ], [ 78.407485592387161, 14.201574381553314 ], [ 78.406267622553742, 14.201784157413783 ], [ 78.406150490353809, 14.201804330106597 ], [ 78.405965296562158, 14.201836226361593 ], [ 78.405967459431679, 14.201890654231136 ], [ 78.406072349160581, 14.204531293984871 ], [ 78.406246695329685, 14.208920321916196 ], [ 78.406253639894544, 14.209858036919741 ], [ 78.406262103414349, 14.211000663350774 ], [ 78.406361647572965, 14.212881955138982 ], [ 78.407038248017727, 14.216209931444041 ], [ 78.407508828170876, 14.21830354777137 ], [ 78.407640593239762, 14.218891682805747 ], [ 78.407971174131376, 14.220361468208068 ], [ 78.409045463778114, 14.223014298272119 ], [ 78.40987412788968, 14.224562292316762 ], [ 78.409907297584709, 14.2246242574044 ], [ 78.409924942283226, 14.224884416883185 ], [ 78.409146428865597, 14.226058231802824 ], [ 78.409136878065453, 14.2260726317474 ], [ 78.408608540752539, 14.22686944636871 ], [ 78.408516070661108, 14.227009874606892 ], [ 78.408404528647054, 14.227179267310191 ], [ 78.408399538309027, 14.227186844098412 ], [ 78.408354705306408, 14.227486393882828 ], [ 78.408618634743164, 14.228471277428355 ], [ 78.408678343431802, 14.228694082666607 ], [ 78.408962227026166, 14.229753418386395 ], [ 78.410525112045264, 14.234412504634236 ], [ 78.411618538365815, 14.236697108185865 ], [ 78.412364075442724, 14.238254279811997 ], [ 78.413411953799596, 14.241088201859895 ], [ 78.413574540433672, 14.241528639436012 ], [ 78.413946258114322, 14.242440578970388 ], [ 78.41416444983048, 14.24297660908411 ], [ 78.414871912309877, 14.244711903132668 ], [ 78.415134540427687, 14.245356390585812 ], [ 78.415704228568302, 14.246754389404373 ], [ 78.416348587418383, 14.248582190416585 ], [ 78.416668257734898, 14.249488435443766 ], [ 78.41685635543746, 14.250022412405258 ], [ 78.417289965360567, 14.25018992642481 ], [ 78.417327575907905, 14.250204454972447 ], [ 78.417512581741221, 14.250275927692769 ], [ 78.417755999440828, 14.251115171428864 ], [ 78.417838582385627, 14.251399896788655 ], [ 78.41809342777043, 14.252278537125619 ], [ 78.419028725396345, 14.255503137260803 ], [ 78.41909344960402, 14.255726280644183 ], [ 78.419674738998992, 14.25773031190522 ], [ 78.419861672978811, 14.258709153805228 ], [ 78.420221971068088, 14.26059573540573 ], [ 78.420479552190557, 14.261944451376166 ], [ 78.420760215312669, 14.263414016444528 ], [ 78.42117507167319, 14.265535738384472 ], [ 78.421520659551788, 14.26730316431042 ], [ 78.421774095698936, 14.268599263645967 ], [ 78.422150401720671, 14.270523710301859 ], [ 78.422534171216, 14.27114096538412 ], [ 78.422535637110968, 14.271143324305797 ], [ 78.423258424038011, 14.272305850035821 ], [ 78.423511863782494, 14.272713477645709 ], [ 78.423561879578074, 14.272793922902054 ], [ 78.423718095414756, 14.273342118145081 ], [ 78.423815051324539, 14.273682359554073 ], [ 78.423924540186363, 14.274066581408476 ], [ 78.423979075075238, 14.274257954441907 ], [ 78.422223995042316, 14.27990793710245 ], [ 78.421173347672834, 14.282864067123853 ], [ 78.420829060213919, 14.283832744886126 ], [ 78.420811624158091, 14.283881800205791 ], [ 78.420596687987768, 14.283627190443326 ], [ 78.420528201016623, 14.283546061702225 ], [ 78.419257264711973, 14.282040510262163 ], [ 78.419000460603741, 14.281736295694316 ], [ 78.418635770225592, 14.281240315988668 ], [ 78.417955625552679, 14.28031531110355 ], [ 78.417143532349144, 14.279210838410336 ], [ 78.417048025247141, 14.279080945729902 ], [ 78.416616413617589, 14.27849393215007 ], [ 78.412458673330093, 14.277743298615178 ], [ 78.41220980483962, 14.277739832628015 ], [ 78.40422057581992, 14.277628392237375 ], [ 78.398955225104544, 14.277603070925807 ], [ 78.395167768978354, 14.277558353036397 ], [ 78.387157758424792, 14.280437828443894 ], [ 78.383596032132175, 14.281940813218796 ], [ 78.383586800591331, 14.281944708182607 ], [ 78.37869272958676, 14.284009785424132 ], [ 78.378143131401373, 14.284241680110313 ], [ 78.375789703632904, 14.28523465755427 ], [ 78.374095458239765, 14.285966867577713 ], [ 78.370096860182912, 14.287694887909595 ], [ 78.369590789184542, 14.287913582346789 ], [ 78.369197873583971, 14.288083376147767 ], [ 78.368552511989833, 14.28836226041085 ], [ 78.367852226100354, 14.288335810450121 ], [ 78.366254771141769, 14.287977003436822 ], [ 78.365710756846909, 14.287854808953114 ], [ 78.364822837305098, 14.287655362705664 ], [ 78.364376324808518, 14.287555064915182 ], [ 78.364191631939264, 14.287713220589524 ], [ 78.364182979561861, 14.287720631902516 ], [ 78.364163958001257, 14.287736923121372 ], [ 78.363227541618755, 14.288538781140687 ], [ 78.361976688074662, 14.289627183848324 ], [ 78.361900414773288, 14.289693550218033 ], [ 78.361148105801419, 14.290348151446892 ], [ 78.360722247134959, 14.290718692814266 ], [ 78.359900607627935, 14.291433602579559 ], [ 78.358594025794616, 14.292570447269156 ], [ 78.357704408332779, 14.293344482063048 ], [ 78.357548986597408, 14.293479710421138 ], [ 78.35740568142802, 14.293604395127602 ], [ 78.35339861535482, 14.292891129322982 ], [ 78.352162108695325, 14.292934868750024 ], [ 78.349892700089015, 14.293015127846729 ], [ 78.347697835387748, 14.292804477845209 ], [ 78.347302404383413, 14.292731873777825 ], [ 78.346732871825566, 14.292627302408903 ], [ 78.346567211308752, 14.292596883740032 ], [ 78.343771753264775, 14.292083586689046 ], [ 78.343761923674833, 14.292081781749687 ], [ 78.343389295880286, 14.292013356831774 ], [ 78.343390565722984, 14.291913238905693 ], [ 78.343395513792927, 14.291523105807528 ], [ 78.343412251075506, 14.290203508985599 ], [ 78.343344401723755, 14.290147971352667 ], [ 78.343326905413335, 14.290133649649079 ], [ 78.342943982180032, 14.289820208936362 ], [ 78.342848348273662, 14.289741928348178 ], [ 78.342587481028431, 14.289528394220838 ], [ 78.342270721817329, 14.289476741659143 ], [ 78.340753653659192, 14.289229347157516 ], [ 78.33901003098913, 14.289080752175835 ], [ 78.338729303115826, 14.289056828410764 ], [ 78.337258738900687, 14.28983293614192 ], [ 78.337222908111698, 14.289851845287274 ], [ 78.333950039563661, 14.290191003912526 ], [ 78.33342767284978, 14.29027408058522 ], [ 78.332223766614504, 14.290465544450171 ], [ 78.331236748078425, 14.290593345307514 ], [ 78.330136396978105, 14.290735814107393 ], [ 78.328857713913351, 14.291358009165663 ], [ 78.326562357168029, 14.292474879013298 ], [ 78.325874332635351, 14.292720200577662 ], [ 78.322018500154627, 14.294094986095558 ], [ 78.321652889770007, 14.294225339228888 ], [ 78.320604686757861, 14.294225148572593 ], [ 78.319955469770093, 14.294225028962785 ], [ 78.317934433228515, 14.294092264747064 ], [ 78.317209680383428, 14.294044650141359 ], [ 78.313596831229745, 14.291800477410959 ], [ 78.312989052303919, 14.291422934821412 ], [ 78.311822564160991, 14.291371959449236 ], [ 78.307891040240293, 14.291152693043216 ], [ 78.305502852775419, 14.291019464777321 ], [ 78.301690564568901, 14.29092667632591 ], [ 78.299425068013477, 14.290871502918378 ], [ 78.299211356719695, 14.291022789570945 ], [ 78.298988766419427, 14.291180364283207 ], [ 78.294770665434839, 14.29403447880901 ], [ 78.292661774122564, 14.29366228358839 ], [ 78.288344536372222, 14.292900270931625 ], [ 78.285347435936387, 14.292394815069486 ], [ 78.284966385091593, 14.292700752738369 ], [ 78.284944732114695, 14.292718138432178 ], [ 78.282933250869803, 14.294333088801864 ], [ 78.282846230669975, 14.294402952634982 ], [ 78.282819113412359, 14.294615981343327 ], [ 78.282675351387354, 14.295745335579625 ], [ 78.282674027585301, 14.295755734440434 ], [ 78.28267197982899, 14.295771823311838 ], [ 78.282570604650687, 14.296201548163765 ], [ 78.282349575573448, 14.29713847715982 ], [ 78.282210109609878, 14.297729656399383 ], [ 78.281994595175433, 14.298643196726971 ], [ 78.281592456127953, 14.300347787021622 ], [ 78.281489517927866, 14.300784120991239 ], [ 78.281258626885119, 14.301972022891391 ], [ 78.28125786066272, 14.301975963720622 ], [ 78.279616644693363, 14.303397344912412 ], [ 78.277516739406963, 14.305326804389381 ], [ 78.277427579719983, 14.305408725433153 ], [ 78.271413457066387, 14.305002541235126 ], [ 78.271268834390185, 14.304992771899776 ], [ 78.271007272868303, 14.305002495369706 ], [ 78.262047660971746, 14.305335381223699 ], [ 78.261554290199342, 14.305328531087696 ], [ 78.260309911774016, 14.305311241621325 ], [ 78.260199950768083, 14.305309710975223 ], [ 78.259980194231559, 14.305306659575535 ], [ 78.259687290437057, 14.305302588344603 ], [ 78.259321133264677, 14.305297498181858 ], [ 78.259315104209691, 14.305297415444215 ], [ 78.258625797243724, 14.305287834966464 ], [ 78.256466539400265, 14.305257800308084 ], [ 78.256210396293739, 14.305254238093482 ], [ 78.255990744977851, 14.305251182197139 ], [ 78.255661407848663, 14.305246596554014 ], [ 78.255514952354133, 14.305244559589596 ], [ 78.255075760339025, 14.305238443300368 ], [ 78.254819671191854, 14.305234881085767 ], [ 78.254380587994717, 14.305228768393818 ], [ 78.254124553706163, 14.30522520258188 ], [ 78.253793944036261, 14.30522059985168 ], [ 78.253583499080207, 14.305530323666346 ], [ 78.253510898610045, 14.305637173017942 ], [ 78.252931249578467, 14.306490279803427 ], [ 78.252335142953484, 14.307367593640379 ], [ 78.251441206947106, 14.30868321725751 ], [ 78.250817058561381, 14.308494091629882 ], [ 78.248820794744859, 14.307889179742688 ], [ 78.247875440899861, 14.307602708798811 ], [ 78.24780238267482, 14.307605188229729 ], [ 78.246557733553516, 14.308289816922354 ], [ 78.246097919184592, 14.308505150593078 ], [ 78.241864302196745, 14.310487714137537 ], [ 78.24093479530552, 14.310922975215988 ], [ 78.240606133567212, 14.311059788179534 ], [ 78.238202945410592, 14.312060160748672 ], [ 78.235903890652992, 14.31301715092161 ], [ 78.235306803766946, 14.313265684864291 ], [ 78.234304455387303, 14.313682902844562 ], [ 78.233755144085592, 14.313887409577148 ], [ 78.231339000295634, 14.314786906091683 ], [ 78.229245932554704, 14.315566096698831 ], [ 78.229135726033917, 14.315607122871256 ], [ 78.229182867596251, 14.315857260305165 ], [ 78.229505878894201, 14.31757118286464 ], [ 78.229511530233935, 14.3176011716576 ], [ 78.229108163611841, 14.317962937440484 ], [ 78.228988308264775, 14.318070429807335 ], [ 78.228701912863983, 14.318211012728909 ], [ 78.225676943337248, 14.319695841091061 ], [ 78.224252960406773, 14.32091044925869 ], [ 78.222329837552934, 14.321496366564929 ], [ 78.221339077837172, 14.321798213217789 ], [ 78.220411031444939, 14.322459003581002 ], [ 78.220324719910877, 14.322585320556925 ], [ 78.220143718758607, 14.322850208671071 ], [ 78.220088280051073, 14.322931341009451 ], [ 78.220334368737099, 14.323321207008973 ], [ 78.220991885568026, 14.324362870151162 ], [ 78.221157736741134, 14.324625613382182 ], [ 78.221120428366078, 14.324678680577506 ], [ 78.220888324137832, 14.325008827096553 ], [ 78.22005987226629, 14.326187210572186 ], [ 78.219342215072174, 14.327207988758516 ], [ 78.218674900127496, 14.328094484673557 ], [ 78.218245294885435, 14.328665189947401 ], [ 78.218060974335458, 14.328738363285709 ], [ 78.216252690410329, 14.329456226424554 ], [ 78.213828485996828, 14.330418567563697 ], [ 78.212234874740659, 14.331051165979375 ], [ 78.211821249552031, 14.331215356104678 ], [ 78.210073319129378, 14.331909190257761 ], [ 78.209593702588279, 14.332099570439652 ], [ 78.20821304539669, 14.332703141437662 ], [ 78.207165318125931, 14.333161158961161 ], [ 78.205844035974451, 14.334344089409058 ], [ 78.205653477726798, 14.334514692599839 ], [ 78.205377854405413, 14.334677358374222 ], [ 78.202655630853656, 14.336283906378014 ], [ 78.198543285645087, 14.338640758764882 ], [ 78.19577564992727, 14.340839359249856 ], [ 78.194985653965716, 14.341466915166848 ], [ 78.19276622518214, 14.343042177555276 ], [ 78.190952679323686, 14.344329325039155 ], [ 78.190282166389864, 14.345049235034992 ], [ 78.189603484913903, 14.348486305399547 ], [ 78.189286829124853, 14.34961708955791 ], [ 78.189100035439253, 14.349833715554382 ], [ 78.188760957753004, 14.350226947716294 ], [ 78.187585492577398, 14.350810289364233 ], [ 78.185296088444716, 14.351946413696908 ], [ 78.184248007740337, 14.352466514119158 ], [ 78.182516729164718, 14.35300438694378 ], [ 78.179936235170089, 14.352550798581319 ], [ 78.178383136573473, 14.352643321732785 ], [ 78.176305841142607, 14.353260909564199 ], [ 78.174158013682359, 14.353670281858854 ], [ 78.173208626377971, 14.353851226353868 ], [ 78.173179387619598, 14.353864198175074 ], [ 78.17275128784263, 14.354054128695907 ], [ 78.170967941218521, 14.354845312661894 ], [ 78.170160097311623, 14.355359506336981 ], [ 78.167562099812017, 14.35701309607839 ], [ 78.164546024580375, 14.358932714274204 ], [ 78.164518029584372, 14.358950531642563 ], [ 78.161680862782589, 14.360783251946373 ], [ 78.16069072899495, 14.361422830000436 ], [ 78.158833484178956, 14.362771584641791 ], [ 78.157778251166349, 14.364270866907816 ], [ 78.156018754562865, 14.365802846724819 ], [ 78.152389801249285, 14.368337412342555 ], [ 78.146428745790956, 14.372500515287413 ], [ 78.142570680293659, 14.375285342445466 ], [ 78.137792972568604, 14.378733781139942 ], [ 78.136516033289297, 14.379365123202717 ], [ 78.133744966657844, 14.380735148609062 ], [ 78.132336647219461, 14.381431406435127 ], [ 78.129096883615262, 14.383033056731051 ], [ 78.128472070630551, 14.383334002263268 ], [ 78.127923300720738, 14.38359831930785 ], [ 78.120940057838368, 14.386961637170657 ], [ 78.119158126747152, 14.387819809837197 ], [ 78.117461763450592, 14.38860004185932 ], [ 78.111015092073842, 14.391564976243501 ], [ 78.108830917613716, 14.392448737320194 ], [ 78.107460012670401, 14.393003416675185 ], [ 78.106779462403267, 14.393603890408087 ], [ 78.106208513413151, 14.394107652846742 ], [ 78.102079721403015, 14.398521419328915 ], [ 78.095236754773396, 14.405869761780934 ], [ 78.092091052161322, 14.409317491809645 ], [ 78.088246151839428, 14.413531332705702 ], [ 78.087924131594377, 14.413884241065716 ], [ 78.086090406747871, 14.415512470824694 ], [ 78.085379901861984, 14.418010731710751 ], [ 78.085240031203455, 14.421875262434241 ], [ 78.082762475408913, 14.423257545600109 ], [ 78.081868519617444, 14.423814411206934 ], [ 78.078154637927184, 14.426127795762 ], [ 78.075033745811709, 14.428071716337513 ], [ 78.074689033872801, 14.428309158941374 ], [ 78.069068284574655, 14.432180663907388 ], [ 78.066088362089204, 14.4337697623655 ], [ 78.065214225557042, 14.434235899867758 ], [ 78.064404211586066, 14.434667837951224 ], [ 78.064133951821418, 14.434888676372168 ], [ 78.06020883287232, 14.438095928585085 ], [ 78.059765701826677, 14.438458006432711 ], [ 78.055472050595654, 14.442169064251743 ], [ 78.051613620872899, 14.44581128616278 ], [ 78.051363070650154, 14.446047790773775 ], [ 78.048580380281294, 14.448674422687304 ], [ 78.044387188718758, 14.452428453711036 ], [ 78.044232872250234, 14.452562697311464 ], [ 78.039074275558335, 14.457050120067834 ], [ 78.036440663107101, 14.459643749560257 ], [ 78.033110476268462, 14.462923240715838 ], [ 78.031796805079466, 14.464016764163205 ], [ 78.031305352560935, 14.464425852272086 ], [ 78.02911106342583, 14.466252361857869 ], [ 78.028556544150149, 14.466713929904813 ], [ 78.028309503981404, 14.466923144588293 ], [ 78.028124980184657, 14.467079417082289 ], [ 78.025769612578529, 14.469074124172323 ], [ 78.025662979963556, 14.469164427796954 ], [ 78.02432116898774, 14.470300746383202 ], [ 78.023346216655568, 14.471126376182156 ], [ 78.020933513671707, 14.47273181082528 ], [ 78.017961339745, 14.474709452380182 ], [ 78.016960208148078, 14.475614766609056 ], [ 78.015697393620826, 14.476756700562134 ], [ 78.014081234562298, 14.478218125866647 ], [ 78.013489059773292, 14.478753596602076 ], [ 78.010868620591339, 14.480908377620381 ], [ 78.009735154654663, 14.48184040081469 ], [ 78.008717639208669, 14.482611013688199 ], [ 78.007543398909718, 14.484275889021887 ], [ 78.005848211926434, 14.485688920907819 ], [ 78.005145796442321, 14.486274413734066 ], [ 78.004318688157923, 14.486963835813242 ], [ 78.003905515328256, 14.487308225794834 ], [ 78.00350778475746, 14.487576304703566 ], [ 78.002864675065666, 14.488009769835855 ], [ 78.001379022025219, 14.489011108276884 ], [ 78.001019214965766, 14.489317542371509 ], [ 78.000796412425473, 14.489507294826637 ], [ 78.000681699401866, 14.489987282787695 ], [ 78.000178379429656, 14.492093298068085 ], [ 77.999695061279056, 14.494115569378891 ], [ 77.999270369033297, 14.495831881437027 ], [ 77.998941324183761, 14.497161633403493 ], [ 77.998373678403539, 14.499455592602374 ], [ 77.99713361492536, 14.501005348418971 ], [ 77.994878235742988, 14.502116718912305 ], [ 77.994210189649493, 14.503462917680338 ], [ 77.992958875652562, 14.506630114089319 ], [ 77.991772129381218, 14.508017235607781 ], [ 77.989729840960365, 14.512116329306025 ], [ 77.987913215823255, 14.514808886921458 ], [ 77.98613802784871, 14.515919421944602 ], [ 77.984676802193633, 14.517543513023554 ], [ 77.98160070710793, 14.520218693039112 ], [ 77.981353458296439, 14.520504674751805 ], [ 77.980805213590713, 14.521137766895265 ], [ 77.97998799425153, 14.522081448900622 ], [ 77.978015509409204, 14.52370580258156 ], [ 77.975415473146541, 14.527824791981402 ], [ 77.972892211107649, 14.531804653562745 ], [ 77.97238465442922, 14.533349148345394 ], [ 77.972425415301643, 14.534614657241491 ], [ 77.972489952450303, 14.534749134665674 ], [ 77.972786398674316, 14.535366854697429 ], [ 77.972921503825319, 14.535408311645142 ], [ 77.973133751922092, 14.535473441447039 ], [ 77.974840550951626, 14.535997169734458 ], [ 77.977017170207205, 14.536706022565738 ], [ 77.977215337618702, 14.536934280393552 ], [ 77.977292812414362, 14.537023517422256 ], [ 77.977271807848638, 14.5372457560876 ], [ 77.977241499796378, 14.53756644443672 ], [ 77.97721806885977, 14.537814350652638 ], [ 77.975558112817623, 14.539122526084554 ], [ 77.97564350974119, 14.539794050755688 ], [ 77.974342134083201, 14.541181209146316 ], [ 77.970871670991812, 14.545241814558949 ], [ 77.968742312009056, 14.548291671024629 ], [ 77.968583975570994, 14.549201742667151 ], [ 77.968149940268518, 14.549598734894573 ], [ 77.966215971590771, 14.551421360308382 ], [ 77.963499831053355, 14.554945744051679 ], [ 77.961927665030714, 14.558133263340267 ], [ 77.961511974998643, 14.559893242879696 ], [ 77.96142947569075, 14.560242914579703 ], [ 77.961413613448485, 14.56031014160061 ], [ 77.960594987569607, 14.560535051252486 ], [ 77.959264332683802, 14.560900072581148 ], [ 77.959239747017705, 14.560906818395779 ], [ 77.956712444324808, 14.561425085100439 ], [ 77.953983774432629, 14.56194221865934 ], [ 77.952130799597683, 14.562616758757258 ], [ 77.94967802642077, 14.564855379972641 ], [ 77.947553943760454, 14.567074815950832 ], [ 77.946602174152019, 14.568182956079397 ], [ 77.944081065989394, 14.570442044965262 ], [ 77.944394387092245, 14.570861118246853 ], [ 77.944473549016038, 14.570966998129336 ], [ 77.944492626334636, 14.57099251459374 ], [ 77.944920220692609, 14.571564430355011 ], [ 77.945781129996135, 14.572715899819798 ], [ 77.947647535306487, 14.574691359619408 ], [ 77.950460537324943, 14.576231757990115 ], [ 77.95047227707488, 14.576238141377985 ], [ 77.951766947387682, 14.576942332123792 ], [ 77.951901526435279, 14.577203563594423 ], [ 77.952150450683746, 14.577686756739297 ], [ 77.952319697696851, 14.578015282679985 ], [ 77.952480223084819, 14.578326878883217 ], [ 77.952641118993427, 14.578518908421756 ], [ 77.953391126600195, 14.579414036929109 ], [ 77.954698743553138, 14.580361436731778 ], [ 77.956042909853409, 14.58079498460171 ], [ 77.957943653078132, 14.580753549237784 ], [ 77.960004590740255, 14.580710926768688 ], [ 77.961112556400337, 14.581224255295979 ], [ 77.961488226601375, 14.581530163287255 ], [ 77.961481207392808, 14.581534021378843 ], [ 77.962373107334031, 14.582258002605613 ], [ 77.96255116140793, 14.582416367821963 ], [ 77.963376308270995, 14.583150263174957 ], [ 77.963654389439512, 14.583552468772268 ], [ 77.96393501838736, 14.583958360690644 ], [ 77.964022634837704, 14.584214987632436 ], [ 77.964085045989066, 14.58439778742877 ], [ 77.964272875693666, 14.584947933301351 ], [ 77.964274528647536, 14.584952774351905 ], [ 77.964275428868916, 14.584958901433026 ], [ 77.964358056779872, 14.585520903967392 ], [ 77.964482540937468, 14.58636758419749 ], [ 77.964429467446962, 14.58841239971332 ], [ 77.964543559938306, 14.588386344555033 ], [ 77.964623631975996, 14.588368060438484 ], [ 77.965049834183503, 14.588270730410727 ], [ 77.965071197578709, 14.588265851588631 ], [ 77.965613459994188, 14.588651495271165 ], [ 77.965841185423358, 14.588676689778254 ], [ 77.966071759005445, 14.588546487731094 ], [ 77.966835212376111, 14.587615389039797 ], [ 77.967096100305753, 14.587078077392221 ], [ 77.967769211380983, 14.584381657188601 ], [ 77.968528303039761, 14.580285238074111 ], [ 77.969054009835645, 14.578063267806442 ], [ 77.969250081826772, 14.57723340399923 ], [ 77.969372522724711, 14.576716788449858 ], [ 77.970123217413516, 14.575024151943921 ], [ 77.970782426768551, 14.574391735191284 ], [ 77.970942366697841, 14.574248682731366 ], [ 77.972123343818225, 14.573414340300417 ], [ 77.973111503593998, 14.571711974029256 ], [ 77.974686354992286, 14.569731135384416 ], [ 77.975929674016243, 14.568754397897976 ], [ 77.976149269574137, 14.568581880949921 ], [ 77.97768882528004, 14.567828195115965 ], [ 77.978253343218171, 14.56770515616887 ], [ 77.98061075858061, 14.567191326719183 ], [ 77.982316215821697, 14.567189232198132 ], [ 77.983022648577332, 14.567188359855777 ], [ 77.983024065908921, 14.567182654556689 ], [ 77.983215552256922, 14.566412140608634 ], [ 77.983574210882125, 14.56497067755555 ], [ 77.983682614262193, 14.562498207427154 ], [ 77.984257555342879, 14.558990783099034 ], [ 77.984464396715509, 14.557728912859886 ], [ 77.98512341721289, 14.555019651236762 ], [ 77.985128987613678, 14.554996750000839 ], [ 77.985127551396374, 14.55494337164015 ], [ 77.985089438128057, 14.553526731674197 ], [ 77.98504489560645, 14.551871074391443 ], [ 77.984873060344455, 14.549938809029641 ], [ 77.984853887697739, 14.549723205562316 ], [ 77.984840825045012, 14.549576318393235 ], [ 77.984529170385883, 14.549179205656685 ], [ 77.98442357738719, 14.549044763306028 ], [ 77.984281894594744, 14.54886437099475 ], [ 77.984223707559011, 14.54883895255648 ], [ 77.983657518680502, 14.54859161201415 ], [ 77.983346400916673, 14.548455698372607 ], [ 77.983312017136882, 14.548440677895826 ], [ 77.983208326204249, 14.547511740275468 ], [ 77.98319492900373, 14.547391724849092 ], [ 77.98298718381244, 14.546629429805193 ], [ 77.982855547346617, 14.546146405732884 ], [ 77.983189817257255, 14.545343881315944 ], [ 77.984367447100965, 14.543364311614539 ], [ 77.984701030828887, 14.543038507921665 ], [ 77.98509847811323, 14.542650328150955 ], [ 77.986136211218138, 14.542051871597437 ], [ 77.986302712601059, 14.541955847385282 ], [ 77.986603789434298, 14.541351505668274 ], [ 77.98679576231558, 14.540966155164767 ], [ 77.987291232105633, 14.54061009827825 ], [ 77.987939055144238, 14.540391781556309 ], [ 77.988893614449751, 14.540468766221409 ], [ 77.989482978857382, 14.540525951412405 ], [ 77.989504343151907, 14.540528024349669 ], [ 77.989855251419669, 14.540457668587408 ], [ 77.991990212279461, 14.539921193309283 ], [ 77.99291412089093, 14.539710046882021 ], [ 77.994164054428552, 14.539423666769665 ], [ 77.996178718374154, 14.539420761959434 ], [ 77.998735342563009, 14.539417336441772 ], [ 78.000844702422057, 14.539527024053768 ], [ 78.005503082702091, 14.538468748634671 ], [ 78.011547720252054, 14.536998575624636 ], [ 78.012540498945839, 14.536757192191544 ], [ 78.013278059036168, 14.537424248131401 ], [ 78.014372334316761, 14.538413905278333 ], [ 78.014520717058417, 14.538344890405199 ], [ 78.015043703405183, 14.538101636382237 ], [ 78.015824509194715, 14.537738459563116 ], [ 78.016677347082862, 14.537341979949247 ], [ 78.017121536630611, 14.537116622435008 ], [ 78.018224495764855, 14.536557031882353 ], [ 78.018254885655438, 14.536541618401827 ], [ 78.01942745681265, 14.535454267001683 ], [ 78.020299664299046, 14.534919559790694 ], [ 78.02105466584112, 14.534456059100705 ], [ 78.021270492340307, 14.534323561084307 ], [ 78.021299490979686, 14.53430575810512 ], [ 78.02232129439318, 14.533615379147307 ], [ 78.023046803568093, 14.533437579581459 ], [ 78.023360738907968, 14.533394928334133 ], [ 78.023624849108501, 14.533468599896821 ], [ 78.023713224586629, 14.533537057190301 ], [ 78.024551099554571, 14.534184853249201 ], [ 78.025207514715987, 14.534692359565611 ], [ 78.025293717432078, 14.534759005624437 ], [ 78.025460609120785, 14.534855094587783 ], [ 78.0254694125843, 14.534850172598226 ], [ 78.02547640121594, 14.534846265943258 ], [ 78.026602054742, 14.534236971659766 ], [ 78.026858293176645, 14.534171488424306 ], [ 78.028174415018213, 14.533835504405829 ], [ 78.028537238403828, 14.533822897709399 ], [ 78.029251848694855, 14.533798664577546 ], [ 78.03039255507332, 14.533759849838077 ], [ 78.033371152857399, 14.531053803291229 ], [ 78.033451170935791, 14.5312688042128 ], [ 78.033783756416199, 14.532162419161182 ], [ 78.034021068618415, 14.532800044787109 ], [ 78.034182936694151, 14.53304053069678 ], [ 78.034254252932385, 14.533146485222971 ], [ 78.034540860573259, 14.533572294426676 ], [ 78.034588133436614, 14.533642524283891 ], [ 78.034610865599973, 14.533676181411465 ], [ 78.035240539420329, 14.533711539157082 ], [ 78.040125607311893, 14.53398578741502 ], [ 78.040653595687843, 14.534109909145855 ], [ 78.040920801354901, 14.534471715398183 ], [ 78.041126660667828, 14.534750454870448 ], [ 78.041291194334121, 14.535085830947196 ], [ 78.0414194979125, 14.535347355596855 ], [ 78.041491452669391, 14.535494024230672 ], [ 78.04227420279318, 14.537089507875351 ], [ 78.042633373132617, 14.538357498001005 ], [ 78.043008516330929, 14.539681853135846 ], [ 78.043599751328429, 14.541314467989139 ], [ 78.04365787900889, 14.541474977189296 ], [ 78.043680621064766, 14.541643734971217 ], [ 78.043740818085269, 14.542090478593536 ], [ 78.043745152817507, 14.542270876300734 ], [ 78.043765624085268, 14.543122896705142 ], [ 78.044122383342312, 14.54525238968688 ], [ 78.044221912212436, 14.545646248676292 ], [ 78.044322243277861, 14.54604327597724 ], [ 78.044446408176157, 14.547210095070682 ], [ 78.044437945555728, 14.547222735042055 ], [ 78.044192480099866, 14.547589340076854 ], [ 78.043332125678035, 14.548874274329137 ], [ 78.041819201595843, 14.551355534431195 ], [ 78.040269607657251, 14.553939099610602 ], [ 78.039368751367761, 14.555434793581696 ], [ 78.038792274245054, 14.55638655599563 ], [ 78.038747834246124, 14.55703707340308 ], [ 78.038800646933282, 14.557334284050796 ], [ 78.038892643081965, 14.557852012061574 ], [ 78.039189602818908, 14.55865706896941 ], [ 78.039295012355922, 14.55894283304616 ], [ 78.039397165447781, 14.559595446773301 ], [ 78.039384256579183, 14.559962307215528 ], [ 78.039356479219123, 14.560751706027247 ], [ 78.039350401600757, 14.560924417228932 ], [ 78.039270316073214, 14.561045457882415 ], [ 78.039065687932123, 14.56135473113676 ], [ 78.038501271617349, 14.561862672724999 ], [ 78.037906681249297, 14.562533015686995 ], [ 78.037813372989774, 14.562855785966576 ], [ 78.037789474405713, 14.562938455246353 ], [ 78.03791909369221, 14.563618575637634 ], [ 78.038129958631657, 14.56446260106901 ], [ 78.038379253400819, 14.56492970084588 ], [ 78.038374345800378, 14.564948289832557 ], [ 78.03864477104031, 14.565461875565973 ], [ 78.03889488329321, 14.5659368821822 ], [ 78.039545147091872, 14.567171826719289 ], [ 78.039610199552044, 14.567166676301895 ], [ 78.039669328177922, 14.567161994431331 ], [ 78.040010402359144, 14.567134988689645 ], [ 78.040239592783962, 14.567116841270035 ], [ 78.040712729709696, 14.567079379110908 ], [ 78.041149235449836, 14.567044814567396 ], [ 78.041170893822652, 14.567048789570833 ], [ 78.044749479705729, 14.567706029410601 ], [ 78.047255601565723, 14.568625266943343 ], [ 78.047688065752595, 14.568783890265195 ], [ 78.04853858428919, 14.569092860447995 ], [ 78.049049311977171, 14.569278389686758 ], [ 78.049211714250191, 14.569337386112352 ], [ 78.050024413596816, 14.569894311074449 ], [ 78.050244967831986, 14.570052866947094 ], [ 78.051160771753189, 14.570711230040104 ], [ 78.051648483091981, 14.571061838833657 ], [ 78.05259757002284, 14.571660148797662 ], [ 78.052932637632125, 14.571722808161894 ], [ 78.053825221058105, 14.571889721434331 ], [ 78.054679235259471, 14.57205070187922 ], [ 78.055652485175017, 14.57223415818072 ], [ 78.056189664622309, 14.572372492797172 ], [ 78.056415753285364, 14.572430917253882 ], [ 78.057829423689952, 14.573008874660673 ], [ 78.0592716943342, 14.573534639013246 ], [ 78.059627004783408, 14.573565965997375 ], [ 78.060175184737943, 14.573522377656445 ], [ 78.060776798811219, 14.573474538220239 ], [ 78.063021654126999, 14.573207766925748 ], [ 78.064803593312149, 14.572995990073707 ], [ 78.064826186080609, 14.573099664818528 ], [ 78.064893586670678, 14.573408963253883 ], [ 78.065002947828759, 14.573910811935264 ], [ 78.065124993924314, 14.574470862041494 ], [ 78.065420635255066, 14.575827506435132 ], [ 78.065448198576462, 14.575891688351589 ], [ 78.065840379430938, 14.576804843769366 ], [ 78.065949954627683, 14.577059976937221 ], [ 78.066045030055079, 14.577227826403941 ], [ 78.066126736160925, 14.577372069566195 ], [ 78.066580693245385, 14.578173489615722 ], [ 78.067069994585552, 14.579037298333503 ], [ 78.067151020803919, 14.579180340001528 ], [ 78.067390673042098, 14.579636279191789 ], [ 78.067378078036825, 14.5796657490759 ], [ 78.067220833375757, 14.580033624852774 ], [ 78.067108371355232, 14.580271773424442 ], [ 78.067213327633965, 14.580566525325708 ], [ 78.067519412791626, 14.580720721285104 ], [ 78.067647839577091, 14.58078541941245 ], [ 78.06771259975767, 14.58080341664521 ], [ 78.06866182968065, 14.581067225572838 ], [ 78.069963727844765, 14.581429040818421 ], [ 78.070137139618282, 14.58176766164911 ], [ 78.07038962877931, 14.582260512613402 ], [ 78.070608083097511, 14.582613277081919 ], [ 78.070915664727124, 14.58310996005747 ], [ 78.071486567851821, 14.584031850590293 ], [ 78.072727122359765, 14.586034017556699 ], [ 78.074615220217197, 14.589082553817661 ], [ 78.074648853962401, 14.589316521441162 ], [ 78.074742509360306, 14.58996804159267 ], [ 78.07476484582196, 14.590123422858539 ], [ 78.075313313559548, 14.591941703647535 ], [ 78.076431550376753, 14.596105677136165 ], [ 78.077029241607192, 14.598331226705625 ], [ 78.077490277255492, 14.599641334780642 ], [ 78.078272812441298, 14.601865732318515 ], [ 78.078412708280837, 14.602237250349674 ], [ 78.078549798235599, 14.602601947922381 ], [ 78.079195563625319, 14.604316387592064 ], [ 78.080059703293671, 14.606016493866946 ], [ 78.080073151755528, 14.606042952820872 ], [ 78.080859060298394, 14.607589119443162 ], [ 78.081079399595581, 14.608009193670227 ], [ 78.08123613973703, 14.60830801320509 ], [ 78.081355918641691, 14.609190338963799 ], [ 78.081476052778612, 14.61007527275649 ], [ 78.081765439324556, 14.611869627082456 ], [ 78.08184821112701, 14.612382848590414 ], [ 78.081943877409003, 14.612976014432377 ], [ 78.081969312934405, 14.612975815682205 ], [ 78.082134174853252, 14.612974525155039 ], [ 78.082269419399154, 14.612973467552308 ], [ 78.082880838780682, 14.612968679561789 ], [ 78.083021364145623, 14.613089243574564 ], [ 78.083129390709814, 14.613248493723859 ], [ 78.084038956033964, 14.614589348720301 ], [ 78.08501587788146, 14.616029473582216 ], [ 78.085214581288881, 14.616389332802328 ], [ 78.08537858075789, 14.616833443209714 ], [ 78.085531364781616, 14.617247184410871 ], [ 78.085789106882771, 14.617945144653561 ], [ 78.086102799405637, 14.618794613681303 ], [ 78.086332576188397, 14.619416838417237 ], [ 78.086795182052981, 14.621286530749671 ], [ 78.087504209352744, 14.625874859238195 ], [ 78.088121664084497, 14.629573921899805 ], [ 78.088169990953304, 14.629863434350852 ], [ 78.088406211378526, 14.631278548167302 ], [ 78.088656817359208, 14.63123162693887 ], [ 78.088678755421199, 14.631227519735091 ], [ 78.090283853717835, 14.630926986092391 ], [ 78.094742201392478, 14.630217852672615 ], [ 78.095657371291622, 14.630072256929964 ], [ 78.098297449868369, 14.629652287923591 ], [ 78.099200519389456, 14.629508624824041 ], [ 78.100036786369571, 14.629400970579184 ], [ 78.102572500421559, 14.62889159816956 ], [ 78.102629605572815, 14.628880127316847 ], [ 78.103733410069822, 14.628694024310619 ], [ 78.104486346768454, 14.628567164144158 ], [ 78.105586169966728, 14.628542091045517 ], [ 78.10641001461147, 14.628585542689507 ], [ 78.107600202588287, 14.628648310871711 ], [ 78.110636585411044, 14.628795616225545 ], [ 78.110717730339957, 14.628799552558178 ], [ 78.112187161409338, 14.628870872393691 ], [ 78.112864148562608, 14.628904073564968 ], [ 78.113523169059988, 14.628936012987481 ], [ 78.113744181949414, 14.628946723913032 ], [ 78.112731345676025, 14.626250967409078 ], [ 78.112719751616225, 14.626220108971722 ], [ 78.112703979306161, 14.626178128618619 ], [ 78.114022291896219, 14.625807188851525 ], [ 78.116026601947112, 14.625243207808637 ], [ 78.11670932857362, 14.625051096431832 ], [ 78.117884302719403, 14.62486518767912 ], [ 78.118790888589615, 14.624721740416817 ], [ 78.119925497564623, 14.624657360649508 ], [ 78.119931869261336, 14.624656999122067 ], [ 78.120447023412396, 14.624597281440231 ], [ 78.122026929899903, 14.624414123713677 ], [ 78.122236046557305, 14.624389880689307 ], [ 78.122382697204671, 14.62518319874647 ], [ 78.122511406377271, 14.625879456572534 ], [ 78.122521777359111, 14.625935562577013 ], [ 78.122595759187902, 14.62633727984246 ], [ 78.122725326313741, 14.626286971767172 ], [ 78.122761297396949, 14.626273112315118 ], [ 78.122860662590483, 14.626234826376958 ], [ 78.123291415367532, 14.626068855594042 ], [ 78.123482409786391, 14.626929766696207 ], [ 78.12406449598069, 14.629553482108349 ], [ 78.124288225722012, 14.630561909005735 ], [ 78.123892650826178, 14.631210704211469 ], [ 78.122790683644098, 14.632861444900584 ], [ 78.122418691670248, 14.6332731500367 ], [ 78.121830082693123, 14.633563374750793 ], [ 78.121652497165996, 14.633650935443143 ], [ 78.121557724810145, 14.633697665116017 ], [ 78.121524631557463, 14.633722750805134 ], [ 78.121293988727587, 14.633897596098052 ], [ 78.1204260494236, 14.634555555395423 ], [ 78.119991432259781, 14.634754144588953 ], [ 78.119952254194175, 14.634772045594275 ], [ 78.119667738376393, 14.634902278218419 ], [ 78.119690495720761, 14.634933503579191 ], [ 78.120134812972196, 14.635543166584739 ], [ 78.120615177749244, 14.636202287806213 ], [ 78.121757480424378, 14.637769378954545 ], [ 78.12312426917066, 14.639645191173486 ], [ 78.123821961415388, 14.640697603912145 ], [ 78.125774374288937, 14.643642599427267 ], [ 78.126392665390199, 14.644575199087001 ], [ 78.126458506555821, 14.644674510321238 ], [ 78.127432798785605, 14.646144063698443 ], [ 78.128351249411594, 14.647532972169756 ], [ 78.12868105958421, 14.648031748767039 ], [ 78.12917855824486, 14.648784110798942 ], [ 78.129865723025659, 14.649823296308909 ], [ 78.129939192240897, 14.65021264519828 ], [ 78.130188200126327, 14.651532251013407 ], [ 78.130412096242253, 14.6530223062353 ], [ 78.130556925762505, 14.654351934095359 ], [ 78.130657801817108, 14.655879948801442 ], [ 78.130859058399778, 14.659014546584899 ], [ 78.131107077930267, 14.663180746794865 ], [ 78.131315023670368, 14.665203667416165 ], [ 78.131376400601368, 14.665800740812415 ], [ 78.131947935050164, 14.67012943682488 ], [ 78.13202896666445, 14.670779070198762 ], [ 78.132718205281947, 14.67630454621866 ], [ 78.133211246902476, 14.678957430242065 ], [ 78.133517840177149, 14.680349092437496 ], [ 78.135160849394651, 14.688220575020352 ], [ 78.134784069430225, 14.688250395640125 ], [ 78.133652351775595, 14.688339960921326 ], [ 78.133691542431734, 14.68844981400855 ], [ 78.134064418439152, 14.689495035768118 ], [ 78.134157464096688, 14.689703851152672 ], [ 78.134419854793464, 14.690292708342668 ], [ 78.134568315776107, 14.691048507583389 ], [ 78.134724299587731, 14.691842608050763 ], [ 78.1350306770251, 14.696208018885841 ], [ 78.134601336183721, 14.696313280934021 ], [ 78.134111232648252, 14.696433437553935 ], [ 78.133555384174599, 14.696555634735603 ], [ 78.132488366445955, 14.696790200408259 ], [ 78.132470358421301, 14.696794159223941 ], [ 78.130931525770279, 14.697132434714945 ], [ 78.130584410842857, 14.697208738593247 ], [ 78.130457390597087, 14.697283922815643 ], [ 78.130404085081466, 14.697315476428969 ], [ 78.128700160285177, 14.697662898025158 ], [ 78.125586764918239, 14.698100973981639 ], [ 78.122955284759541, 14.698066548833026 ], [ 78.122628023265634, 14.698062265362125 ], [ 78.12218909025529, 14.698056519593536 ], [ 78.122182119610102, 14.698056428762015 ], [ 78.119892478955705, 14.697949331197549 ], [ 78.119823725785295, 14.697946115221896 ], [ 78.119597333151376, 14.697935523906153 ], [ 78.119596746793434, 14.697923083584271 ], [ 78.119430591649461, 14.694400008354535 ], [ 78.119389887434352, 14.693536903805921 ], [ 78.119256776979682, 14.693550465582348 ], [ 78.118913987791302, 14.693585390754038 ], [ 78.117307468565798, 14.693749060171854 ], [ 78.117202640890127, 14.693759739621157 ], [ 78.116927183044027, 14.693787801166934 ], [ 78.116925444654555, 14.693749014306434 ], [ 78.116897030574478, 14.693115183819543 ], [ 78.116858857051568, 14.692263574405274 ], [ 78.116686601806236, 14.692284379321507 ], [ 78.114705541928174, 14.692523648448457 ], [ 78.11399090106022, 14.69260995728456 ], [ 78.110186191440562, 14.693069417320601 ], [ 78.109872490823761, 14.693107296765163 ], [ 78.109885075037141, 14.693221568221645 ], [ 78.109885868239189, 14.693228771791212 ], [ 78.110309296937487, 14.69707370538805 ], [ 78.11014409327629, 14.697074790869749 ], [ 78.109888925934172, 14.697076467206045 ], [ 78.109191344306055, 14.697081048352572 ], [ 78.109199883368888, 14.697146989342912 ], [ 78.109219409449167, 14.697297778670418 ], [ 78.109857436172717, 14.70222506073884 ], [ 78.109418852099338, 14.70223351886267 ], [ 78.10841025343143, 14.702252966701906 ], [ 78.107329158614732, 14.702273806691665 ], [ 78.107173800731289, 14.702276802333415 ], [ 78.10707413066757, 14.701093347580752 ], [ 78.107001327849957, 14.700228906639552 ], [ 78.105020248186861, 14.700425011006303 ], [ 78.10467294889844, 14.700459387591536 ], [ 78.103953202579191, 14.700577000928718 ], [ 78.0967857335757, 14.701748091801846 ], [ 78.096801138063029, 14.701841722018685 ], [ 78.096818780063643, 14.701948961676067 ], [ 78.097418031617849, 14.705591421907457 ], [ 78.097424405113202, 14.705630165600496 ], [ 78.097507260552618, 14.705613388747736 ], [ 78.097587837109984, 14.70559707414651 ], [ 78.097827986673224, 14.705548449602134 ], [ 78.0979386644388, 14.706317903249499 ], [ 78.098075091593159, 14.707266380439933 ], [ 78.098194881289714, 14.708099167943089 ], [ 78.098170996195506, 14.708229425748243 ], [ 78.09803736143607, 14.708463130769701 ], [ 78.09801027925198, 14.708510491766617 ], [ 78.097962845409995, 14.708705441403822 ], [ 78.097957990869588, 14.709053568967875 ], [ 78.097795398839537, 14.709083287064914 ], [ 78.097696868216872, 14.709101295988887 ], [ 78.095402614040381, 14.70952061658403 ], [ 78.095433164010274, 14.709705713248923 ], [ 78.095434936574065, 14.709716451154122 ], [ 78.095526310391904, 14.710270075604342 ], [ 78.095773732772557, 14.711766730051409 ], [ 78.095691853996868, 14.711772424558603 ], [ 78.095521311060622, 14.711784288415004 ], [ 78.094852087754646, 14.711830838223477 ], [ 78.094722140215595, 14.71183987730933 ], [ 78.094686802255126, 14.712059155406564 ], [ 78.094533967869324, 14.71300748960482 ], [ 78.094380074082153, 14.713962385256707 ], [ 78.094354646650629, 14.714119754024296 ], [ 78.094253937869894, 14.714169250011707 ], [ 78.09409033140463, 14.714249658395886 ], [ 78.094079742786903, 14.714254860074561 ], [ 78.093837130879876, 14.71437405711788 ], [ 78.089785869423338, 14.716279023558968 ], [ 78.087618398071584, 14.717121785442885 ], [ 78.087133041157927, 14.717310499181053 ], [ 78.087036147301319, 14.717331528927787 ], [ 78.085338838817336, 14.717699904727681 ], [ 78.082178498839653, 14.718267295100418 ], [ 78.08013560517503, 14.718581000213817 ], [ 78.079960416341123, 14.718608067109471 ], [ 78.078661973372334, 14.718721376291342 ], [ 78.078212276376462, 14.718775924670013 ], [ 78.077855655614997, 14.718819181161109 ], [ 78.077696483706745, 14.718804136402639 ], [ 78.07678382291607, 14.718717871633316 ], [ 78.074197016580058, 14.718226714092452 ], [ 78.072569045825787, 14.717943880006885 ], [ 78.069939399384737, 14.717320955598495 ], [ 78.068492151892258, 14.716866404062159 ], [ 78.067216565193291, 14.716306171393569 ], [ 78.066959136955575, 14.716193076250306 ], [ 78.066826340364287, 14.716311111369521 ], [ 78.066726009298861, 14.716400289942271 ], [ 78.066172217574774, 14.716892517676399 ], [ 78.065311182366145, 14.717658239137279 ], [ 78.065089451817755, 14.717855375925694 ], [ 78.065084163804102, 14.717859826670519 ], [ 78.064924350679235, 14.718031791434896 ], [ 78.064247199849376, 14.71868572986341 ], [ 78.064228170194895, 14.718704108408701 ], [ 78.063980111094224, 14.718943662620802 ], [ 78.063679061240691, 14.719234390055931 ], [ 78.06387361967279, 14.719449096899154 ], [ 78.064174307099563, 14.719780921553138 ], [ 78.064256038386418, 14.719871117259117 ], [ 78.065834436710873, 14.721612945781658 ], [ 78.06725806081181, 14.724981638892359 ], [ 78.067481296825349, 14.725454143594675 ], [ 78.06912994209415, 14.728943611159593 ], [ 78.069274264396768, 14.729249073986409 ], [ 78.06997161040249, 14.730569288642585 ], [ 78.071296724565173, 14.733077942094212 ], [ 78.071969852727477, 14.734388313670593 ], [ 78.072482534642234, 14.735386335411874 ], [ 78.073010371032751, 14.736413843225137 ], [ 78.073263514000928, 14.736906618646401 ], [ 78.073575636307567, 14.737456286079578 ], [ 78.075146778901683, 14.740223098018419 ], [ 78.075399750099393, 14.740668576294638 ], [ 78.077665835710718, 14.745199296011549 ], [ 78.077709862920813, 14.745308488996443 ], [ 78.077799125130525, 14.745529868809228 ], [ 78.077844065152476, 14.745641323589041 ], [ 78.077938059594771, 14.745874439554598 ], [ 78.077933447871317, 14.745885104614729 ], [ 78.076730164866206, 14.748667131283923 ], [ 78.0764552124391, 14.750211713300757 ], [ 78.076470989245763, 14.751569106829663 ], [ 78.076482962819455, 14.752140972228915 ], [ 78.076488471167011, 14.752404051806423 ], [ 78.076503664313634, 14.753129655410135 ], [ 78.074744950120305, 14.754027614083952 ], [ 78.074724641629871, 14.754088766184452 ], [ 78.074541425447421, 14.754640500259711 ], [ 78.074327642207891, 14.755284279946409 ], [ 78.07387156811933, 14.755408916988756 ], [ 78.073455882583914, 14.755522515752375 ], [ 78.073260332199538, 14.75608630074305 ], [ 78.073264288317205, 14.756402041921547 ], [ 78.073268615854943, 14.756747381587218 ], [ 78.073274287879087, 14.757200045446609 ], [ 78.072218067410859, 14.75758448223894 ], [ 78.071265931778328, 14.758019621009566 ], [ 78.070506741194151, 14.758366580354277 ], [ 78.070069449446521, 14.758566425001391 ], [ 78.070013958578329, 14.758591784983764 ], [ 78.069757367609384, 14.758137550908089 ], [ 78.069609864404697, 14.757876429154749 ], [ 78.068192948346848, 14.758298991805873 ], [ 78.067854578427045, 14.758855777373071 ], [ 78.066502427945693, 14.759586697768725 ], [ 78.065188537322115, 14.760404604190001 ], [ 78.065199840001583, 14.760483132091736 ], [ 78.065216676209616, 14.760600114104818 ], [ 78.065236656447496, 14.760738945147068 ], [ 78.065327675932451, 14.761371361899705 ], [ 78.065205347449819, 14.761422950609528 ], [ 78.062354268135948, 14.762625301017692 ], [ 78.062062787068953, 14.762748221254242 ], [ 78.061708294103482, 14.763283189268634 ], [ 78.061608715770603, 14.763433462385251 ], [ 78.060728669793264, 14.763925897862748 ], [ 78.060699195412496, 14.764644041590088 ], [ 78.060666421419171, 14.765394201182289 ], [ 78.058999920111205, 14.765856305225157 ], [ 78.056852954201474, 14.766960334552664 ], [ 78.055973382166826, 14.767745565906012 ], [ 78.054126936409943, 14.768915777242171 ], [ 78.051671968887263, 14.769818913313031 ], [ 78.04976358592171, 14.770110401574641 ], [ 78.049720592032656, 14.770458794438639 ], [ 78.049680224163978, 14.770785901249212 ], [ 78.049656930823687, 14.770789937406562 ], [ 78.047415455160092, 14.771178283551819 ], [ 78.047366707408628, 14.771518953937402 ], [ 78.04730582060813, 14.771944437586569 ], [ 78.04724884405988, 14.772085275915629 ], [ 78.047131828771853, 14.772374524865256 ], [ 78.046928276219944, 14.772472405278108 ], [ 78.046432978200357, 14.772619495694016 ], [ 78.046410102145501, 14.772839641637006 ], [ 78.046438885846896, 14.773019116639773 ], [ 78.046489203814701, 14.773332856826755 ], [ 78.046609161684444, 14.774080810381918 ], [ 78.047000221983637, 14.775056058591076 ], [ 78.0471678915859, 14.775217635286481 ], [ 78.047750972430435, 14.77577951461376 ], [ 78.049032523433198, 14.777457603686287 ], [ 78.049929181687389, 14.778631684805248 ], [ 78.050057434004373, 14.778799617908874 ], [ 78.051684903836247, 14.780994908888772 ], [ 78.053460886811479, 14.782593002366013 ], [ 78.055197026222743, 14.784134582445859 ], [ 78.05546577242842, 14.784542105734431 ], [ 78.055708196377168, 14.784909714412663 ], [ 78.055824356409914, 14.785085855628608 ], [ 78.056389399552131, 14.786203639187477 ], [ 78.056934856359533, 14.787282658368838 ], [ 78.056985310124958, 14.787432131988169 ], [ 78.057628512446854, 14.789337644317698 ], [ 78.058039930699238, 14.790012084590899 ], [ 78.058114481798896, 14.790134297061002 ], [ 78.058272258858665, 14.79039293938348 ], [ 78.058414924610076, 14.790626808980903 ], [ 78.059846909708085, 14.791005487414168 ], [ 78.060839199170687, 14.791706126737211 ], [ 78.060936123604222, 14.79179763365471 ], [ 78.061422851084671, 14.792257153945343 ], [ 78.061609215793681, 14.792781084580213 ], [ 78.061959848868923, 14.793766816186462 ], [ 78.062107658742434, 14.793985961184035 ], [ 78.062372307636849, 14.794378336292027 ], [ 78.063705774702726, 14.796355335730993 ], [ 78.064677550629426, 14.797359235441206 ], [ 78.065837979140383, 14.79775854881882 ], [ 78.065924121601938, 14.79798710432226 ], [ 78.06621942029102, 14.79877059458812 ], [ 78.066871890126606, 14.800501717581028 ], [ 78.067033679062035, 14.800930969389583 ], [ 78.068751129661905, 14.805548952123274 ], [ 78.069165716225825, 14.806397270918183 ], [ 78.069664481131895, 14.807417821576053 ], [ 78.06976898505161, 14.807631655177602 ], [ 78.069994897447543, 14.808093902212647 ], [ 78.070572469045203, 14.809275682427653 ], [ 78.070595026740079, 14.809321838333005 ], [ 78.070990648400709, 14.810186165060315 ], [ 78.071463538912155, 14.811219297233606 ], [ 78.071487168598935, 14.811270919218373 ], [ 78.07179851658924, 14.811951119649279 ], [ 78.071915363704079, 14.812178855870343 ], [ 78.072269213654295, 14.812868509075258 ], [ 78.072805721307986, 14.813914154415556 ], [ 78.074741403194196, 14.815881628235388 ], [ 78.074777505578425, 14.815923768667858 ], [ 78.07523267494895, 14.816455063850981 ], [ 78.075614342728727, 14.816900561012915 ], [ 78.075647092440363, 14.817012230730711 ], [ 78.075656446288917, 14.817044127885026 ], [ 78.075943701441645, 14.818023613699665 ], [ 78.075918159796231, 14.819261783205604 ], [ 78.075525693856662, 14.821129256011204 ], [ 78.075512769699515, 14.821190751652694 ], [ 78.075520347387112, 14.821212993685549 ], [ 78.075922928001717, 14.822394583244261 ], [ 78.076046124330162, 14.823285209745507 ], [ 78.076378141439079, 14.825685434635943 ], [ 78.076398869013588, 14.825795716699815 ], [ 78.076460152415109, 14.826121776699495 ], [ 78.076586228372719, 14.826792571121132 ], [ 78.076790655964999, 14.827880223794125 ], [ 78.076926272830235, 14.827838256930875 ], [ 78.078367479576514, 14.827392266041102 ], [ 78.080503650923731, 14.826731190592795 ], [ 78.080520429575131, 14.826723772984565 ], [ 78.083347080604256, 14.825473902399551 ], [ 78.083722198621558, 14.825119363568604 ], [ 78.084144400644561, 14.824560628271229 ], [ 78.084314180955687, 14.824335941651213 ], [ 78.08464285078793, 14.823900980946348 ], [ 78.085418984599414, 14.823623547289742 ], [ 78.087478911423602, 14.822872209585682 ], [ 78.088399413403181, 14.822536457592321 ], [ 78.090975667993689, 14.821595470855129 ], [ 78.094781538638074, 14.81964813015793 ], [ 78.098007655929564, 14.818268516179955 ], [ 78.099633235386477, 14.81790237789329 ], [ 78.100680361010859, 14.817666519894829 ], [ 78.100895272899493, 14.817618112087075 ], [ 78.10140912573155, 14.817687069403576 ], [ 78.101446527636142, 14.817797650042394 ], [ 78.101656007619624, 14.818416994249731 ], [ 78.102559885631194, 14.821089334206249 ], [ 78.103552045591414, 14.824264671278399 ], [ 78.104030157566683, 14.82579480119 ], [ 78.104552428952388, 14.82711266142104 ], [ 78.105008629845372, 14.82826379094206 ], [ 78.105413191666457, 14.829894199758371 ], [ 78.105902841943589, 14.831867479601328 ], [ 78.106060010162309, 14.832500858628578 ], [ 78.106128383818827, 14.83277640191028 ], [ 78.106243469161768, 14.833081559866969 ], [ 78.106771767803821, 14.834482378959478 ], [ 78.106959994109445, 14.835027726948908 ], [ 78.107040699269817, 14.835261553378814 ], [ 78.107857947387345, 14.837629324434602 ], [ 78.107890172794214, 14.837722686653535 ], [ 78.108325831373008, 14.838984874353343 ], [ 78.108620699286803, 14.840291650440179 ], [ 78.108704636610696, 14.840663633420775 ], [ 78.108789268211126, 14.840876945415573 ], [ 78.109003742129971, 14.841417518004903 ], [ 78.109109956560246, 14.84168522729226 ], [ 78.109465983769098, 14.842582572628487 ], [ 78.109923315109882, 14.84327477541143 ], [ 78.11059751256613, 14.84429521455337 ], [ 78.111450677807511, 14.845586513307808 ], [ 78.111912435611373, 14.846664634066485 ], [ 78.111923931645094, 14.846691474332943 ], [ 78.112788395069344, 14.848709808411797 ], [ 78.113499405374228, 14.850369828305759 ], [ 78.113614493415128, 14.850638525048737 ], [ 78.113744385196185, 14.851075609052941 ], [ 78.113830495282116, 14.851365376911474 ], [ 78.113850634699986, 14.851433145324222 ], [ 78.113853799414301, 14.851443793297278 ], [ 78.113799092754903, 14.851477931562158 ], [ 78.113609021040475, 14.851596540448838 ], [ 78.11087456940686, 14.853302873629559 ], [ 78.109325976413686, 14.854543661961259 ], [ 78.108143415587165, 14.854828840579387 ], [ 78.105062091843024, 14.854494358428724 ], [ 78.103731520594181, 14.85484935681319 ], [ 78.100888125087863, 14.855958273056729 ], [ 78.098243763040216, 14.856456276236997 ], [ 78.097931521123769, 14.856515078409018 ], [ 78.097378729445779, 14.856585336145201 ], [ 78.097285074947251, 14.856597238672464 ], [ 78.09652217465964, 14.856694199078902 ], [ 78.09646122760455, 14.85670194493963 ], [ 78.095588113601536, 14.856812909588939 ], [ 78.095272242920657, 14.856853051727796 ], [ 78.095090956683293, 14.856876090559979 ], [ 78.093887055843936, 14.857154571926799 ], [ 78.093274927796642, 14.857296162988405 ], [ 78.09114949795196, 14.857787782780804 ], [ 78.090441944640986, 14.858016441706297 ], [ 78.090406799135451, 14.858027800143702 ], [ 78.090389958430819, 14.858033241941428 ], [ 78.089519492931231, 14.858314533689622 ], [ 78.089545357433281, 14.858410268320085 ], [ 78.089548291021799, 14.85842112763379 ], [ 78.089652350676431, 14.858806298272896 ], [ 78.089774223202824, 14.859257396412545 ], [ 78.089843849614965, 14.859514955051964 ], [ 78.089929098150321, 14.860004872427794 ], [ 78.089988582907779, 14.860346727220531 ], [ 78.09025536409473, 14.861879875256875 ], [ 78.090110348414839, 14.861992636751609 ], [ 78.089848585444827, 14.862196177612361 ], [ 78.089734945312443, 14.862284541399333 ], [ 78.089697999364148, 14.862313269342735 ], [ 78.089667791136606, 14.862336758735296 ], [ 78.089723589572998, 14.862428367276152 ], [ 78.089957301789013, 14.862812072020347 ], [ 78.090035376432468, 14.862940250592942 ], [ 78.090078445864549, 14.863084330078607 ], [ 78.090255233693085, 14.863675721558138 ], [ 78.090390951282359, 14.864129726306658 ], [ 78.090533395800549, 14.864606227596198 ], [ 78.090601296413695, 14.864833367566689 ], [ 78.091117019835565, 14.866558523557842 ], [ 78.091196329248191, 14.866823821762807 ], [ 78.091365042064012, 14.867344933922425 ], [ 78.091434107299165, 14.867558254910364 ], [ 78.091487042294148, 14.867721757953632 ], [ 78.09292850804519, 14.872173929983717 ], [ 78.092968076416582, 14.872295422996217 ], [ 78.092971635033905, 14.872309983919479 ], [ 78.093168084740284, 14.873113725119197 ], [ 78.09428357502793, 14.877677440062655 ], [ 78.094455924702117, 14.878382543620319 ], [ 78.094582829834735, 14.878901724935531 ], [ 78.094480892580123, 14.878925052450086 ], [ 78.093669697799271, 14.879110684211582 ], [ 78.093709447833703, 14.879215564947231 ], [ 78.095034625848257, 14.882711947399287 ], [ 78.095090078045644, 14.882858250009065 ], [ 78.095535314404231, 14.884032943566353 ], [ 78.095210797641187, 14.884462502942995 ], [ 78.095181016591596, 14.884501922926233 ], [ 78.094665968560605, 14.885183679184308 ], [ 78.094904108139076, 14.885751903228595 ], [ 78.097457981301773, 14.891845495374184 ], [ 78.097714456258132, 14.892457429167848 ], [ 78.098630691853941, 14.894643472419148 ], [ 78.098989756073365, 14.895647749844613 ], [ 78.099283684195655, 14.896469838113376 ], [ 78.099304241798279, 14.896527333570418 ], [ 78.099452849370493, 14.896942971441831 ], [ 78.10181412822044, 14.903546945935659 ], [ 78.101881725762041, 14.90373599512094 ], [ 78.102935833722711, 14.90668394940559 ], [ 78.103167766180434, 14.907332567444882 ], [ 78.103791626783106, 14.909077224335306 ], [ 78.10386203380682, 14.909274118306769 ], [ 78.104107599986719, 14.9099608460171 ], [ 78.106211903857229, 14.915947422436432 ], [ 78.106508835715204, 14.916792140345876 ], [ 78.106847255997025, 14.917754876287347 ], [ 78.108099755300429, 14.921317894006449 ], [ 78.108568563789163, 14.922651493272667 ], [ 78.108651204290652, 14.922886573357516 ], [ 78.109025466153298, 14.923753448763478 ], [ 78.110789546601268, 14.927839346709334 ], [ 78.111118375613501, 14.928600950174541 ], [ 78.111231430287262, 14.928862794083557 ], [ 78.112199286968519, 14.930573560921971 ], [ 78.112337810442568, 14.930818409442907 ], [ 78.112399887945458, 14.930910485631273 ], [ 78.11246964835658, 14.931013958927906 ], [ 78.112530531559742, 14.931104266149816 ], [ 78.112605229248913, 14.931215061726562 ], [ 78.113110993578459, 14.931965238405894 ], [ 78.1134269029302, 14.932367218273328 ], [ 78.113736956796117, 14.932490411004494 ], [ 78.113804491385167, 14.932517243177074 ], [ 78.114064650863952, 14.932607818396946 ], [ 78.114464763738852, 14.932747117086649 ], [ 78.115128152243415, 14.932978071981267 ], [ 78.115736426695719, 14.933189837142095 ], [ 78.119985615444762, 14.934189047787186 ], [ 78.122382456186358, 14.934752631329729 ], [ 78.122714265551906, 14.93483064931587 ], [ 78.122787343562038, 14.934999961080166 ], [ 78.122968171145146, 14.93541891205399 ], [ 78.122974943040163, 14.935434601626412 ], [ 78.123086568691178, 14.93569322236516 ], [ 78.123282770184687, 14.936147790089308 ], [ 78.123345154356343, 14.93629232373263 ], [ 78.123682644739233, 14.937074230292353 ], [ 78.123852407963227, 14.93746753709803 ], [ 78.123915206722415, 14.937613027619989 ], [ 78.123927167705631, 14.937640738430161 ], [ 78.124114409253536, 14.937649699275028 ], [ 78.124217854671258, 14.93765464914361 ], [ 78.124992540574283, 14.937691718298993 ], [ 78.125519744741382, 14.937716944282386 ], [ 78.125527621003869, 14.937691793842077 ], [ 78.12568953944168, 14.937174741222179 ], [ 78.126418668387828, 14.934846384753712 ], [ 78.126685510728691, 14.933994251934052 ], [ 78.126699732607563, 14.933948835271394 ], [ 78.126710654873818, 14.933913955065805 ], [ 78.126865953401989, 14.933948800197811 ], [ 78.128578759902837, 14.934333110185719 ], [ 78.129262635862915, 14.93448654981529 ], [ 78.131015292222912, 14.934867551197385 ], [ 78.131182460003515, 14.934903890103271 ], [ 78.131301256848531, 14.935059735419316 ], [ 78.131430073939725, 14.935228725226352 ], [ 78.132172257444722, 14.936202360051709 ], [ 78.133813226100472, 14.93835502496529 ], [ 78.13444344940666, 14.939181751937156 ], [ 78.134939028014685, 14.939831845763933 ], [ 78.135141197409325, 14.940275855447226 ], [ 78.135263500710948, 14.940461846937524 ], [ 78.135984017749195, 14.941690078934869 ], [ 78.13636666129338, 14.942558170224231 ], [ 78.136700516616543, 14.943352226624825 ], [ 78.137020640191395, 14.944092806638594 ], [ 78.137106225073182, 14.944290799581609 ], [ 78.13724508759168, 14.944579106041772 ], [ 78.137446521340848, 14.944997318672165 ], [ 78.137538968949229, 14.945166412800575 ], [ 78.137612734041397, 14.945552336172227 ], [ 78.137699539303298, 14.945877942014249 ], [ 78.137771702702878, 14.946380294315986 ], [ 78.137787635092252, 14.94649016988626 ], [ 78.137613269138058, 14.947922615437221 ], [ 78.137532454260338, 14.948585015586843 ], [ 78.13751693555912, 14.948712206703817 ], [ 78.137524474575798, 14.948718364361866 ], [ 78.138100788921236, 14.949189102795685 ], [ 78.138106088626046, 14.949191762990324 ], [ 78.138108926886446, 14.949194081442556 ], [ 78.138953619614824, 14.949618171142561 ], [ 78.139407716094183, 14.949582769330164 ], [ 78.141116152789209, 14.949537447096361 ], [ 78.141837275071168, 14.949670746408685 ], [ 78.142858293376491, 14.949642706446582 ], [ 78.146049680649242, 14.94950513715321 ], [ 78.148410595273731, 14.949302490218599 ], [ 78.150877450035296, 14.949279376742709 ], [ 78.151327407834572, 14.949339946082489 ], [ 78.151330223611922, 14.949340325596381 ], [ 78.151526373844035, 14.949508101318656 ], [ 78.15172905225495, 14.949956994320701 ], [ 78.151725106929121, 14.949971057019525 ], [ 78.151962927248292, 14.953372314581486 ], [ 78.151999875894546, 14.955851335371676 ], [ 78.152146549025019, 14.956527950205611 ], [ 78.152366500714436, 14.958164825147435 ], [ 78.152722584580602, 14.959078226080123 ], [ 78.153193362584602, 14.959896726953218 ], [ 78.153612743434337, 14.960329017570928 ], [ 78.153685595714649, 14.960384306091726 ], [ 78.15375725009801, 14.960438683599193 ], [ 78.155174503401611, 14.961514238592088 ], [ 78.156606833839305, 14.962510387944917 ], [ 78.156614175904451, 14.962515107587024 ], [ 78.157205309278595, 14.962895146694507 ], [ 78.159907086743658, 14.963329371753957 ], [ 78.162994649984114, 14.96397625679964 ], [ 78.165723656222724, 14.964493373271409 ], [ 78.16883115473496, 14.964740695827288 ], [ 78.172899693067336, 14.964751704428465 ], [ 78.174076995557868, 14.964816461011708 ], [ 78.175839137966818, 14.964913375552669 ], [ 78.179623448264522, 14.964975687778633 ], [ 78.180389594205394, 14.964930423101407 ], [ 78.180874868381466, 14.964688777066272 ], [ 78.181942414911475, 14.964371981882323 ], [ 78.183324565877001, 14.963852651279694 ], [ 78.185257841177418, 14.962990160967991 ], [ 78.189039457106219, 14.961152038436694 ], [ 78.192537184044795, 14.959883494328665 ], [ 78.19608649159926, 14.958441596003695 ], [ 78.200375131807846, 14.95634237959797 ], [ 78.201537703403289, 14.95581229580165 ], [ 78.203812609565261, 14.954775006961825 ], [ 78.206880692590858, 14.953857586958918 ], [ 78.209699030287027, 14.952998291938457 ], [ 78.210366279581137, 14.952924131144584 ], [ 78.210904311585693, 14.952972256565261 ], [ 78.211597696977094, 14.953063655564108 ], [ 78.21287282861914, 14.953482630819622 ], [ 78.21618718109454, 14.954750065164205 ], [ 78.216907633381538, 14.954938182651858 ], [ 78.219326887926513, 14.95563145113141 ], [ 78.220517600208041, 14.956042903558 ], [ 78.220630761001814, 14.956391269442406 ], [ 78.22137439601255, 14.958680508099803 ], [ 78.222180258712967, 14.961343840446716 ], [ 78.22279681232402, 14.965106009435658 ], [ 78.22316290024861, 14.968484190393895 ], [ 78.223417351730404, 14.971749700688974 ], [ 78.223715858301205, 14.973818922905821 ], [ 78.224303755015285, 14.975598706416008 ], [ 78.224488071967926, 14.976661293184975 ], [ 78.224552770095272, 14.978190552552803 ], [ 78.224690839411664, 14.97846768943316 ], [ 78.226157955626149, 14.980083438400811 ], [ 78.227296667308337, 14.982076186767472 ], [ 78.228090982713638, 14.98417916503729 ], [ 78.229329697208755, 14.985915960054342 ], [ 78.230336713969166, 14.988209846408154 ], [ 78.23129404858247, 14.990851895399487 ], [ 78.23196270081894, 14.993981377839191 ], [ 78.232522134889621, 14.995702494075715 ], [ 78.232529842079543, 14.995704688421483 ], [ 78.232531311571734, 14.995709208414098 ], [ 78.233130770869366, 14.995879818799438 ], [ 78.233138692097953, 14.995882071601159 ], [ 78.233720991431596, 14.997941103599885 ], [ 78.234636212592136, 15.000715695573717 ], [ 78.235700835426201, 15.003827288699256 ], [ 78.236050809298376, 15.004991900856396 ], [ 78.241777394412225, 15.001700617790107 ], [ 78.243765287339102, 15.000558040821772 ], [ 78.243771835302937, 15.000566545710342 ], [ 78.243866262319159, 15.000689202445585 ], [ 78.244743120199814, 15.001828179427775 ], [ 78.245887097412606, 15.004075844225667 ], [ 78.247164123026835, 15.007323034431352 ], [ 78.248057305401289, 15.008402345892421 ], [ 78.24889134476075, 15.009428072148637 ], [ 78.250041201741055, 15.010941000727428 ], [ 78.251327627968635, 15.013422446089862 ], [ 78.254438079854481, 15.019593046282921 ], [ 78.256546606941356, 15.023921689235408 ], [ 78.260489256375081, 15.027508774611135 ], [ 78.262934990558335, 15.027680267231403 ], [ 78.273088386820575, 15.028391908860328 ], [ 78.277100579928799, 15.028763140907074 ], [ 78.277453874098001, 15.028795826766839 ], [ 78.277911598442472, 15.028838172244718 ], [ 78.27841051803199, 15.029052264850975 ], [ 78.27862256917723, 15.029143258255601 ], [ 78.279941392582202, 15.02970917284091 ], [ 78.280050804102302, 15.029761073615532 ], [ 78.280395054688995, 15.029924373411973 ], [ 78.28160254382334, 15.03049715342172 ], [ 78.283628532032083, 15.03145817075881 ], [ 78.283733523384399, 15.031507971616463 ], [ 78.283885336140315, 15.031579982131348 ], [ 78.283889262580374, 15.031585069596133 ], [ 78.283894850967556, 15.031587721696837 ], [ 78.284139655421768, 15.031904956649271 ], [ 78.283755206938224, 15.038474756905373 ], [ 78.283717896764529, 15.038535090622759 ], [ 78.28357719333377, 15.038762613704534 ], [ 78.27979623211138, 15.041799752857173 ], [ 78.279777614346415, 15.041826138066654 ], [ 78.279759943567512, 15.041830372074855 ], [ 78.279584126107522, 15.042079551730751 ], [ 78.278724658417218, 15.048774364945814 ], [ 78.278615937576433, 15.049473987135627 ], [ 78.277751032585059, 15.050889405822261 ], [ 78.274950271238993, 15.055244282898173 ], [ 78.27481854124369, 15.05579858543723 ], [ 78.275109594233356, 15.058291800227266 ], [ 78.275266676117212, 15.059757000885725 ], [ 78.275375060611566, 15.059996541607973 ], [ 78.275406003585204, 15.060064927854967 ], [ 78.275508636015729, 15.060291756660092 ], [ 78.277025427182707, 15.062340840358331 ], [ 78.277588474729328, 15.063072907389596 ], [ 78.277590873221186, 15.063072598922133 ], [ 78.277597181965348, 15.063080801638534 ], [ 78.278962946383842, 15.062905119076845 ], [ 78.278984894338407, 15.062971546600465 ], [ 78.280520021782536, 15.067617588181974 ], [ 78.280738717119107, 15.06803118729033 ], [ 78.280746224659538, 15.068036971729725 ], [ 78.282335327614248, 15.069261253005266 ], [ 78.283672011555097, 15.070291045096496 ], [ 78.286142638972592, 15.072265835800522 ], [ 78.286759325683306, 15.072708490205514 ], [ 78.289131126601205, 15.073548741182321 ], [ 78.290151759097398, 15.073910306416337 ], [ 78.290331957155104, 15.073974142993166 ], [ 78.290575979199048, 15.074060587626889 ], [ 78.291170908611548, 15.074261265945495 ], [ 78.29548873901507, 15.074604329427132 ], [ 78.296411154751979, 15.074644998568658 ], [ 78.297494502370341, 15.074692759763877 ], [ 78.30004243191371, 15.074805066201691 ], [ 78.301139632688887, 15.074673451319597 ], [ 78.301644039941493, 15.07450439676137 ], [ 78.304340410682414, 15.073600667137953 ], [ 78.304635347843998, 15.073490031640517 ], [ 78.309780424128235, 15.071559945336048 ], [ 78.311691135438537, 15.070831184212636 ], [ 78.311807061647585, 15.070786968144887 ], [ 78.312540177288327, 15.069925727890904 ], [ 78.312555699586824, 15.069929164200403 ], [ 78.315544191712036, 15.070590701900244 ], [ 78.317944997564553, 15.071240810116137 ], [ 78.31834782009679, 15.071349886189125 ], [ 78.318603462280919, 15.071493126607379 ], [ 78.319100418650407, 15.071771575598575 ], [ 78.319693845295717, 15.072036292841517 ], [ 78.321328426066998, 15.072765439774059 ], [ 78.323017480573242, 15.07307595858947 ], [ 78.324935288433778, 15.073509076583491 ], [ 78.325053167970282, 15.073535699214005 ], [ 78.328714888981949, 15.071452941301061 ], [ 78.329432919394719, 15.071050474900346 ], [ 78.330630653582773, 15.070379116603817 ], [ 78.330664433917491, 15.070360183176774 ], [ 78.331437073862844, 15.069927094860418 ], [ 78.331517094639196, 15.069885703563216 ], [ 78.332135213969934, 15.06956597029415 ], [ 78.334199969254144, 15.068497918345088 ], [ 78.334770419120503, 15.068202831896031 ], [ 78.337292960802472, 15.06758061705267 ], [ 78.341485765656557, 15.066785101052403 ], [ 78.348695144866042, 15.064985000957904 ], [ 78.349089761084599, 15.064886462241304 ], [ 78.349301103564073, 15.064819966369214 ], [ 78.353163929172979, 15.063604547013085 ], [ 78.354713892732946, 15.063116834774974 ], [ 78.353327820723337, 15.056007719181764 ], [ 78.353228467220958, 15.05549811834436 ], [ 78.353331852384088, 15.055477460916961 ], [ 78.357223917650686, 15.054699767680972 ], [ 78.360047455226834, 15.054135532129976 ], [ 78.361960724209041, 15.053753174570204 ], [ 78.364185151424579, 15.053308611803857 ], [ 78.364188610217184, 15.053319149160245 ], [ 78.36419592979928, 15.053317685963293 ], [ 78.367698856617892, 15.063986127558564 ], [ 78.370139971883191, 15.071728432422049 ], [ 78.370498364309071, 15.072865072066293 ], [ 78.373677614331427, 15.071983367739108 ], [ 78.374724890142545, 15.071691558419559 ], [ 78.37476704586345, 15.071679812374271 ], [ 78.378520082237003, 15.07063402763913 ], [ 78.379787487803299, 15.070280847683819 ], [ 78.38107916427299, 15.069920894934228 ], [ 78.381381966005904, 15.069836510647292 ], [ 78.382247332349493, 15.069595351145381 ], [ 78.380750171584111, 15.065551009972012 ], [ 78.378101283248611, 15.057720484313734 ], [ 78.378094205584091, 15.057699564284292 ], [ 78.378277784193358, 15.057632794119002 ], [ 78.381996474558662, 15.056280212862362 ], [ 78.387747796424662, 15.054188146966283 ], [ 78.388040327899773, 15.05408187857671 ], [ 78.389259453362058, 15.053638995743881 ], [ 78.393985597558242, 15.051922005596907 ], [ 78.39448774031797, 15.051739571824612 ], [ 78.397341939379999, 15.050726668102129 ], [ 78.398160227113749, 15.050436264422899 ], [ 78.399000198401438, 15.050138159849041 ], [ 78.399553277862481, 15.049941871121291 ], [ 78.399561689221571, 15.049938886271434 ], [ 78.394858288879902, 15.04691910223562 ], [ 78.391732525136888, 15.044865451780026 ], [ 78.387735035944161, 15.042038560631909 ], [ 78.385485762259123, 15.040755065294888 ], [ 78.383724902283404, 15.040226622761281 ], [ 78.382260334747627, 15.039895054414103 ], [ 78.379922796201072, 15.039698146053468 ], [ 78.377574860592347, 15.039779178567073 ], [ 78.377565579588804, 15.039769944328327 ], [ 78.373739497580743, 15.035962938739488 ], [ 78.371232177823742, 15.030911096970385 ], [ 78.369440859608972, 15.027129317364938 ], [ 78.369171180806347, 15.026559967369451 ], [ 78.369166253420815, 15.0265648147153 ], [ 78.365869279444667, 15.029807845556491 ], [ 78.364915984585991, 15.029845712410577 ], [ 78.363991985143002, 15.029972475450222 ], [ 78.362690729994199, 15.030405072736755 ], [ 78.357486626707441, 15.032340831964689 ], [ 78.3534463747514, 15.032016852996207 ], [ 78.353442036421825, 15.032008634991371 ], [ 78.35343537334478, 15.032008100794087 ], [ 78.350525353363366, 15.026496080430604 ], [ 78.350250346976907, 15.025803832681561 ], [ 78.350156860651566, 15.024430213584367 ], [ 78.350037638427239, 15.022678447553176 ], [ 78.350003006434576, 15.022169587757105 ], [ 78.349750753795206, 15.018463027447638 ], [ 78.349716905112075, 15.017965649296116 ], [ 78.349648197807085, 15.016956041588912 ], [ 78.349618135269679, 15.016755125849215 ], [ 78.349550091664355, 15.01630036836815 ], [ 78.345019446591152, 15.00994211114039 ], [ 78.344565833047739, 15.00935105510797 ], [ 78.344424099893274, 15.008741575564102 ], [ 78.344321051076633, 15.008298450813697 ], [ 78.343983799913417, 15.006848194189672 ], [ 78.343454011994027, 15.005472831306975 ], [ 78.342850696403502, 15.003906554045102 ], [ 78.342827296943199, 15.003741175915366 ], [ 78.342788389573514, 15.003466175824201 ], [ 78.342753056109643, 15.003216433192677 ], [ 78.342801667164167, 15.003015723397766 ], [ 78.342808698963267, 15.00298669058418 ], [ 78.342827924669962, 15.002907311024444 ], [ 78.343005177447935, 15.00281734734358 ], [ 78.34409527717628, 15.00226406733367 ], [ 78.34419187425658, 15.002215039893031 ], [ 78.345358134870992, 15.000660150746228 ], [ 78.346227858429927, 14.99988614742864 ], [ 78.347490591118856, 14.998939712598485 ], [ 78.350331050338696, 14.997296796011199 ], [ 78.351541639436107, 14.996349726259723 ], [ 78.353608318370163, 14.993641550118298 ], [ 78.354882721561353, 14.992181039424281 ], [ 78.355726634577479, 14.991381376650054 ], [ 78.357835706653532, 14.98943282996197 ], [ 78.358936660299605, 14.987561786847834 ], [ 78.359671531417007, 14.987140383422798 ], [ 78.361342924137602, 14.986831379965054 ], [ 78.363699003107513, 14.985948526304298 ], [ 78.365406348025545, 14.984855462410508 ], [ 78.367533017135997, 14.983564959556077 ], [ 78.371583431431191, 14.981204973031936 ], [ 78.372320067917769, 14.980775753599005 ], [ 78.377307046084297, 14.977849014321407 ], [ 78.380324318313626, 14.976164067018942 ], [ 78.382595973426419, 14.974510442204007 ], [ 78.386039116912684, 14.972096612369626 ], [ 78.387251598183695, 14.970972241276741 ], [ 78.389291608621818, 14.970338412588546 ], [ 78.39215736487148, 14.969656665323669 ], [ 78.392331897200279, 14.969615143624821 ], [ 78.392335667158306, 14.969626208883312 ], [ 78.392345069570297, 14.969623972269346 ], [ 78.393120129591296, 14.971898858646284 ], [ 78.396511207727031, 14.970828394715511 ], [ 78.397633209106289, 14.970689771416687 ], [ 78.398200252340757, 14.970775273560889 ], [ 78.398361299335477, 14.970799557054761 ], [ 78.398364496425359, 14.970806961173196 ], [ 78.399033204419823, 14.972355460636834 ], [ 78.399272923207832, 14.972910562673178 ], [ 78.399283317572042, 14.972912899111861 ], [ 78.399286175617476, 14.972919517222806 ], [ 78.40093768342831, 14.973290829309178 ], [ 78.400948944739014, 14.973293360900755 ], [ 78.401271870601306, 14.974325733146941 ], [ 78.401274671090164, 14.974334684099233 ], [ 78.407357915636283, 14.974359666366354 ], [ 78.409950372412766, 14.974440451566466 ], [ 78.409995102892651, 14.974693587340028 ], [ 78.410679212676484, 14.978564914240224 ], [ 78.41123868631729, 14.98184844604981 ], [ 78.411798684262862, 14.985018084118167 ], [ 78.412467606295991, 14.988206353441285 ], [ 78.412637103320662, 14.9890142072407 ], [ 78.413215684856937, 14.992791378720028 ], [ 78.4132493213001, 14.99428475603753 ], [ 78.413332608414123, 14.996151170341079 ], [ 78.413473678768241, 14.999312474392013 ], [ 78.413559153932795, 15.002338459253338 ], [ 78.413430853951752, 15.005058421909496 ], [ 78.413820063446167, 15.010316418868513 ], [ 78.414358876961558, 15.013446254741723 ], [ 78.414415676343367, 15.013776179128229 ], [ 78.414565112191156, 15.014644193975244 ], [ 78.414609578270415, 15.01486516099925 ], [ 78.414990562565379, 15.01675835981132 ], [ 78.41526993875766, 15.018146609978942 ], [ 78.415556912422574, 15.019572593900932 ], [ 78.41556026239715, 15.019589243949326 ], [ 78.415711675854141, 15.020341622168985 ], [ 78.416153153046537, 15.022626543181275 ], [ 78.416163556404001, 15.022625002642599 ], [ 78.416600426369541, 15.024886249901385 ], [ 78.417901314594985, 15.032010800558851 ], [ 78.418054299167579, 15.032008245584905 ], [ 78.420271857361286, 15.031971171932867 ], [ 78.423283151797023, 15.032175080616355 ], [ 78.425737365687837, 15.032907115271996 ], [ 78.426484551222018, 15.033251435106479 ], [ 78.426760985731903, 15.033378821376346 ], [ 78.427178137162286, 15.033571050564376 ], [ 78.427189428150598, 15.033580300091614 ], [ 78.428934358434901, 15.03500924098455 ], [ 78.428946601805194, 15.035019271123303 ], [ 78.429508426273856, 15.034736666364893 ], [ 78.430014853403748, 15.03441726314702 ], [ 78.430558079892478, 15.034134437155387 ], [ 78.43101886822717, 15.033995223901286 ], [ 78.431391255003405, 15.033981467871286 ], [ 78.43165590479714, 15.033959439877094 ], [ 78.432368050046477, 15.034064091285643 ], [ 78.432658762193114, 15.034133725791662 ], [ 78.432999780616342, 15.034149736422023 ], [ 78.433366409033511, 15.034099771887838 ], [ 78.433807566067287, 15.034044649741645 ], [ 78.434812204120931, 15.034074389422358 ], [ 78.435379619674677, 15.033458614624237 ], [ 78.436503384624473, 15.033586670889008 ], [ 78.436508712208308, 15.033731611925191 ], [ 78.436533003796058, 15.034392518300933 ], [ 78.436186598433778, 15.034836775297777 ], [ 78.436028231418732, 15.03510106626203 ], [ 78.435885625022536, 15.035339052955806 ], [ 78.435813090202942, 15.035643579588395 ], [ 78.435799741565802, 15.035929707890546 ], [ 78.435822328938286, 15.036492980267667 ], [ 78.435906448824539, 15.037335988565872 ], [ 78.435907886840482, 15.03735040110098 ], [ 78.435936212786999, 15.037634264910253 ], [ 78.435948471445784, 15.037640236408606 ], [ 78.435948871644086, 15.037644256378201 ], [ 78.43598368170251, 15.037661213994681 ], [ 78.436691363616546, 15.038005934926787 ], [ 78.437553529272918, 15.038225870428448 ], [ 78.437673622940338, 15.03817651113792 ], [ 78.437711588719822, 15.0381609070011 ], [ 78.437783172056754, 15.037932709427821 ], [ 78.438117302572437, 15.037134992786548 ], [ 78.438817189162933, 15.035080593195687 ], [ 78.438848785044399, 15.034987849710319 ], [ 78.441829798407468, 15.035230139660086 ], [ 78.441852400169125, 15.035231976975012 ], [ 78.44186044100752, 15.035212583994394 ], [ 78.441956135168482, 15.034981802668881 ], [ 78.441993681863892, 15.034891254428715 ], [ 78.443118195948955, 15.034885428620498 ], [ 78.443205458066416, 15.035635579219445 ], [ 78.443217317426218, 15.035637070295422 ], [ 78.444230217551478, 15.035633401960808 ], [ 78.444459328835933, 15.035632570987218 ], [ 78.444694240747594, 15.03458112591909 ], [ 78.444868229885856, 15.033802361590574 ], [ 78.444930959397254, 15.033521585153892 ], [ 78.445018803376058, 15.033128396159384 ], [ 78.446313892772935, 15.033069248647735 ], [ 78.450830685588642, 15.032862901902263 ], [ 78.453507718207618, 15.032740558131081 ], [ 78.453650074592247, 15.032734050636805 ], [ 78.453767345287758, 15.032499317690224 ], [ 78.453971303433889, 15.032091070447393 ], [ 78.454570778919276, 15.032094052599291 ], [ 78.456889706895424, 15.032105574713341 ], [ 78.45689449668464, 15.032115784716552 ], [ 78.456902935922756, 15.032115826984693 ], [ 78.458234251810268, 15.034954125133595 ], [ 78.458239438200508, 15.034965182298151 ], [ 78.461583963829867, 15.034646681999618 ], [ 78.461780701319299, 15.036044982990404 ], [ 78.461644182434043, 15.036064027933378 ], [ 78.461280013662702, 15.036114832434407 ], [ 78.459981851282407, 15.036295925317575 ], [ 78.459386893091619, 15.03637891925257 ], [ 78.459440410847265, 15.03661983234025 ], [ 78.459612822574684, 15.037395950863299 ], [ 78.459628345772501, 15.037465828186271 ], [ 78.459639133140456, 15.03746542169273 ], [ 78.459641519041838, 15.037476162295889 ], [ 78.461178651974194, 15.037418264841904 ], [ 78.461780602393844, 15.04046440440959 ], [ 78.461791727906871, 15.040520701969683 ], [ 78.461802759890418, 15.040520353032719 ], [ 78.46375602082469, 15.040458671231534 ], [ 78.46472759080666, 15.040427983665381 ], [ 78.465769746777369, 15.040395060384583 ], [ 78.465987294578952, 15.038273716159949 ], [ 78.465991846047814, 15.038229336415611 ], [ 78.466302193092702, 15.038244709426635 ], [ 78.466937316804717, 15.038276167711842 ], [ 78.466990268886775, 15.038278790134882 ], [ 78.466991747372219, 15.038288649402489 ], [ 78.467003582450332, 15.038289235760487 ], [ 78.467473075323142, 15.041421739022894 ], [ 78.467939082423698, 15.041392279031299 ], [ 78.467971201710554, 15.04139024836212 ], [ 78.467973808845159, 15.041174828356475 ], [ 78.467988231272841, 15.039982972137295 ], [ 78.468090281842024, 15.039977376555555 ], [ 78.468416086434218, 15.03995951062376 ], [ 78.469694777592906, 15.039889387785877 ], [ 78.470934963378852, 15.039821369361562 ], [ 78.470771765205768, 15.037187292860153 ], [ 78.470771048446124, 15.037175731175921 ], [ 78.470846038414948, 15.037169276741565 ], [ 78.474508441112675, 15.036854017599694 ], [ 78.474673160938607, 15.036839837089644 ], [ 78.474676172768113, 15.036851287257946 ], [ 78.474941685011743, 15.037860963313676 ], [ 78.47495409385732, 15.03790815164075 ], [ 78.474964813776126, 15.037908162432586 ], [ 78.474967587285278, 15.037918709681549 ], [ 78.476795712053445, 15.037920684592791 ], [ 78.476809676726191, 15.038347728565668 ], [ 78.475907360837027, 15.038451574181636 ], [ 78.475991458240173, 15.039133729738694 ], [ 78.475996588872476, 15.039175350362996 ], [ 78.476008789974685, 15.039175488858575 ], [ 78.47630568406106, 15.039178871208776 ], [ 78.476858340840749, 15.039185164664445 ], [ 78.476861676426211, 15.039195645363577 ], [ 78.476871847758559, 15.039195761376163 ], [ 78.477082299009851, 15.039857294579349 ], [ 78.477085777587547, 15.03986823303336 ], [ 78.478777419443361, 15.03981201731159 ], [ 78.478789021597038, 15.040280555104403 ], [ 78.478790338204533, 15.040333660970532 ], [ 78.478803690438951, 15.04033736078145 ], [ 78.478956832392896, 15.040379791694875 ], [ 78.479649347240581, 15.040571664751383 ], [ 78.479649982161902, 15.040578737919247 ], [ 78.479980197029477, 15.044254957800888 ], [ 78.479993262380162, 15.044261182008768 ], [ 78.479993662578465, 15.044265639048831 ], [ 78.481220765926594, 15.044850211868606 ], [ 78.482683452080607, 15.043763691442052 ], [ 78.484645140561781, 15.042531193960258 ], [ 78.484720421011616, 15.042483895915893 ], [ 78.484056683570088, 15.038478132960336 ], [ 78.484044718090274, 15.038405913802706 ], [ 78.485172680176049, 15.038136297952633 ], [ 78.485773361652321, 15.04174347778013 ], [ 78.485457017928013, 15.041987144591928 ], [ 78.485743445704429, 15.042778292585012 ], [ 78.485952310551681, 15.04335519958363 ], [ 78.485961208443996, 15.043352930594097 ], [ 78.487548721397332, 15.042947988359799 ], [ 78.488094046004392, 15.042808883024406 ], [ 78.488099345709202, 15.042821806282177 ], [ 78.488163368445669, 15.042977915998847 ], [ 78.488626945578062, 15.044108281972512 ], [ 78.488492288289478, 15.044143833072269 ], [ 78.487988389153827, 15.044276867084591 ], [ 78.486347398014971, 15.044710091198624 ], [ 78.486488113136886, 15.046043083422433 ], [ 78.486905024448276, 15.048843751238962 ], [ 78.487517764034578, 15.051676259552607 ], [ 78.48727781502015, 15.05172981238178 ], [ 78.486053876386279, 15.052002965265501 ], [ 78.48501425380573, 15.05223497866217 ], [ 78.484850507046247, 15.05142841988652 ], [ 78.484839720577611, 15.051430571064827 ], [ 78.481405265441651, 15.052115493835799 ], [ 78.481415942192939, 15.05218191956078 ], [ 78.481769728291283, 15.054383039046854 ], [ 78.481690984552301, 15.054409962950274 ], [ 78.478700972572824, 15.055432255594951 ], [ 78.478714941742169, 15.055483800238051 ], [ 78.47973253542915, 15.059238750368877 ], [ 78.479650427326362, 15.059274091926625 ], [ 78.477881379922735, 15.060035534413259 ], [ 78.47789048286046, 15.060078518409739 ], [ 78.478456971213234, 15.062753540144627 ], [ 78.478376123060627, 15.062782623320288 ], [ 78.474049366885765, 15.064339017932184 ], [ 78.474065204846283, 15.064382178195842 ], [ 78.474367359966664, 15.065205548897836 ], [ 78.475189056131001, 15.065077629330005 ], [ 78.475430930593973, 15.065039973816567 ], [ 78.475497316748772, 15.06502963970695 ], [ 78.47550287455897, 15.065041564717262 ], [ 78.475893462714112, 15.065879645629991 ], [ 78.475898338838249, 15.065890108342671 ], [ 78.475905762741718, 15.065889114591812 ], [ 78.475911254901462, 15.065900900207225 ], [ 78.479188320585536, 15.06546273611724 ], [ 78.481631435043653, 15.065149524731623 ], [ 78.482437732116637, 15.067972840175287 ], [ 78.482365253954299, 15.067994015612157 ], [ 78.482123341719841, 15.068064690633832 ], [ 78.480432385147424, 15.068558695428294 ], [ 78.481506808793199, 15.072070594782986 ], [ 78.481516621296009, 15.072071409568764 ], [ 78.481519713165198, 15.072081515250602 ], [ 78.481615677122761, 15.072089499431684 ], [ 78.484002971560869, 15.072288103014387 ], [ 78.486556790764268, 15.07250053097556 ], [ 78.487495962669527, 15.072606302939391 ], [ 78.489085214012391, 15.072415109770361 ], [ 78.492580130569536, 15.071789007157804 ], [ 78.494943411310373, 15.071374886442698 ], [ 78.497454710567411, 15.071079946583097 ], [ 78.49862446594733, 15.071080716402776 ], [ 78.500106349929069, 15.071078517560409 ], [ 78.500994795574343, 15.071027526899684 ], [ 78.502311136850494, 15.07095196855937 ], [ 78.504301043359419, 15.070860824967951 ], [ 78.505316835704377, 15.070701911165145 ], [ 78.506119556173587, 15.070427013596657 ], [ 78.508219208750461, 15.068631161899475 ], [ 78.508290134682966, 15.068570498130839 ], [ 78.508430653752669, 15.068231360189998 ], [ 78.507884614184604, 15.06539148642878 ], [ 78.507879879254006, 15.065366862991198 ], [ 78.510217814401585, 15.063878835740525 ], [ 78.513464723119455, 15.062766708017989 ], [ 78.513551590434531, 15.062736953948104 ], [ 78.51341417672387, 15.062120669234332 ], [ 78.513403497274567, 15.062072774040132 ], [ 78.515650430024323, 15.061285100128146 ], [ 78.515734484260008, 15.061255635639952 ], [ 78.515247660552063, 15.058186927585496 ], [ 78.515117786757457, 15.057368248646583 ], [ 78.51472229459921, 15.054341161216485 ], [ 78.513987766123478, 15.050528181431275 ], [ 78.513211348126219, 15.046738755789818 ], [ 78.512626303162335, 15.043476393121921 ], [ 78.512303368306789, 15.04112557068936 ], [ 78.512382294608187, 15.03941594059404 ], [ 78.512424514180964, 15.038670581582949 ], [ 78.512551305099635, 15.036432148325844 ], [ 78.512555467162088, 15.036358679110606 ], [ 78.512833058200044, 15.036272280342303 ], [ 78.512907668654975, 15.03624905894776 ], [ 78.512816700431358, 15.034193083744697 ], [ 78.512815494440474, 15.034165846877158 ], [ 78.512903866321381, 15.034081994089604 ], [ 78.512973227433463, 15.034016180802951 ], [ 78.513120807080554, 15.031443510910151 ], [ 78.513213820362523, 15.028592351556654 ], [ 78.513378052755911, 15.024619130569249 ], [ 78.51339228182934, 15.021825456780277 ], [ 78.513779641418296, 15.019208197601074 ], [ 78.513795030617132, 15.019104224281364 ], [ 78.515270780323249, 15.019066375413729 ], [ 78.515335430786479, 15.019064718862523 ], [ 78.515338314912299, 15.018993041996168 ], [ 78.515529412753153, 15.01424335264943 ], [ 78.515420556114748, 15.013560692572753 ], [ 78.513674674347726, 15.011212854990106 ], [ 78.5114248349891, 15.008377495825641 ], [ 78.510465699033773, 15.007079554678569 ], [ 78.508894029436874, 15.004926191891116 ], [ 78.508835110353061, 15.004845466046277 ], [ 78.512726805998284, 15.003803789414178 ], [ 78.512791460058793, 15.003786482860733 ], [ 78.512794116656153, 15.003563052593677 ], [ 78.512795286674134, 15.00346473331166 ], [ 78.515376144894162, 15.002793338142908 ], [ 78.515866498441142, 15.00253384056515 ], [ 78.516035583576297, 15.002267191578483 ], [ 78.516104861950794, 15.002157940137693 ], [ 78.515916253433318, 15.00175657270853 ], [ 78.515601806379266, 15.000999158285367 ], [ 78.515123243843618, 14.999260629375385 ], [ 78.515105680084048, 14.999196821576902 ], [ 78.516563621415003, 14.998244351396522 ], [ 78.51664494620826, 14.998191222148023 ], [ 78.516299588556137, 14.99676752520196 ], [ 78.516269714876444, 14.9966859845714 ], [ 78.515747372444253, 14.995260321707349 ], [ 78.51539470959915, 14.994452217896367 ], [ 78.515185817772249, 14.993474626953343 ], [ 78.514703024825735, 14.990554176634816 ], [ 78.514333466417327, 14.988832470443015 ], [ 78.51362929725525, 14.986035183177989 ], [ 78.51322293768942, 14.984433406977018 ], [ 78.513196383407376, 14.984328726790181 ], [ 78.51382498163855, 14.98416978510835 ], [ 78.513910064698734, 14.984148272425671 ], [ 78.513591519434044, 14.982649488384027 ], [ 78.513324858756221, 14.98108475256015 ], [ 78.513022108284645, 14.979347417050519 ], [ 78.512361136258392, 14.977154056915026 ], [ 78.511868182771423, 14.976181027333382 ], [ 78.511638797193712, 14.97588946712608 ], [ 78.510883119361438, 14.975252739922837 ], [ 78.510640941826978, 14.974948459704478 ], [ 78.510516241832079, 14.974557543296839 ], [ 78.510278348667839, 14.97271316058476 ], [ 78.510244281449388, 14.971230140759246 ], [ 78.510020799920937, 14.970299548386322 ], [ 78.508433453342207, 14.966699721415864 ], [ 78.506910431672054, 14.962216508386007 ], [ 78.506588454594464, 14.961225693811571 ], [ 78.505790470854549, 14.958770012227149 ], [ 78.505003517299485, 14.956464315076914 ], [ 78.504718496062708, 14.95612933560119 ], [ 78.504712234982662, 14.956130290681244 ], [ 78.504702615834049, 14.95611898620308 ], [ 78.498747645188644, 14.957026674642179 ], [ 78.498632748703358, 14.957044186241035 ], [ 78.497741409039804, 14.955153266311015 ], [ 78.496036809751956, 14.951241663272981 ], [ 78.494704549576284, 14.947061647677742 ], [ 78.493477643179688, 14.943155440571957 ], [ 78.492479839973612, 14.939880162740167 ], [ 78.491507205194353, 14.936904798918192 ], [ 78.490397909436979, 14.934262987347836 ], [ 78.48953917559345, 14.932646328266287 ], [ 78.488335175828695, 14.931266491256395 ], [ 78.486919255320345, 14.929858464097663 ], [ 78.485821103961769, 14.928505599554626 ], [ 78.484799821255706, 14.92690593765974 ], [ 78.483817436926131, 14.924755305214035 ], [ 78.482764806551586, 14.921830554337475 ], [ 78.4822534583314, 14.920226578394704 ], [ 78.48090127367584, 14.915656447687752 ], [ 78.479890165899405, 14.911494879885652 ], [ 78.478271241425659, 14.90707654934414 ], [ 78.477800607313156, 14.904434834001222 ], [ 78.477774271566375, 14.904287017832473 ], [ 78.48102638196292, 14.903009467014158 ], [ 78.485588517696897, 14.90218707927113 ], [ 78.487606087352049, 14.906358057579155 ], [ 78.489781503314703, 14.910790492188312 ], [ 78.490900482971881, 14.912636914562825 ], [ 78.492117364625642, 14.914644840787616 ], [ 78.492180383718733, 14.914748823999901 ], [ 78.493490138360187, 14.917164715080389 ], [ 78.493867680949677, 14.917861095214221 ], [ 78.496121567257489, 14.920567792870202 ], [ 78.498569779073023, 14.924080951275755 ], [ 78.498585635919369, 14.924090136951122 ], [ 78.500320047732998, 14.925094855044392 ], [ 78.500336292187114, 14.925104781761092 ], [ 78.501486468426776, 14.925807612732001 ], [ 78.501502927818819, 14.925817676145698 ], [ 78.503985556689088, 14.927104077192269 ], [ 78.504428190409612, 14.92741620039817 ], [ 78.504892688447796, 14.928194668849756 ], [ 78.506884407990015, 14.931217960241497 ], [ 78.508551431804108, 14.93330845142475 ], [ 78.510379529592626, 14.935759152563719 ], [ 78.511713719713384, 14.937144256902798 ], [ 78.513083887212588, 14.938264251894566 ], [ 78.513099119030073, 14.938273594951283 ], [ 78.514551429705705, 14.939164403115569 ], [ 78.514567883701829, 14.939174763305516 ], [ 78.515920215846279, 14.940202522928928 ], [ 78.517269501087583, 14.941487980586658 ], [ 78.518490932411567, 14.943129585063161 ], [ 78.519665787846805, 14.94474446528568 ], [ 78.519566392975662, 14.944838209716465 ], [ 78.517533584308467, 14.946755408735953 ], [ 78.516707569599646, 14.947685079303824 ], [ 78.516729745981991, 14.947746852835849 ], [ 78.517019462579128, 14.948553871165075 ], [ 78.517839679358701, 14.951306241790462 ], [ 78.518817015793616, 14.953922430776402 ], [ 78.519451668260842, 14.955001533594725 ], [ 78.519624692426589, 14.955295726117697 ], [ 78.520289179003385, 14.954664965916322 ], [ 78.521813920177237, 14.953945596413007 ], [ 78.522954863077473, 14.953626955820198 ], [ 78.522964588346042, 14.953639393444121 ], [ 78.523869750589483, 14.954797027761458 ], [ 78.525532381215385, 14.957197946928545 ], [ 78.526949415084403, 14.959183667093384 ], [ 78.527285757932361, 14.95959244583554 ], [ 78.527295814151501, 14.959595570979673 ], [ 78.527302050050537, 14.959603149566533 ], [ 78.527858299621812, 14.95977601455229 ], [ 78.527873599787767, 14.959780771066562 ], [ 78.528190391374437, 14.961669218760278 ], [ 78.530413806852664, 14.961565935220563 ], [ 78.533145825820213, 14.961338600996498 ], [ 78.533151233443675, 14.961350317364122 ], [ 78.533162206971269, 14.961349403652889 ], [ 78.533790833980788, 14.962711781224584 ], [ 78.53379630995272, 14.96272364867832 ], [ 78.537218280700074, 14.962394860135532 ], [ 78.537744388593637, 14.964064009047604 ], [ 78.538127482698144, 14.965475078612826 ], [ 78.538141048971227, 14.965475547159599 ], [ 78.539700050717727, 14.965529350899658 ], [ 78.539706008726284, 14.96553992063167 ], [ 78.539716484029498, 14.965540282159168 ], [ 78.540197036764823, 14.966392727942889 ], [ 78.540210260396179, 14.966416186758465 ], [ 78.547057825259401, 14.964551069277263 ], [ 78.550365936439789, 14.963685505982141 ], [ 78.550842524064194, 14.963451434936644 ], [ 78.551148104702236, 14.963252286364764 ], [ 78.551380246702024, 14.962849821762688 ], [ 78.55142267311885, 14.962463678057134 ], [ 78.551392976605541, 14.962331879713304 ], [ 78.551044250992391, 14.960784156364582 ], [ 78.549822982445676, 14.956433889213486 ], [ 78.548785511043491, 14.952488236943452 ], [ 78.548481433172583, 14.950774549106995 ], [ 78.548127611101336, 14.948780487730176 ], [ 78.547389184064571, 14.945430063447532 ], [ 78.546907699631618, 14.942847290570853 ], [ 78.546748771439638, 14.941851378639058 ], [ 78.546780191053983, 14.941641994883014 ], [ 78.546995414108039, 14.940207795654089 ], [ 78.54731130277537, 14.937504975874788 ], [ 78.5472602266791, 14.937198003086223 ], [ 78.546938659692387, 14.935265301553272 ], [ 78.546757802431614, 14.934526888905623 ], [ 78.546818959028712, 14.934159365663049 ], [ 78.546869908320616, 14.934143570869935 ], [ 78.547870091132779, 14.93383351070878 ], [ 78.550060152554977, 14.932918792269277 ], [ 78.55304776244526, 14.931865560248241 ], [ 78.554206397708072, 14.931639004837052 ], [ 78.55504184810377, 14.931500939117882 ], [ 78.555304434852758, 14.93149023268893 ], [ 78.55646383274069, 14.931442957127615 ], [ 78.558291435002729, 14.931871305117511 ], [ 78.560446642299667, 14.932318457032011 ], [ 78.561562680274449, 14.932496417576488 ], [ 78.562414931804653, 14.93254259416625 ], [ 78.56287054184304, 14.932473962404288 ], [ 78.56288732139376, 14.932485096910568 ], [ 78.563152628591922, 14.932661160784789 ], [ 78.563157186356023, 14.932663490928235 ], [ 78.56317026879384, 14.932672172983246 ], [ 78.564715088231708, 14.933462398271899 ], [ 78.566606417353285, 14.934455669794204 ], [ 78.566893927913441, 14.934825661675802 ], [ 78.566921501127354, 14.934861144427146 ], [ 78.567049022295521, 14.935304390585998 ], [ 78.567061283652322, 14.935483665939273 ], [ 78.567094311254436, 14.935966566804439 ], [ 78.567148173450448, 14.936754075241254 ], [ 78.567162432201485, 14.93696255068204 ], [ 78.567312120758743, 14.937129884837191 ], [ 78.567329208776925, 14.937140381724078 ], [ 78.568458804031536, 14.937834568411461 ], [ 78.570801001066343, 14.939136800223991 ], [ 78.571706098558593, 14.939533328401239 ], [ 78.572253934972082, 14.939686617843961 ], [ 78.572727683436824, 14.939691805133577 ], [ 78.574518805599382, 14.939455400347299 ], [ 78.575214918634572, 14.941033519881898 ], [ 78.57670695056629, 14.943580733564829 ], [ 78.577730032815737, 14.945248830270145 ], [ 78.577739577320642, 14.94524687784201 ], [ 78.578071982037329, 14.945178910679033 ], [ 78.578449503942409, 14.945311909617772 ], [ 78.578826365745158, 14.945500122433543 ], [ 78.578831233775418, 14.945505050718339 ], [ 78.579800500593592, 14.94648649075981 ], [ 78.580251914395319, 14.946785975792977 ], [ 78.581157880632645, 14.947108819817004 ], [ 78.582582735006213, 14.947364695824888 ], [ 78.583152079605782, 14.947297256564013 ], [ 78.583760605868235, 14.947119769062965 ], [ 78.584541790272397, 14.946760067224147 ], [ 78.585765378170663, 14.945834456196053 ], [ 78.587013000450611, 14.944467246567001 ], [ 78.589188400225453, 14.942125050431571 ], [ 78.590643761401452, 14.940815309279969 ], [ 78.591100248278792, 14.940672985270908 ], [ 78.591535866388085, 14.94069611673325 ], [ 78.591765442622034, 14.94077323539733 ], [ 78.592158875332814, 14.940905392570642 ], [ 78.592163559901337, 14.9409123865982 ], [ 78.592176961598454, 14.940916890403003 ], [ 78.593257658914808, 14.9425303290123 ], [ 78.593849877770651, 14.943770247699604 ], [ 78.594711034387728, 14.946569633082959 ], [ 78.595878885003515, 14.950585821879031 ], [ 78.596542110730809, 14.952249954372746 ], [ 78.596758002880506, 14.95259034776717 ], [ 78.598093489823668, 14.952568267612321 ], [ 78.598107562415066, 14.952580003765036 ], [ 78.598111455580181, 14.952579939913164 ], [ 78.599732304603151, 14.953931783725693 ], [ 78.599645145008424, 14.954069394387886 ], [ 78.599500678814252, 14.954297482243874 ], [ 78.599518553739244, 14.954310725660321 ], [ 78.601475918279959, 14.955760912137237 ], [ 78.601492853413447, 14.955773458579074 ], [ 78.602104753932224, 14.955301405336456 ], [ 78.602435201724177, 14.955273943638417 ], [ 78.603869102378155, 14.955154776272764 ], [ 78.605430961270827, 14.954956386728725 ], [ 78.605526357756162, 14.954944269263478 ], [ 78.605189687555026, 14.95302475808694 ], [ 78.605170486130021, 14.95291527731905 ], [ 78.607953070378869, 14.951564517189581 ], [ 78.610028482629332, 14.950794473586939 ], [ 78.610122912343513, 14.950759436 ], [ 78.609897741888233, 14.949616632402524 ], [ 78.60987208423029, 14.949486414167552 ], [ 78.611969116182763, 14.948935934646499 ], [ 78.61399854339902, 14.948647969029423 ], [ 78.6140193348254, 14.948645019253092 ], [ 78.613879075659781, 14.949511992685188 ], [ 78.616896124857249, 14.949032422009509 ], [ 78.616903250185828, 14.949046139368704 ], [ 78.616914571751067, 14.949044339825264 ], [ 78.617167075301268, 14.949530430585753 ], [ 78.617174234804054, 14.949544213595459 ], [ 78.620334069362798, 14.949023771430745 ], [ 78.622291179395404, 14.948584488584117 ], [ 78.624625029822255, 14.948351742239936 ], [ 78.625176037245296, 14.948228756352876 ], [ 78.625793039618088, 14.947822995735521 ], [ 78.626651641261219, 14.947316687316118 ], [ 78.627811449239971, 14.947093374860231 ], [ 78.627829256715813, 14.947089944845914 ], [ 78.628837368850498, 14.947010132712307 ], [ 78.628853628593049, 14.947008845782477 ], [ 78.628940187440662, 14.947473581241638 ], [ 78.628942960050551, 14.947488466820118 ], [ 78.629414561833528, 14.947405577206496 ], [ 78.629338741790491, 14.947762210558437 ], [ 78.629257845074449, 14.948142722709349 ], [ 78.629277779446966, 14.948149154660598 ], [ 78.629276577053361, 14.948154811396307 ], [ 78.629714022585063, 14.948295948300199 ], [ 78.629748681557373, 14.948307131369859 ], [ 78.630126874356733, 14.946654228710543 ], [ 78.630685748149745, 14.944211619671364 ], [ 78.6311059815568, 14.942437971336176 ], [ 78.631309014300541, 14.940150863172676 ], [ 78.631323142649876, 14.939991717344753 ], [ 78.631972642924097, 14.93995014798179 ], [ 78.632062794563296, 14.939944377931567 ], [ 78.631614717246407, 14.936027053406633 ], [ 78.630777467307269, 14.931331385435954 ], [ 78.630080347930686, 14.927143468397219 ], [ 78.630049871705182, 14.926960385314374 ], [ 78.633721320683378, 14.92740458565396 ], [ 78.637002648254622, 14.927681729728874 ], [ 78.64022160244599, 14.927918492445315 ], [ 78.642660616894943, 14.928163360751341 ], [ 78.642682453333521, 14.92816555239915 ], [ 78.64240683540811, 14.929311219438091 ], [ 78.644857573419245, 14.929411676408563 ], [ 78.648381749419173, 14.929467389409353 ], [ 78.648383333125309, 14.92947932431224 ], [ 78.648401290787945, 14.929479607598637 ], [ 78.648521792747545, 14.930387659363817 ], [ 78.650021622700706, 14.93025794744716 ], [ 78.650025794655676, 14.930271527210039 ], [ 78.650186178850049, 14.930793590852375 ], [ 78.650201670571619, 14.93079262677918 ], [ 78.65170330006822, 14.930699158440234 ], [ 78.653639393843946, 14.930905233590522 ], [ 78.653641057589709, 14.930915627954732 ], [ 78.653692521293806, 14.931237167062477 ], [ 78.653710794618462, 14.93124106742215 ], [ 78.65414626973552, 14.931334009657689 ], [ 78.655187413968974, 14.931437045883797 ], [ 78.657955192678969, 14.931466867402833 ], [ 78.658549869381943, 14.931420658437503 ], [ 78.659336529758036, 14.931114085847241 ], [ 78.660200979692434, 14.931096942071065 ], [ 78.663132853199613, 14.932177283255896 ], [ 78.66315216074463, 14.932189555404534 ], [ 78.664118141440042, 14.932803361586707 ], [ 78.664705536332406, 14.933413009303763 ], [ 78.665767401845073, 14.935077154388011 ], [ 78.666047045135997, 14.936461006870843 ], [ 78.670329003381767, 14.937136808717582 ], [ 78.673045271622982, 14.938188501099319 ], [ 78.673243607207667, 14.937350967873726 ], [ 78.673975946733549, 14.937070015169922 ], [ 78.675005352116273, 14.936792163328505 ], [ 78.676220030431068, 14.936857326405345 ], [ 78.680283133260957, 14.938237853195233 ], [ 78.684647076402428, 14.939775943905545 ], [ 78.68470362487335, 14.939795874680726 ], [ 78.684704508007599, 14.939801924420124 ], [ 78.684723729217694, 14.939808699013099 ], [ 78.685225957412968, 14.943251097860752 ], [ 78.686126114929266, 14.947353585600354 ], [ 78.687079673289247, 14.951761255578333 ], [ 78.687743443106399, 14.955257815196887 ], [ 78.688116073598906, 14.958350845416021 ], [ 78.688422422257986, 14.962420935078967 ], [ 78.689119193596866, 14.962926697609873 ], [ 78.691199701406049, 14.965335986767229 ], [ 78.691539584884936, 14.966362806599079 ], [ 78.691856557235326, 14.969410753804084 ], [ 78.698873314253035, 14.969642826556026 ], [ 78.706867208955487, 14.969830253364364 ], [ 78.713523764111414, 14.970084974642702 ], [ 78.717922254709265, 14.970284577372183 ], [ 78.718005781942281, 14.970288367115302 ], [ 78.718004936579518, 14.97030095762392 ], [ 78.717683612409758, 14.975086600966733 ], [ 78.717238248347485, 14.978716453602317 ], [ 78.71682762239783, 14.984195980560912 ], [ 78.716405011183326, 14.988218365685896 ], [ 78.71587972257214, 14.993720142771224 ], [ 78.71544159805228, 14.998550935677997 ], [ 78.715223507959479, 14.999198275780657 ], [ 78.714383901796623, 15.001690375411329 ], [ 78.713686458664142, 15.006254009415841 ], [ 78.713110729777327, 15.010311051714496 ], [ 78.711804888985398, 15.015385896342877 ], [ 78.710593645181575, 15.018358931820103 ], [ 78.709132935737387, 15.022935326305117 ], [ 78.709155243420753, 15.022938341731958 ], [ 78.709758909746881, 15.023019950710989 ], [ 78.714164939361467, 15.02361553842718 ], [ 78.716764170730869, 15.023995471414707 ], [ 78.718978557915079, 15.024319125727914 ], [ 78.72109386139357, 15.02453147724674 ], [ 78.724705264437375, 15.024893966084505 ], [ 78.726937586801171, 15.025173089567261 ], [ 78.728038475696053, 15.025310732605078 ], [ 78.728661089838397, 15.025451770583572 ], [ 78.728734263176705, 15.025501638890375 ], [ 78.729831443267472, 15.026249346031364 ], [ 78.732864643389576, 15.027941322434913 ], [ 78.734955523079918, 15.029129836773393 ], [ 78.738661274898902, 15.031172285273612 ], [ 78.741721338669834, 15.032527690401423 ], [ 78.745596522762298, 15.034077225884118 ], [ 78.747966341574397, 15.035133753021114 ], [ 78.75023053231422, 15.036778021289479 ], [ 78.751514848732256, 15.037699047573824 ], [ 78.751824997026972, 15.038055142231883 ], [ 78.751881626436898, 15.038315274731019 ], [ 78.752203045035458, 15.039791728606247 ], [ 78.752582105680631, 15.041432055146061 ], [ 78.753489898441046, 15.043077704773111 ], [ 78.754522848051977, 15.044645838235681 ], [ 78.755699344749928, 15.046280588079526 ], [ 78.756439804254569, 15.047465091441666 ], [ 78.757785363604626, 15.049239170552141 ], [ 78.75974971587766, 15.052790075302596 ], [ 78.760545085288413, 15.054288503212717 ], [ 78.760882672798118, 15.055361940302134 ], [ 78.761199419418631, 15.058396941766318 ], [ 78.761441606845665, 15.059765111871286 ], [ 78.760902320286846, 15.06038389490169 ], [ 78.759049663811936, 15.06186336240512 ], [ 78.757618912583723, 15.062999105425206 ], [ 78.756622530306515, 15.063417105815631 ], [ 78.757377630774045, 15.064958443977844 ], [ 78.757877118734996, 15.066354538931705 ], [ 78.757854955842504, 15.066711002311763 ], [ 78.756484095865289, 15.069515035391419 ], [ 78.755407174802258, 15.072137588879457 ], [ 78.754667621814292, 15.074276742378629 ], [ 78.754267435194947, 15.075628121241664 ], [ 78.754126678704267, 15.076768104565247 ], [ 78.754145354925186, 15.076783005432219 ], [ 78.756424172238724, 15.07842890327214 ], [ 78.759401255564455, 15.080489470413568 ], [ 78.757994758152563, 15.083255963992372 ], [ 78.75624286261899, 15.08688828526698 ], [ 78.754867959289868, 15.089984377677752 ], [ 78.753790242326829, 15.092844861202252 ], [ 78.752938682375259, 15.095089971925518 ], [ 78.751705008580245, 15.098787098346747 ], [ 78.751378894621269, 15.099970187974634 ], [ 78.750977952571418, 15.100842156241356 ], [ 78.750513643390889, 15.101851924027926 ], [ 78.750362095035655, 15.102278417615707 ], [ 78.75038435955156, 15.103634059265289 ], [ 78.750477701086027, 15.105216055777191 ], [ 78.750299965372108, 15.106373500337611 ], [ 78.750005156813529, 15.108171806284702 ], [ 78.749903378738907, 15.10905431730373 ], [ 78.749999320213419, 15.110392879029007 ], [ 78.750166066211989, 15.111981823703047 ], [ 78.750467222185534, 15.114749200416099 ], [ 78.750609582167442, 15.116937354376262 ], [ 78.751172259193368, 15.1210271328967 ], [ 78.751562942676628, 15.124040802441925 ], [ 78.751817604599751, 15.126005164607534 ], [ 78.75187242007712, 15.12775349342985 ], [ 78.752132496818263, 15.130943311385579 ], [ 78.749093352177454, 15.135050287641491 ], [ 78.750260708166138, 15.137516833935592 ], [ 78.752107759166734, 15.141797923436286 ], [ 78.752320786076382, 15.142581085449592 ], [ 78.752492717565872, 15.14368856637509 ], [ 78.75251452792412, 15.146809838903778 ], [ 78.752614957015624, 15.149461545714587 ], [ 78.752345911335738, 15.154006663577491 ], [ 78.752199543974768, 15.155640532985046 ], [ 78.752250962712765, 15.157709872113742 ], [ 78.752642392633277, 15.160638695120554 ], [ 78.753288624771187, 15.163975097173875 ], [ 78.754076384118832, 15.167656984583004 ], [ 78.754700822086249, 15.171349502878115 ], [ 78.755697180081768, 15.17615707259165 ], [ 78.756466481743701, 15.179924652801333 ], [ 78.75719542273157, 15.183962646559735 ], [ 78.757381144425267, 15.185547273588668 ], [ 78.75739595266208, 15.185549306955807 ] ] ] } }
]
}
