{
"type": "FeatureCollection",
"crs": { "type": "name", "properties": { "name": "urn:ogc:def:crs:OGC:1.3:CRS84" } },
"features": [
{ "type": "Feature", "properties": { "display_name": "Andhra Pradesh, India", "name": "Andhra Pradesh" }, "geometry": { "type": "MultiPolygon", "coordinates": [ [ [ [ 76.7600837, 14.989595 ], [ 76.7666888, 14.9745434 ], [ 76.7777288, 14.9749994 ], [ 76.7950559, 14.9689983 ], [ 76.8173718, 14.9692471 ], [ 76.8288731, 14.9561249 ], [ 76.8340123, 14.9562182 ], [ 76.8355572, 14.9601052 ], [ 76.8415868, 14.9660755 ], [ 76.8672502, 14.9695166 ], [ 76.8660593, 14.957006 ], [ 76.8695569, 14.937767 ], [ 76.863817, 14.8954581 ], [ 76.8474126, 14.8958521 ], [ 76.8455458, 14.8896 ], [ 76.8453956, 14.8871737 ], [ 76.8525624, 14.8869248 ], [ 76.8513393, 14.8833372 ], [ 76.853292, 14.883161 ], [ 76.8538821, 14.8690588 ], [ 76.8571114, 14.8691521 ], [ 76.8544721, 14.8549142 ], [ 76.8553519, 14.8469601 ], [ 76.853646, 14.8426977 ], [ 76.8419623, 14.8367759 ], [ 76.8454707, 14.834069 ], [ 76.8468225, 14.827981 ], [ 76.8453741, 14.8255437 ], [ 76.8461358, 14.8220691 ], [ 76.8545794, 14.8178166 ], [ 76.8542683, 14.8098404 ], [ 76.8372953, 14.8110332 ], [ 76.8366408, 14.7908995 ], [ 76.8328643, 14.7905676 ], [ 76.8324351, 14.7929949 ], [ 76.8191099, 14.7932231 ], [ 76.8204403, 14.7891153 ], [ 76.8162775, 14.7877045 ], [ 76.799047, 14.7858373 ], [ 76.7878461, 14.7877668 ], [ 76.7892194, 14.7867087 ], [ 76.7839622, 14.7874971 ], [ 76.78231, 14.7860863 ], [ 76.788876, 14.7733472 ], [ 76.7905926, 14.7577024 ], [ 76.7963862, 14.7486137 ], [ 76.8035531, 14.7424559 ], [ 76.7869878, 14.7097235 ], [ 76.7856326, 14.6954829 ], [ 76.7752558, 14.6810442 ], [ 76.7723322, 14.6379015 ], [ 76.7667103, 14.6175961 ], [ 76.7650366, 14.602044 ], [ 76.768856, 14.6010265 ], [ 76.7801428, 14.5930943 ], [ 76.7803359, 14.5969774 ], [ 76.7819881, 14.5964582 ], [ 76.7825246, 14.5838534 ], [ 76.7913437, 14.5543218 ], [ 76.7984891, 14.5483817 ], [ 76.8032312, 14.5415899 ], [ 76.8065142, 14.5310592 ], [ 76.8115568, 14.5319523 ], [ 76.8194103, 14.5299583 ], [ 76.8234443, 14.5265933 ], [ 76.831212, 14.530706 ], [ 76.8356108, 14.5210887 ], [ 76.8427777, 14.5189492 ], [ 76.8492794, 14.5126135 ], [ 76.8558454, 14.5093521 ], [ 76.8594074, 14.497054 ], [ 76.8613386, 14.4958075 ], [ 76.8630552, 14.4906346 ], [ 76.8649435, 14.4785639 ], [ 76.8680119, 14.4739723 ], [ 76.8844377, 14.476933 ], [ 76.8836438, 14.479369 ], [ 76.8862134, 14.4835657 ], [ 76.9007134, 14.4892634 ], [ 76.9262051, 14.4904684 ], [ 76.9486928, 14.4891387 ], [ 76.950109, 14.4866457 ], [ 76.9747853, 14.4853005 ], [ 76.9754076, 14.477816 ], [ 76.9714165, 14.4677392 ], [ 76.9683695, 14.4651005 ], [ 76.9676399, 14.4604463 ], [ 76.9598508, 14.450535 ], [ 76.9459462, 14.452509 ], [ 76.9447017, 14.4508052 ], [ 76.9478345, 14.4134002 ], [ 76.9469547, 14.4069784 ], [ 76.9425559, 14.400307 ], [ 76.9339514, 14.4091398 ], [ 76.9156694, 14.4207154 ], [ 76.9053054, 14.4049416 ], [ 76.8989968, 14.3982702 ], [ 76.8858003, 14.3955891 ], [ 76.8852854, 14.3920973 ], [ 76.8820882, 14.358154 ], [ 76.8849635, 14.3473651 ], [ 76.8904137, 14.3436231 ], [ 76.9034171, 14.3224799 ], [ 76.9083309, 14.3228542 ], [ 76.9268596, 14.3146729 ], [ 76.9456779, 14.31302 ], [ 76.9516218, 14.300711 ], [ 76.9565409, 14.2943119 ], [ 76.9470137, 14.2863012 ], [ 76.9385272, 14.2832912 ], [ 76.936832, 14.2803852 ], [ 76.9280022, 14.2794234 ], [ 76.9247675, 14.273658 ], [ 76.9354963, 14.2607022 ], [ 76.9395518, 14.2450419 ], [ 76.9457102, 14.2422134 ], [ 76.9524693, 14.2419222 ], [ 76.9601512, 14.2450627 ], [ 76.9701075, 14.2433781 ], [ 76.9768238, 14.2462066 ], [ 76.9857502, 14.2471841 ], [ 76.99193, 14.2415894 ], [ 76.9986033, 14.2410487 ], [ 77.0056844, 14.2358282 ], [ 77.0084095, 14.2379497 ], [ 77.0304465, 14.2423174 ], [ 77.0305109, 14.2441684 ], [ 77.0363045, 14.2449171 ], [ 77.0361972, 14.2467265 ], [ 77.054286, 14.2451875 ], [ 77.0577192, 14.2437108 ], [ 77.0568394, 14.2407367 ], [ 77.0603156, 14.2364314 ], [ 77.0601225, 14.2320012 ], [ 77.0619035, 14.2296301 ], [ 77.0663881, 14.2287774 ], [ 77.0760011, 14.223203 ], [ 77.0812797, 14.2141757 ], [ 77.0970726, 14.2163598 ], [ 77.1096253, 14.2207278 ], [ 77.1146893, 14.2230574 ], [ 77.1167278, 14.226323 ], [ 77.1155691, 14.2376793 ], [ 77.1183586, 14.2447715 ], [ 77.1151185, 14.2546295 ], [ 77.1186805, 14.2570628 ], [ 77.1204185, 14.2629274 ], [ 77.1106982, 14.261534 ], [ 77.1117496, 14.2653813 ], [ 77.1099901, 14.2681472 ], [ 77.1153545, 14.2739283 ], [ 77.1153116, 14.2921234 ], [ 77.1246242, 14.2991099 ], [ 77.1308899, 14.3076765 ], [ 77.1361685, 14.3230413 ], [ 77.1370053, 14.3328751 ], [ 77.1356106, 14.3367004 ], [ 77.1395802, 14.3400474 ], [ 77.1529913, 14.3391535 ], [ 77.157197, 14.3421263 ], [ 77.1632266, 14.3423342 ], [ 77.1667671, 14.3422095 ], [ 77.1693206, 14.3354322 ], [ 77.1786332, 14.3355362 ], [ 77.1776891, 14.3342472 ], [ 77.1808648, 14.3321266 ], [ 77.1809077, 14.3303595 ], [ 77.183783, 14.332293 ], [ 77.1982455, 14.3209206 ], [ 77.2125578, 14.3188623 ], [ 77.2283935, 14.3212117 ], [ 77.2377491, 14.3174277 ], [ 77.2472548, 14.3178644 ], [ 77.2540569, 14.3224176 ], [ 77.2535419, 14.3252451 ], [ 77.2584128, 14.3274905 ], [ 77.2578549, 14.3305466 ], [ 77.2633266, 14.3327088 ], [ 77.2685838, 14.3319811 ], [ 77.2771668, 14.3374696 ], [ 77.2839689, 14.3375943 ], [ 77.2848058, 14.3401722 ], [ 77.2866082, 14.3402345 ], [ 77.2873592, 14.3272618 ], [ 77.288754, 14.3270954 ], [ 77.2889256, 14.3048279 ], [ 77.2832393, 14.2863427 ], [ 77.2835398, 14.2828909 ], [ 77.2895694, 14.2813105 ], [ 77.3053193, 14.2833276 ], [ 77.3145246, 14.2803955 ], [ 77.3299098, 14.2799173 ], [ 77.3391151, 14.2767773 ], [ 77.3638434, 14.2758136 ], [ 77.3618817, 14.2695405 ], [ 77.3631477, 14.2656933 ], [ 77.3622465, 14.2597247 ], [ 77.3641562, 14.2545671 ], [ 77.360208, 14.2455202 ], [ 77.3593926, 14.2343307 ], [ 77.3780608, 14.2278206 ], [ 77.3841548, 14.2209566 ], [ 77.3831677, 14.208289 ], [ 77.3869872, 14.2031718 ], [ 77.3870301, 14.1998851 ], [ 77.3926949, 14.1989491 ], [ 77.4012995, 14.2034215 ], [ 77.410419, 14.2059177 ], [ 77.4146461, 14.2047736 ], [ 77.4197531, 14.2116172 ], [ 77.4183368, 14.2121996 ], [ 77.4178648, 14.2258446 ], [ 77.4119854, 14.2279454 ], [ 77.4112987, 14.2322716 ], [ 77.4095392, 14.2319388 ], [ 77.4086165, 14.2597247 ], [ 77.4067712, 14.2595792 ], [ 77.4050975, 14.2666083 ], [ 77.3956561, 14.2662132 ], [ 77.3882746, 14.2694989 ], [ 77.3867082, 14.2718696 ], [ 77.3891759, 14.278628 ], [ 77.3880386, 14.2813937 ], [ 77.3865795, 14.2814353 ], [ 77.3832321, 14.2963861 ], [ 77.3775887, 14.3015011 ], [ 77.3765588, 14.3056596 ], [ 77.378962, 14.3226255 ], [ 77.3930383, 14.3358064 ], [ 77.4072861, 14.3377606 ], [ 77.4145174, 14.3349748 ], [ 77.4239373, 14.3280518 ], [ 77.4276924, 14.3286963 ], [ 77.4315119, 14.3127081 ], [ 77.4377131, 14.3161803 ], [ 77.4460601, 14.3173238 ], [ 77.4452877, 14.2948266 ], [ 77.4467897, 14.2928304 ], [ 77.4481201, 14.2826414 ], [ 77.4507594, 14.2827453 ], [ 77.4504161, 14.2805827 ], [ 77.4596643, 14.2804371 ], [ 77.4668956, 14.2834731 ], [ 77.4789977, 14.2921026 ], [ 77.4819803, 14.2913748 ], [ 77.4871087, 14.2817888 ], [ 77.4908638, 14.2814145 ], [ 77.493267, 14.2780665 ], [ 77.4985671, 14.2787528 ], [ 77.5038993, 14.2636448 ], [ 77.5021827, 14.2613468 ], [ 77.5033951, 14.2594336 ], [ 77.50126, 14.251042 ], [ 77.4961853, 14.236837 ], [ 77.4923229, 14.2349131 ], [ 77.4937177, 14.2329684 ], [ 77.4924409, 14.2307637 ], [ 77.4959278, 14.232022 ], [ 77.4948549, 14.2229326 ], [ 77.5033629, 14.2105043 ], [ 77.5014424, 14.2045656 ], [ 77.5035131, 14.1961303 ], [ 77.5054657, 14.1930516 ], [ 77.5169885, 14.1860305 ], [ 77.5170421, 14.182858 ], [ 77.5151915, 14.1829133 ], [ 77.5132227, 14.1778547 ], [ 77.5141883, 14.1767729 ], [ 77.5113344, 14.1741516 ], [ 77.5036526, 14.1572785 ], [ 77.4807787, 14.1651223 ], [ 77.4682259, 14.1652055 ], [ 77.4668526, 14.1662873 ], [ 77.4669814, 14.1721751 ], [ 77.4571323, 14.1700114 ], [ 77.4459958, 14.1721335 ], [ 77.4302673, 14.170906 ], [ 77.4233579, 14.1728617 ], [ 77.4224996, 14.1769809 ], [ 77.420032, 14.1770642 ], [ 77.4078655, 14.1734234 ], [ 77.393682, 14.1742556 ], [ 77.3916864, 14.172716 ], [ 77.3949694, 14.1675148 ], [ 77.3948407, 14.1606491 ], [ 77.3893046, 14.1596504 ], [ 77.388103, 14.1536167 ], [ 77.3849487, 14.1531173 ], [ 77.3832965, 14.1437959 ], [ 77.3788762, 14.1359722 ], [ 77.3601866, 14.1306037 ], [ 77.3519897, 14.1311031 ], [ 77.3515177, 14.1198664 ], [ 77.3474192, 14.103468 ], [ 77.3496938, 14.103135 ], [ 77.3535561, 14.1098568 ], [ 77.3620534, 14.1154755 ], [ 77.3751855, 14.1184513 ], [ 77.3804426, 14.1226132 ], [ 77.3911071, 14.1267125 ], [ 77.3972869, 14.1252767 ], [ 77.3972654, 14.1232999 ], [ 77.4013853, 14.1198247 ], [ 77.3978448, 14.1101898 ], [ 77.3897767, 14.1002631 ], [ 77.3859358, 14.0975368 ], [ 77.3811936, 14.0979114 ], [ 77.3767948, 14.081116 ], [ 77.3735332, 14.076995 ], [ 77.36377, 14.072978 ], [ 77.3601007, 14.062113 ], [ 77.35641, 14.0627791 ], [ 77.3451447, 14.059303 ], [ 77.340424, 14.0601356 ], [ 77.3352313, 14.046439 ], [ 77.332313, 14.0306807 ], [ 77.3851847, 14.0158374 ], [ 77.3902917, 14.0166077 ], [ 77.3883176, 14.0065936 ], [ 77.3793697, 13.9899997 ], [ 77.381494, 13.9761949 ], [ 77.3960209, 13.9837741 ], [ 77.4267268, 13.9861895 ], [ 77.4286151, 13.9826706 ], [ 77.4361467, 13.9818169 ], [ 77.4388718, 13.9755077 ], [ 77.437048, 13.9674076 ], [ 77.4385285, 13.9642008 ], [ 77.4351597, 13.9581619 ], [ 77.4374556, 13.9556005 ], [ 77.4350738, 13.9473748 ], [ 77.4305677, 13.9455838 ], [ 77.4119854, 13.945917 ], [ 77.4153328, 13.9343379 ], [ 77.4159121, 13.9239871 ], [ 77.4348807, 13.9195717 ], [ 77.4346447, 13.9147605 ], [ 77.4314475, 13.9101158 ], [ 77.428379, 13.9094701 ], [ 77.4284863, 13.9061167 ], [ 77.4229073, 13.9033673 ], [ 77.4206972, 13.8998055 ], [ 77.4103117, 13.8966186 ], [ 77.4056768, 13.8899322 ], [ 77.3989461, 13.8884859 ], [ 77.3998832, 13.8977434 ], [ 77.3976087, 13.9065333 ], [ 77.358427, 13.9035443 ], [ 77.3545539, 13.904617 ], [ 77.3528266, 13.9136774 ], [ 77.3501873, 13.9135108 ], [ 77.3477196, 13.916031 ], [ 77.3539424, 13.9290688 ], [ 77.3652935, 13.9444384 ], [ 77.367568, 13.9499363 ], [ 77.371602, 13.9531641 ], [ 77.3495865, 13.9585159 ], [ 77.3539424, 13.9628265 ], [ 77.3519897, 13.9693233 ], [ 77.3593068, 13.9838366 ], [ 77.3608303, 13.9911449 ], [ 77.3363256, 13.9959753 ], [ 77.3354029, 13.9994107 ], [ 77.3371839, 14.0043034 ], [ 77.3217988, 14.0251848 ], [ 77.3220992, 14.0300562 ], [ 77.3099327, 14.0328249 ], [ 77.3056197, 14.0318465 ], [ 77.2983241, 14.0219788 ], [ 77.2957706, 14.0223744 ], [ 77.2956419, 14.0209379 ], [ 77.2921228, 14.020355 ], [ 77.2836041, 14.0141302 ], [ 77.2749781, 14.0115695 ], [ 77.2793555, 14.0267878 ], [ 77.2788405, 14.0324294 ], [ 77.276802, 14.0319714 ], [ 77.2774029, 14.0349691 ], [ 77.2700858, 14.0344903 ], [ 77.2628975, 14.0286406 ], [ 77.2602153, 14.0286198 ], [ 77.2564816, 14.0218123 ], [ 77.2480058, 14.0175445 ], [ 77.2454631, 14.0118922 ], [ 77.2201985, 14.0136682 ], [ 77.2161404, 14.01081 ], [ 77.2086555, 14.0112183 ], [ 77.2055754, 14.0084804 ], [ 77.1748352, 14.0131101 ], [ 77.1710372, 14.0120691 ], [ 77.1728611, 14.0007224 ], [ 77.1597719, 14.0007848 ], [ 77.1589136, 14.0019091 ], [ 77.1519613, 14.0004725 ], [ 77.1409321, 14.0038246 ], [ 77.1416831, 14.0131517 ], [ 77.1400523, 14.0189185 ], [ 77.1365976, 14.0220829 ], [ 77.1319413, 14.0438578 ], [ 77.1268344, 14.0471468 ], [ 77.1023726, 14.0453566 ], [ 77.093575, 14.0424007 ], [ 77.0793485, 14.0425464 ], [ 77.0754432, 14.0434623 ], [ 77.0761299, 14.0531417 ], [ 77.0665598, 14.0520593 ], [ 77.0479989, 14.0562224 ], [ 77.0315623, 14.0569301 ], [ 77.0254898, 14.0660053 ], [ 77.0287943, 14.0773488 ], [ 77.0297169, 14.0881298 ], [ 77.0184517, 14.0946648 ], [ 77.0189452, 14.0963297 ], [ 77.0146751, 14.1000966 ], [ 77.0160699, 14.1038842 ], [ 77.0240736, 14.1124997 ], [ 77.0218205, 14.1232374 ], [ 77.0262837, 14.1249438 ], [ 77.0259833, 14.1299379 ], [ 77.0202327, 14.131332 ], [ 77.0217776, 14.1529093 ], [ 77.0204687, 14.1570289 ], [ 77.025947, 14.1747642 ], [ 77.0221424, 14.177397 ], [ 77.0054912, 14.1839502 ], [ 76.9980025, 14.1807048 ], [ 76.9830036, 14.1785828 ], [ 76.9707298, 14.1824316 ], [ 76.9613313, 14.1815162 ], [ 76.9590354, 14.1824316 ], [ 76.959722, 14.183763 ], [ 76.9570398, 14.1885894 ], [ 76.9499373, 14.1934364 ], [ 76.9474911, 14.1980754 ], [ 76.942749, 14.1955167 ], [ 76.9426417, 14.1907737 ], [ 76.9447446, 14.1863842 ], [ 76.9418478, 14.1806632 ], [ 76.9421482, 14.173257 ], [ 76.9220638, 14.1694289 ], [ 76.9197678, 14.1645397 ], [ 76.908803, 14.1680974 ], [ 76.9006061, 14.1676397 ], [ 76.8997264, 14.1693041 ], [ 76.8983102, 14.1677437 ], [ 76.8945336, 14.1678789 ], [ 76.8906712, 14.143026 ], [ 76.8860149, 14.1383651 ], [ 76.8894052, 14.1356185 ], [ 76.9056272, 14.1333088 ], [ 76.9128799, 14.1289183 ], [ 76.9176221, 14.1287726 ], [ 76.9249177, 14.1370543 ], [ 76.9313764, 14.1308742 ], [ 76.9359469, 14.128835 ], [ 76.9365263, 14.1245068 ], [ 76.945796, 14.118701 ], [ 76.9468689, 14.1129992 ], [ 76.9502592, 14.1087955 ], [ 76.9536066, 14.0994931 ], [ 76.9482035, 14.0919407 ], [ 76.9592929, 14.0917928 ], [ 76.9735193, 14.0835511 ], [ 76.9749999, 14.0810327 ], [ 76.9750428, 14.0743725 ], [ 76.9774031, 14.0715002 ], [ 76.9766736, 14.0656931 ], [ 76.9717812, 14.0583663 ], [ 76.9585204, 14.0574505 ], [ 76.9486284, 14.0537454 ], [ 76.9325781, 14.0551192 ], [ 76.9345951, 14.045086 ], [ 76.9311189, 14.0302436 ], [ 76.9347453, 14.0329082 ], [ 76.9402814, 14.0293692 ], [ 76.9437146, 14.0295566 ], [ 76.9438648, 14.0234361 ], [ 76.9496369, 14.0154418 ], [ 76.9677901, 14.0101746 ], [ 76.9966292, 13.9904057 ], [ 76.999172, 13.9904057 ], [ 77.0002341, 13.9894584 ], [ 76.9962644, 13.977059 ], [ 76.9938505, 13.9625453 ], [ 77.0062208, 13.9564543 ], [ 77.014246, 13.9548613 ], [ 77.0246422, 13.9395236 ], [ 77.0368194, 13.9368787 ], [ 77.0414972, 13.9334528 ], [ 77.0441794, 13.9147605 ], [ 77.0472264, 13.9065958 ], [ 77.0326996, 13.9052419 ], [ 77.0229792, 13.9026174 ], [ 77.0232582, 13.8957437 ], [ 77.020576, 13.8925151 ], [ 77.0205974, 13.8888282 ], [ 77.0163059, 13.8843704 ], [ 77.0184302, 13.8726216 ], [ 77.0132375, 13.8715175 ], [ 77.0141559, 13.8602332 ], [ 77.0065641, 13.8519972 ], [ 76.9987535, 13.8493097 ], [ 76.9919085, 13.849018 ], [ 76.9903636, 13.8374966 ], [ 76.983304, 13.8291625 ], [ 76.9781327, 13.8269539 ], [ 76.9764161, 13.8172441 ], [ 76.989913, 13.8128684 ], [ 76.9915223, 13.8017203 ], [ 76.9890332, 13.7943018 ], [ 76.9851279, 13.7907383 ], [ 76.9924235, 13.7720657 ], [ 76.9945264, 13.7599569 ], [ 76.9984531, 13.7549965 ], [ 76.9966721, 13.7478058 ], [ 76.9986892, 13.7453046 ], [ 77.0166278, 13.7387598 ], [ 77.0165312, 13.7458257 ], [ 77.0187306, 13.7504007 ], [ 77.017411, 13.7564346 ], [ 77.0237839, 13.7675432 ], [ 77.0244276, 13.7792244 ], [ 77.0434284, 13.7777969 ], [ 77.0440721, 13.770857 ], [ 77.0487606, 13.7701796 ], [ 77.0512068, 13.764688 ], [ 77.0581484, 13.7601653 ], [ 77.058953, 13.7572162 ], [ 77.0575046, 13.7530582 ], [ 77.0601225, 13.7527664 ], [ 77.0600366, 13.7491085 ], [ 77.0643496, 13.7439602 ], [ 77.0701218, 13.74519 ], [ 77.0757651, 13.7427201 ], [ 77.0856356, 13.7423449 ], [ 77.0837474, 13.746722 ], [ 77.0837474, 13.7563929 ], [ 77.0855284, 13.7623537 ], [ 77.0901847, 13.7623329 ], [ 77.0904207, 13.7672515 ], [ 77.1060741, 13.76771 ], [ 77.1177256, 13.7645004 ], [ 77.12147, 13.7616138 ], [ 77.1367156, 13.7583104 ], [ 77.1398377, 13.7610198 ], [ 77.1408999, 13.7650318 ], [ 77.1505237, 13.7661781 ], [ 77.1729469, 13.7620828 ], [ 77.178483, 13.7830486 ], [ 77.1756506, 13.7836112 ], [ 77.16578, 13.7936349 ], [ 77.1627545, 13.798407 ], [ 77.1622181, 13.804846 ], [ 77.1574759, 13.8060129 ], [ 77.1626901, 13.8087218 ], [ 77.1628618, 13.8123058 ], [ 77.1594929, 13.8168274 ], [ 77.1626258, 13.8168899 ], [ 77.1679687, 13.8216407 ], [ 77.1686768, 13.8295375 ], [ 77.1652865, 13.8331629 ], [ 77.1536565, 13.8341005 ], [ 77.1559953, 13.8442887 ], [ 77.1431207, 13.8463929 ], [ 77.1323275, 13.8461429 ], [ 77.1281862, 13.8565181 ], [ 77.1359968, 13.8565389 ], [ 77.1476269, 13.8684136 ], [ 77.1684623, 13.8645179 ], [ 77.1714449, 13.8714342 ], [ 77.1700287, 13.8800793 ], [ 77.1686983, 13.8808917 ], [ 77.1690416, 13.8899322 ], [ 77.1622825, 13.8986807 ], [ 77.1620572, 13.9067624 ], [ 77.1699965, 13.9205818 ], [ 77.1847272, 13.925143 ], [ 77.1881068, 13.9137295 ], [ 77.1907782, 13.9119487 ], [ 77.1861648, 13.8944523 ], [ 77.1857142, 13.8762671 ], [ 77.1814441, 13.8698718 ], [ 77.2004342, 13.8631013 ], [ 77.2099614, 13.8782253 ], [ 77.2101438, 13.8848599 ], [ 77.2116887, 13.8857869 ], [ 77.215476, 13.8862035 ], [ 77.2169244, 13.8839538 ], [ 77.2152614, 13.8679761 ], [ 77.2199392, 13.8676844 ], [ 77.224102, 13.8815166 ], [ 77.2247672, 13.882829 ], [ 77.2267842, 13.8823082 ], [ 77.2300243, 13.892036 ], [ 77.2308183, 13.9032215 ], [ 77.2358393, 13.9040963 ], [ 77.2366333, 13.9010344 ], [ 77.2448301, 13.9028465 ], [ 77.2484135, 13.9013052 ], [ 77.2478556, 13.8878908 ], [ 77.2445941, 13.8829539 ], [ 77.24689, 13.8803709 ], [ 77.2484994, 13.8736424 ], [ 77.2461819, 13.8678928 ], [ 77.2591424, 13.863268 ], [ 77.2559023, 13.850518 ], [ 77.2568464, 13.8465804 ], [ 77.2800207, 13.8507889 ], [ 77.288475, 13.8474346 ], [ 77.294805, 13.8573514 ], [ 77.2966933, 13.8569348 ], [ 77.3037529, 13.8621013 ], [ 77.3106408, 13.8628305 ], [ 77.3110699, 13.8665178 ], [ 77.3163914, 13.8632055 ], [ 77.3190951, 13.8572056 ], [ 77.3214125, 13.8559556 ], [ 77.3217559, 13.8467888 ], [ 77.3251462, 13.8454137 ], [ 77.3230004, 13.8400801 ], [ 77.3246312, 13.8398092 ], [ 77.3256397, 13.833017 ], [ 77.3369694, 13.8328295 ], [ 77.3466468, 13.8419344 ], [ 77.3532772, 13.8452679 ], [ 77.3569464, 13.8512681 ], [ 77.3627186, 13.8542264 ], [ 77.3757863, 13.8516431 ], [ 77.3811722, 13.8473305 ], [ 77.3793912, 13.8403926 ], [ 77.3828029, 13.8392675 ], [ 77.4006343, 13.8409968 ], [ 77.4156546, 13.8396842 ], [ 77.4196028, 13.8416427 ], [ 77.4269414, 13.8411427 ], [ 77.4291515, 13.8447262 ], [ 77.4324936, 13.8432365 ], [ 77.4312222, 13.8364861 ], [ 77.4275636, 13.832517 ], [ 77.4277138, 13.8289958 ], [ 77.4231005, 13.8229117 ], [ 77.4160194, 13.8067005 ], [ 77.4185514, 13.8062213 ], [ 77.4196672, 13.8098053 ], [ 77.4287438, 13.8067214 ], [ 77.4282503, 13.8036165 ], [ 77.4249887, 13.8028455 ], [ 77.4226713, 13.7989279 ], [ 77.437005, 13.7967191 ], [ 77.4405455, 13.8065547 ], [ 77.4452877, 13.810993 ], [ 77.4526477, 13.8092219 ], [ 77.4548149, 13.8100345 ], [ 77.4573469, 13.8071381 ], [ 77.4645352, 13.8080758 ], [ 77.4647766, 13.803217 ], [ 77.4608338, 13.802981 ], [ 77.4563491, 13.7888628 ], [ 77.4612951, 13.7883314 ], [ 77.4605334, 13.7803394 ], [ 77.4639881, 13.7701171 ], [ 77.4650931, 13.7587168 ], [ 77.4704039, 13.7579561 ], [ 77.4676037, 13.7531832 ], [ 77.4632156, 13.7226887 ], [ 77.4648678, 13.7108171 ], [ 77.4614346, 13.7094621 ], [ 77.4499118, 13.710963 ], [ 77.4505126, 13.7048133 ], [ 77.4524116, 13.7040941 ], [ 77.4528408, 13.6963598 ], [ 77.4544823, 13.6960367 ], [ 77.454536, 13.6910645 ], [ 77.4558985, 13.6909811 ], [ 77.4553004, 13.6822469 ], [ 77.4748349, 13.6863528 ], [ 77.4876022, 13.6868114 ], [ 77.4877739, 13.6893966 ], [ 77.4918508, 13.6900638 ], [ 77.4913358, 13.6950256 ], [ 77.4875378, 13.6996328 ], [ 77.4879455, 13.7040732 ], [ 77.4861431, 13.7040316 ], [ 77.4848985, 13.7147883 ], [ 77.5143599, 13.7130893 ], [ 77.5144565, 13.7052719 ], [ 77.5123107, 13.6971416 ], [ 77.5198316, 13.6961722 ], [ 77.5213444, 13.6920652 ], [ 77.5249815, 13.6911583 ], [ 77.5283396, 13.693045 ], [ 77.5339508, 13.7053762 ], [ 77.5366974, 13.7307452 ], [ 77.5264835, 13.7421052 ], [ 77.5220847, 13.7445334 ], [ 77.5252712, 13.7531936 ], [ 77.5280285, 13.7539231 ], [ 77.5400984, 13.7558927 ], [ 77.5473189, 13.7531207 ], [ 77.5492501, 13.7489938 ], [ 77.5491643, 13.7407399 ], [ 77.5533485, 13.7370089 ], [ 77.5604081, 13.7224803 ], [ 77.564528, 13.7258363 ], [ 77.5719201, 13.7382283 ], [ 77.5769198, 13.7384159 ], [ 77.5805783, 13.7350704 ], [ 77.5868225, 13.7334237 ], [ 77.59606, 13.7482331 ], [ 77.5997937, 13.7506196 ], [ 77.6135051, 13.7520577 ], [ 77.6245022, 13.7351746 ], [ 77.6278818, 13.734591 ], [ 77.6336968, 13.7395935 ], [ 77.6373982, 13.7396144 ], [ 77.6410675, 13.7417717 ], [ 77.642312, 13.747118 ], [ 77.6403916, 13.7494836 ], [ 77.6363575, 13.74964 ], [ 77.6293301, 13.7546422 ], [ 77.6245987, 13.7534958 ], [ 77.6189983, 13.7553091 ], [ 77.6177323, 13.7628018 ], [ 77.6211655, 13.7684602 ], [ 77.6448762, 13.7780261 ], [ 77.6516139, 13.7841114 ], [ 77.6619136, 13.7856118 ], [ 77.6693518, 13.7839367 ], [ 77.6801741, 13.786758 ], [ 77.6815689, 13.7787868 ], [ 77.6797557, 13.7720032 ], [ 77.6780283, 13.7674494 ], [ 77.6714086, 13.760478 ], [ 77.6797879, 13.762385 ], [ 77.6951623, 13.7707111 ], [ 77.7033806, 13.7697941 ], [ 77.7085948, 13.7409067 ], [ 77.7151179, 13.7438665 ], [ 77.717371, 13.7410318 ], [ 77.7201819, 13.7575393 ], [ 77.7199673, 13.7656675 ], [ 77.722435, 13.768627 ], [ 77.7197206, 13.7747958 ], [ 77.7187121, 13.7844344 ], [ 77.7193236, 13.7879979 ], [ 77.7220166, 13.7901235 ], [ 77.7223706, 13.7943955 ], [ 77.7193773, 13.8002303 ], [ 77.7291405, 13.8020224 ], [ 77.7315867, 13.8076278 ], [ 77.7406633, 13.8124516 ], [ 77.7451908, 13.8100866 ], [ 77.7478623, 13.8103575 ], [ 77.7626789, 13.8170254 ], [ 77.7815723, 13.8182026 ], [ 77.7887821, 13.8231617 ], [ 77.7891362, 13.8302667 ], [ 77.7842653, 13.8343401 ], [ 77.7823448, 13.8385696 ], [ 77.7822697, 13.8441116 ], [ 77.7923119, 13.8488513 ], [ 77.808212, 13.8505285 ], [ 77.8119671, 13.8490492 ], [ 77.8148961, 13.8577577 ], [ 77.8213119, 13.8644762 ], [ 77.8296804, 13.8652887 ], [ 77.8370404, 13.8699343 ], [ 77.8274274, 13.8743506 ], [ 77.8281998, 13.8767671 ], [ 77.83571, 13.8810375 ], [ 77.8320408, 13.8953688 ], [ 77.8298521, 13.898035 ], [ 77.8201318, 13.8997638 ], [ 77.8167414, 13.9029924 ], [ 77.8171062, 13.9076997 ], [ 77.8135443, 13.9152395 ], [ 77.8149175, 13.9317971 ], [ 77.8265476, 13.9447716 ], [ 77.8309679, 13.9401067 ], [ 77.8414607, 13.9357333 ], [ 77.854979, 13.9381283 ], [ 77.8649997, 13.936004 ], [ 77.8754282, 13.9366705 ], [ 77.895813, 13.9410231 ], [ 77.89886, 13.9303497 ], [ 77.8953946, 13.9257886 ], [ 77.8958022, 13.9202902 ], [ 77.8995681, 13.916687 ], [ 77.9054904, 13.9163642 ], [ 77.9164123, 13.9073248 ], [ 77.9267335, 13.9053877 ], [ 77.941947, 13.9260698 ], [ 77.9461527, 13.9354209 ], [ 77.9549074, 13.9385656 ], [ 77.9569459, 13.9365039 ], [ 77.9600787, 13.9403983 ], [ 77.961967, 13.9548925 ], [ 77.9642415, 13.9553923 ], [ 77.9675674, 13.9603068 ], [ 77.9720521, 13.960161 ], [ 77.9874372, 13.9555797 ], [ 77.9802489, 13.9275693 ], [ 77.9826522, 13.9230082 ], [ 77.9838967, 13.915302 ], [ 77.9829311, 13.904742 ], [ 77.9866862, 13.9029299 ], [ 77.9844975, 13.8977225 ], [ 77.9522037, 13.890203 ], [ 77.9517317, 13.8879741 ], [ 77.9493928, 13.8872659 ], [ 77.9482341, 13.8810583 ], [ 77.949028, 13.8707259 ], [ 77.9540276, 13.8552264 ], [ 77.954843, 13.8422261 ], [ 77.9536199, 13.8386425 ], [ 77.9561519, 13.8359965 ], [ 77.9561734, 13.831371 ], [ 77.9523754, 13.8294542 ], [ 77.9529547, 13.8271831 ], [ 77.9607439, 13.8295167 ], [ 77.9762149, 13.8296208 ], [ 77.9831886, 13.847518 ], [ 77.9870081, 13.8540181 ], [ 77.9889822, 13.8538098 ], [ 77.9894328, 13.8626221 ], [ 77.9921579, 13.8689135 ], [ 77.9988098, 13.8692468 ], [ 78.0008912, 13.8732257 ], [ 78.0130148, 13.8711426 ], [ 78.0165767, 13.8649762 ], [ 78.0318761, 13.8642679 ], [ 78.0410385, 13.8603514 ], [ 78.0459738, 13.8621638 ], [ 78.0462742, 13.866372 ], [ 78.0501365, 13.8719758 ], [ 78.0508232, 13.876538 ], [ 78.0489564, 13.8962228 ], [ 78.0605435, 13.8920777 ], [ 78.0625391, 13.8906404 ], [ 78.0619383, 13.8882657 ], [ 78.0789757, 13.8812041 ], [ 78.0811429, 13.8729966 ], [ 78.0804562, 13.8677469 ], [ 78.0827307, 13.8637888 ], [ 78.0814862, 13.8613305 ], [ 78.0910563, 13.8647471 ], [ 78.1020641, 13.8617888 ], [ 78.114869, 13.8628461 ], [ 78.1168914, 13.8586951 ], [ 78.1165695, 13.8518618 ], [ 78.1235862, 13.8451845 ], [ 78.1222772, 13.8388925 ], [ 78.1254315, 13.8318711 ], [ 78.1151962, 13.8132226 ], [ 78.1137156, 13.807409 ], [ 78.1227493, 13.7986779 ], [ 78.1265902, 13.7865705 ], [ 78.1220841, 13.7811938 ], [ 78.1182647, 13.7704818 ], [ 78.1138015, 13.7636251 ], [ 78.1001544, 13.7584355 ], [ 78.0917859, 13.7423032 ], [ 78.0985665, 13.7379052 ], [ 78.1045532, 13.7363419 ], [ 78.1113553, 13.725336 ], [ 78.1167197, 13.7216465 ], [ 78.1210756, 13.7154762 ], [ 78.1148743, 13.7031143 ], [ 78.1134152, 13.692503 ], [ 78.0923223, 13.6910436 ], [ 78.0929875, 13.692357 ], [ 78.0861425, 13.6919401 ], [ 78.080306, 13.696464 ], [ 78.0725813, 13.6984654 ], [ 78.0694699, 13.6976523 ], [ 78.069663, 13.6907309 ], [ 78.0736756, 13.6877705 ], [ 78.070929, 13.6818078 ], [ 78.0660224, 13.6767024 ], [ 78.0769502, 13.6736792 ], [ 78.0779992, 13.6670992 ], [ 78.0894449, 13.6595384 ], [ 78.0871744, 13.651629 ], [ 78.0872938, 13.6434484 ], [ 78.0993504, 13.6431904 ], [ 78.1017511, 13.6465317 ], [ 78.102331, 13.651173 ], [ 78.1043128, 13.6507624 ], [ 78.1052121, 13.6527419 ], [ 78.1085658, 13.6530347 ], [ 78.1139946, 13.6572466 ], [ 78.1255932, 13.6558818 ], [ 78.1306723, 13.6592959 ], [ 78.1353075, 13.6593449 ], [ 78.147203, 13.6564845 ], [ 78.1472718, 13.6576032 ], [ 78.1562752, 13.6584936 ], [ 78.167746, 13.6554951 ], [ 78.1692549, 13.6538555 ], [ 78.1675209, 13.6372483 ], [ 78.1684492, 13.6326385 ], [ 78.1755352, 13.6305454 ], [ 78.1891394, 13.6305871 ], [ 78.1962092, 13.628346 ], [ 78.204123, 13.6283986 ], [ 78.2019603, 13.6197119 ], [ 78.2039449, 13.6181109 ], [ 78.2024503, 13.6041045 ], [ 78.1900665, 13.5892994 ], [ 78.1898009, 13.5715912 ], [ 78.193121, 13.5643932 ], [ 78.2020283, 13.5683056 ], [ 78.2084216, 13.5771128 ], [ 78.2114538, 13.5788173 ], [ 78.2158378, 13.5902164 ], [ 78.2191075, 13.5927021 ], [ 78.2220826, 13.5894043 ], [ 78.2317296, 13.5861859 ], [ 78.2352337, 13.591106 ], [ 78.2342434, 13.5967919 ], [ 78.2371182, 13.5988452 ], [ 78.2422566, 13.5955751 ], [ 78.243548, 13.5970875 ], [ 78.2495577, 13.5908911 ], [ 78.2579603, 13.5857065 ], [ 78.2585158, 13.5827199 ], [ 78.2619051, 13.585357 ], [ 78.2706571, 13.5881573 ], [ 78.3073711, 13.5921305 ], [ 78.3145594, 13.5915256 ], [ 78.3250093, 13.5949357 ], [ 78.346746, 13.5907644 ], [ 78.3486557, 13.586885 ], [ 78.3612942, 13.5889707 ], [ 78.363676, 13.5879487 ], [ 78.3651995, 13.5895338 ], [ 78.3843183, 13.5919845 ], [ 78.4019887, 13.5879174 ], [ 78.4015596, 13.5785524 ], [ 78.4067094, 13.5769046 ], [ 78.3930945, 13.5526663 ], [ 78.3936095, 13.5410052 ], [ 78.3840179, 13.5248789 ], [ 78.3856273, 13.5155532 ], [ 78.3753598, 13.5090437 ], [ 78.3769262, 13.5052047 ], [ 78.3748662, 13.5027322 ], [ 78.3779347, 13.5002493 ], [ 78.3788144, 13.4821067 ], [ 78.3708, 13.4695448 ], [ 78.3726132, 13.4627315 ], [ 78.3746423, 13.4619032 ], [ 78.3729887, 13.4517964 ], [ 78.3755851, 13.4439704 ], [ 78.3783746, 13.4439496 ], [ 78.3790183, 13.4401304 ], [ 78.3764434, 13.4395669 ], [ 78.3756709, 13.4372294 ], [ 78.3776665, 13.4318866 ], [ 78.377409, 13.4244565 ], [ 78.3806276, 13.4189046 ], [ 78.379147, 13.415419 ], [ 78.3817649, 13.3971969 ], [ 78.378911, 13.3838373 ], [ 78.3724308, 13.3785455 ], [ 78.3691585, 13.373431 ], [ 78.3650494, 13.3619699 ], [ 78.3657575, 13.3585982 ], [ 78.3697379, 13.3583999 ], [ 78.3708107, 13.3615315 ], [ 78.3762073, 13.361093 ], [ 78.3776343, 13.363212 ], [ 78.3948326, 13.3544541 ], [ 78.3931482, 13.3508736 ], [ 78.408426, 13.3457376 ], [ 78.4072029, 13.3374488 ], [ 78.4041989, 13.3362587 ], [ 78.3945215, 13.3338159 ], [ 78.3850801, 13.3348285 ], [ 78.3883631, 13.33914 ], [ 78.387655, 13.342846 ], [ 78.3829558, 13.343608 ], [ 78.378278, 13.3373235 ], [ 78.37713, 13.332062 ], [ 78.3872151, 13.3317175 ], [ 78.3922791, 13.3252761 ], [ 78.3992529, 13.3207138 ], [ 78.4011263, 13.3153679 ], [ 78.4189081, 13.3207033 ], [ 78.4216761, 13.328241 ], [ 78.4281134, 13.3312268 ], [ 78.440237, 13.3283663 ], [ 78.4412455, 13.3251508 ], [ 78.4398722, 13.3219353 ], [ 78.4441638, 13.3082374 ], [ 78.4527147, 13.3101376 ], [ 78.4576929, 13.3138023 ], [ 78.4667051, 13.3151491 ], [ 78.4694624, 13.3169448 ], [ 78.4699774, 13.3198264 ], [ 78.4758568, 13.3222276 ], [ 78.4834099, 13.321194 ], [ 78.483603, 13.3132281 ], [ 78.4812105, 13.3103047 ], [ 78.4794617, 13.3012629 ], [ 78.4967565, 13.2986005 ], [ 78.4986877, 13.2994775 ], [ 78.5052538, 13.2907904 ], [ 78.5136115, 13.2903831 ], [ 78.5132146, 13.2852146 ], [ 78.5198879, 13.2825101 ], [ 78.5195768, 13.2779261 ], [ 78.5217011, 13.2758482 ], [ 78.5217333, 13.2730497 ], [ 78.5261965, 13.2714938 ], [ 78.5263359, 13.2684341 ], [ 78.5319686, 13.2668678 ], [ 78.5366464, 13.2737493 ], [ 78.5391569, 13.2876579 ], [ 78.5459161, 13.2875013 ], [ 78.5535872, 13.2830531 ], [ 78.5592949, 13.286029 ], [ 78.5646057, 13.2942987 ], [ 78.5648632, 13.30735 ], [ 78.5630286, 13.3092189 ], [ 78.5654962, 13.3117768 ], [ 78.5693908, 13.3090936 ], [ 78.5721695, 13.3018894 ], [ 78.5775018, 13.2951444 ], [ 78.5762358, 13.2852981 ], [ 78.5786068, 13.2801712 ], [ 78.587265, 13.2803904 ], [ 78.5875225, 13.2704182 ], [ 78.5849368, 13.2655207 ], [ 78.5852909, 13.2622626 ], [ 78.5790789, 13.2535219 ], [ 78.5702169, 13.2474753 ], [ 78.5717726, 13.2412719 ], [ 78.5692191, 13.2386087 ], [ 78.5670841, 13.2252717 ], [ 78.5665369, 13.220718 ], [ 78.5775339, 13.2185664 ], [ 78.5793257, 13.2169893 ], [ 78.5789931, 13.2130934 ], [ 78.5754418, 13.2110775 ], [ 78.5709572, 13.2119027 ], [ 78.5679209, 13.2014054 ], [ 78.5583079, 13.1983762 ], [ 78.5501969, 13.200225 ], [ 78.5501218, 13.1894243 ], [ 78.5551107, 13.188317 ], [ 78.567245, 13.1922864 ], [ 78.5761607, 13.186583 ], [ 78.5766327, 13.1747161 ], [ 78.5773086, 13.1721672 ], [ 78.5792076, 13.1714673 ], [ 78.579905, 13.167414 ], [ 78.5731029, 13.1682288 ], [ 78.5689187, 13.1653246 ], [ 78.568511, 13.1612085 ], [ 78.5500359, 13.1636531 ], [ 78.540895, 13.153603 ], [ 78.5484051, 13.1484419 ], [ 78.5457659, 13.1428629 ], [ 78.5426974, 13.1413793 ], [ 78.5311961, 13.1415882 ], [ 78.5270548, 13.139227 ], [ 78.5267758, 13.1348179 ], [ 78.5237932, 13.1309312 ], [ 78.5175919, 13.1324148 ], [ 78.5193515, 13.1194587 ], [ 78.5236645, 13.1179749 ], [ 78.5232782, 13.1147358 ], [ 78.5258317, 13.114276 ], [ 78.5273123, 13.1117055 ], [ 78.5308742, 13.1116846 ], [ 78.5319042, 13.1096575 ], [ 78.5373974, 13.1084872 ], [ 78.5385775, 13.1056659 ], [ 78.5314107, 13.105436 ], [ 78.5250807, 13.101507 ], [ 78.5236859, 13.0990827 ], [ 78.5240507, 13.094422 ], [ 78.5172701, 13.0968569 ], [ 78.5102105, 13.0920186 ], [ 78.5091591, 13.0787677 ], [ 78.5111117, 13.0782138 ], [ 78.515017, 13.0716821 ], [ 78.5161435, 13.0628823 ], [ 78.4975719, 13.0610638 ], [ 78.4874868, 13.0523996 ], [ 78.4785926, 13.0544481 ], [ 78.4782064, 13.0506646 ], [ 78.4744084, 13.0437664 ], [ 78.4692371, 13.0429093 ], [ 78.4640551, 13.0444666 ], [ 78.4622741, 13.0433692 ], [ 78.4615016, 13.0271053 ], [ 78.4647846, 13.0197778 ], [ 78.4633577, 13.0164224 ], [ 78.4646022, 13.0115825 ], [ 78.4635401, 13.0060004 ], [ 78.4682071, 13.0051013 ], [ 78.467617, 12.9988604 ], [ 78.471694, 12.9929748 ], [ 78.4746981, 12.9913962 ], [ 78.4690869, 12.9826459 ], [ 78.4675419, 12.9750139 ], [ 78.4353661, 12.98113 ], [ 78.4323728, 12.9779308 ], [ 78.434701, 12.9715324 ], [ 78.4324479, 12.9692741 ], [ 78.4374904, 12.9638688 ], [ 78.436718, 12.9623214 ], [ 78.4293794, 12.9575118 ], [ 78.4190798, 12.9587038 ], [ 78.4214186, 12.954626 ], [ 78.4201526, 12.947767 ], [ 78.4139299, 12.9483943 ], [ 78.411119, 12.9454457 ], [ 78.4137153, 12.9387119 ], [ 78.4130502, 12.9333163 ], [ 78.4150457, 12.9334418 ], [ 78.4183502, 12.9228385 ], [ 78.4219336, 12.9232986 ], [ 78.4275985, 12.9330653 ], [ 78.4297335, 12.9309949 ], [ 78.4379518, 12.9290918 ], [ 78.4445178, 12.9195968 ], [ 78.4521353, 12.9177563 ], [ 78.4592271, 12.9086792 ], [ 78.4665549, 12.9053118 ], [ 78.469398, 12.8900429 ], [ 78.4647471, 12.8666985 ], [ 78.4617618, 12.8710693 ], [ 78.4641838, 12.8774297 ], [ 78.4574032, 12.8861941 ], [ 78.4471679, 12.8921137 ], [ 78.4491849, 12.8980958 ], [ 78.4438634, 12.9030529 ], [ 78.44661, 12.9081145 ], [ 78.4449148, 12.9120465 ], [ 78.4389925, 12.9138034 ], [ 78.4347438, 12.9117537 ], [ 78.4358167, 12.9104152 ], [ 78.433628, 12.9043497 ], [ 78.4298944, 12.9044333 ], [ 78.428564, 12.9017561 ], [ 78.4120845, 12.9030529 ], [ 78.4089517, 12.9096622 ], [ 78.3983516, 12.9175263 ], [ 78.3964204, 12.9076125 ], [ 78.3896398, 12.9064621 ], [ 78.3855629, 12.9094531 ], [ 78.3854985, 12.9115446 ], [ 78.3770656, 12.9149746 ], [ 78.3767438, 12.9179236 ], [ 78.3596849, 12.9376035 ], [ 78.3563161, 12.9388373 ], [ 78.3557796, 12.9406777 ], [ 78.3527326, 12.9388792 ], [ 78.3497715, 12.9359304 ], [ 78.353827, 12.930242 ], [ 78.3491707, 12.9289663 ], [ 78.3464885, 12.9141171 ], [ 78.341918, 12.9118792 ], [ 78.3441067, 12.9079681 ], [ 78.3395791, 12.9030111 ], [ 78.3310604, 12.9016933 ], [ 78.3262968, 12.9044333 ], [ 78.3234429, 12.9019025 ], [ 78.3225846, 12.8975938 ], [ 78.3240437, 12.8927412 ], [ 78.3203745, 12.8872818 ], [ 78.3216405, 12.8856712 ], [ 78.3290219, 12.8846044 ], [ 78.33076, 12.8851483 ], [ 78.3325195, 12.889248 ], [ 78.3343005, 12.8891853 ], [ 78.337841, 12.8863196 ], [ 78.3369398, 12.8823244 ], [ 78.332262, 12.8807138 ], [ 78.3310389, 12.8756098 ], [ 78.3136797, 12.8761746 ], [ 78.3156323, 12.8674516 ], [ 78.3123708, 12.8583517 ], [ 78.2822442, 12.8593768 ], [ 78.2721162, 12.8669286 ], [ 78.2683611, 12.8676189 ], [ 78.2652283, 12.8619499 ], [ 78.2582545, 12.8603809 ], [ 78.2540917, 12.8622427 ], [ 78.2522678, 12.8603182 ], [ 78.2508087, 12.8151072 ], [ 78.2465225, 12.8017644 ], [ 78.2455454, 12.7880736 ], [ 78.2388675, 12.7679053 ], [ 78.2313763, 12.7621184 ], [ 78.2321955, 12.7530268 ], [ 78.2357657, 12.7456415 ], [ 78.2348486, 12.7437578 ], [ 78.2362546, 12.7379355 ], [ 78.2409256, 12.732749 ], [ 78.2409303, 12.7298647 ], [ 78.2307686, 12.7125043 ], [ 78.2271493, 12.7148871 ], [ 78.2180457, 12.7084839 ], [ 78.2123889, 12.7106633 ], [ 78.2121783, 12.7065416 ], [ 78.2102412, 12.7081163 ], [ 78.2065474, 12.7075517 ], [ 78.2057707, 12.70532 ], [ 78.209583, 12.7012562 ], [ 78.1994584, 12.6945638 ], [ 78.2012573, 12.6916563 ], [ 78.2026049, 12.6932448 ], [ 78.2044884, 12.6928948 ], [ 78.2110554, 12.6889037 ], [ 78.2105026, 12.6846881 ], [ 78.2151964, 12.6850556 ], [ 78.2157971, 12.6870742 ], [ 78.2375287, 12.6860913 ], [ 78.2385676, 12.6993978 ], [ 78.23993, 12.7028032 ], [ 78.2420407, 12.7031913 ], [ 78.2445169, 12.7064726 ], [ 78.2618215, 12.7047198 ], [ 78.2678556, 12.7056757 ], [ 78.2756337, 12.7020619 ], [ 78.2880412, 12.6868053 ], [ 78.2945237, 12.6772161 ], [ 78.2968426, 12.6708232 ], [ 78.2999799, 12.6694205 ], [ 78.3004582, 12.6652508 ], [ 78.305929, 12.6666425 ], [ 78.3192694, 12.6613535 ], [ 78.3248319, 12.6555616 ], [ 78.3301806, 12.653916 ], [ 78.3322604, 12.6493476 ], [ 78.343295, 12.6487938 ], [ 78.3517027, 12.6418563 ], [ 78.3555436, 12.6364439 ], [ 78.362858, 12.6344103 ], [ 78.3726078, 12.6268123 ], [ 78.3793054, 12.6248415 ], [ 78.3907574, 12.6273135 ], [ 78.4124061, 12.6268329 ], [ 78.4271049, 12.6352714 ], [ 78.4334779, 12.6297227 ], [ 78.4581113, 12.6297227 ], [ 78.4649133, 12.6238599 ], [ 78.4717369, 12.6319003 ], [ 78.4704709, 12.6448399 ], [ 78.4745049, 12.6476035 ], [ 78.4704438, 12.6506635 ], [ 78.4678955, 12.6758055 ], [ 78.4842521, 12.6717271 ], [ 78.4847402, 12.673271 ], [ 78.4930014, 12.673941 ], [ 78.4995917, 12.6765657 ], [ 78.4999323, 12.6796561 ], [ 78.5039027, 12.6817158 ], [ 78.502534, 12.6838639 ], [ 78.50402, 12.6834714 ], [ 78.5033977, 12.6898719 ], [ 78.5073352, 12.6902591 ], [ 78.5068416, 12.6919652 ], [ 78.5029364, 12.6919129 ], [ 78.5040092, 12.6986533 ], [ 78.4994495, 12.699229 ], [ 78.4994495, 12.7016362 ], [ 78.4964883, 12.7028294 ], [ 78.4965742, 12.7043993 ], [ 78.5016811, 12.7043889 ], [ 78.5039341, 12.7112232 ], [ 78.5029471, 12.716634 ], [ 78.512249, 12.7076124 ], [ 78.5146093, 12.7079787 ], [ 78.5144269, 12.7103126 ], [ 78.5189438, 12.7103964 ], [ 78.5197806, 12.711893 ], [ 78.5173559, 12.7147397 ], [ 78.519727, 12.7155037 ], [ 78.5203707, 12.7186225 ], [ 78.5177636, 12.7200667 ], [ 78.5166693, 12.7185387 ], [ 78.5096419, 12.7240854 ], [ 78.5059941, 12.7225156 ], [ 78.5063589, 12.7243889 ], [ 78.5044384, 12.7248913 ], [ 78.5013914, 12.7312646 ], [ 78.4967887, 12.7314739 ], [ 78.4929478, 12.7353878 ], [ 78.4891605, 12.7419596 ], [ 78.4931946, 12.7470768 ], [ 78.5002112, 12.7435398 ], [ 78.5050607, 12.7429956 ], [ 78.5070133, 12.7374075 ], [ 78.5121631, 12.7340169 ], [ 78.5137725, 12.7345401 ], [ 78.5118842, 12.7267332 ], [ 78.5136652, 12.7254145 ], [ 78.5183, 12.7250587 ], [ 78.519094, 12.7361517 ], [ 78.5210252, 12.7360889 ], [ 78.522613, 12.7189888 ], [ 78.5270548, 12.7215842 ], [ 78.5250163, 12.715577 ], [ 78.5338354, 12.714049 ], [ 78.5377621, 12.7169584 ], [ 78.5371399, 12.7130442 ], [ 78.5444569, 12.7105324 ], [ 78.5399723, 12.7080415 ], [ 78.5378051, 12.7105952 ], [ 78.5351872, 12.7072252 ], [ 78.5341573, 12.7107418 ], [ 78.5322046, 12.7116837 ], [ 78.5295868, 12.7092975 ], [ 78.5316252, 12.696424 ], [ 78.5361743, 12.6903743 ], [ 78.539586, 12.691714 ], [ 78.5405302, 12.6903324 ], [ 78.5560226, 12.7002966 ], [ 78.5567522, 12.7034365 ], [ 78.5549068, 12.7071624 ], [ 78.5616874, 12.7095905 ], [ 78.5539627, 12.7174189 ], [ 78.5552501, 12.7212284 ], [ 78.5605716, 12.7270471 ], [ 78.5641336, 12.7362982 ], [ 78.5637903, 12.7376796 ], [ 78.5552072, 12.7392284 ], [ 78.5561943, 12.7425771 ], [ 78.5603571, 12.7441677 ], [ 78.5595846, 12.7482279 ], [ 78.563447, 12.7498603 ], [ 78.5632753, 12.7521625 ], [ 78.5582018, 12.7500909 ], [ 78.5584688, 12.7534809 ], [ 78.5554647, 12.7557621 ], [ 78.5614729, 12.7614126 ], [ 78.5655927, 12.7592571 ], [ 78.568232, 12.7668747 ], [ 78.5764932, 12.7675025 ], [ 78.5757851, 12.7717716 ], [ 78.5925221, 12.7826114 ], [ 78.5929727, 12.7981589 ], [ 78.6011052, 12.8036201 ], [ 78.6003542, 12.8183921 ], [ 78.6076498, 12.8218862 ], [ 78.6016202, 12.8507578 ], [ 78.6131215, 12.8678281 ], [ 78.6148166, 12.8826382 ], [ 78.6228847, 12.9043497 ], [ 78.6267042, 12.9072988 ], [ 78.6333132, 12.9247417 ], [ 78.6337101, 12.9316223 ], [ 78.6525392, 12.9291127 ], [ 78.6569166, 12.9320615 ], [ 78.6462521, 12.9458012 ], [ 78.6380124, 12.964747 ], [ 78.6471534, 12.9662944 ], [ 78.6409735, 12.9700792 ], [ 78.6210179, 12.9911976 ], [ 78.628056, 12.9934139 ], [ 78.6553931, 13.0151576 ], [ 78.6562514, 13.0311505 ], [ 78.7047672, 13.0154712 ], [ 78.7141013, 13.0686722 ], [ 78.7404084, 13.0636557 ], [ 78.7514591, 13.0548766 ], [ 78.7934732, 13.0660595 ], [ 78.7977648, 13.0749636 ], [ 78.8131848, 13.0891814 ], [ 78.8203168, 13.0879013 ], [ 78.8420192, 13.0788672 ], [ 78.8611293, 13.0835748 ], [ 78.8708925, 13.0821536 ], [ 78.8694978, 13.0873892 ], [ 78.8720512, 13.0935234 ], [ 78.8751197, 13.0969927 ], [ 78.8817286, 13.0981631 ], [ 78.8957812, 13.095054 ], [ 78.8922536, 13.0897509 ], [ 78.8889599, 13.0732915 ], [ 78.8911485, 13.0690067 ], [ 78.8916635, 13.0331364 ], [ 78.9162111, 13.0335963 ], [ 78.9292145, 13.0364185 ], [ 78.9315319, 13.0345789 ], [ 78.9356088, 13.034767 ], [ 78.9371323, 13.0304397 ], [ 78.9408445, 13.0364812 ], [ 78.9345145, 13.0388016 ], [ 78.929193, 13.0456373 ], [ 78.9217043, 13.0471632 ], [ 78.9191723, 13.0439649 ], [ 78.9171552, 13.043735 ], [ 78.9063513, 13.0450101 ], [ 78.9038408, 13.0476231 ], [ 78.9103961, 13.0634258 ], [ 78.9131212, 13.0662894 ], [ 78.9162969, 13.0672718 ], [ 78.921318, 13.0650353 ], [ 78.9240432, 13.0809414 ], [ 78.9274764, 13.0819237 ], [ 78.9417243, 13.0785169 ], [ 78.9492774, 13.0840347 ], [ 78.9497065, 13.0801262 ], [ 78.9550066, 13.0760505 ], [ 78.9604568, 13.0761132 ], [ 78.9620447, 13.0787259 ], [ 78.9688253, 13.0778689 ], [ 78.9702844, 13.0746083 ], [ 78.971529, 13.07743 ], [ 78.9703917, 13.0794992 ], [ 78.9724302, 13.0838048 ], [ 78.9822364, 13.0862919 ], [ 78.9952612, 13.0865845 ], [ 79.0040374, 13.0845781 ], [ 79.0037584, 13.0830523 ], [ 79.0082431, 13.0806488 ], [ 79.0095949, 13.0769493 ], [ 79.015603, 13.0769284 ], [ 79.0164614, 13.0745665 ], [ 79.0233278, 13.0738559 ], [ 79.0244651, 13.0718493 ], [ 79.0288639, 13.0724973 ], [ 79.0296364, 13.0709296 ], [ 79.0312242, 13.0719747 ], [ 79.0345931, 13.0697591 ], [ 79.0369157, 13.070308 ], [ 79.0362024, 13.0657669 ], [ 79.0388417, 13.0610429 ], [ 79.0632069, 13.0533193 ], [ 79.0645265, 13.0516784 ], [ 79.0629816, 13.0403067 ], [ 79.0743542, 13.0326765 ], [ 79.0808558, 13.0255687 ], [ 79.0868854, 13.0279729 ], [ 79.0910053, 13.0261959 ], [ 79.0985799, 13.0260914 ], [ 79.1078067, 13.0384044 ], [ 79.1146517, 13.0393869 ], [ 79.1285991, 13.035436 ], [ 79.1357231, 13.0354987 ], [ 79.1501641, 13.02352 ], [ 79.1632747, 13.0202378 ], [ 79.1681027, 13.0240217 ], [ 79.1712785, 13.0239799 ], [ 79.1718793, 13.0271994 ], [ 79.1802692, 13.0292481 ], [ 79.1821146, 13.0318612 ], [ 79.1848826, 13.0298962 ], [ 79.1886377, 13.0422717 ], [ 79.1931867, 13.0467243 ], [ 79.1921568, 13.0483129 ], [ 79.1823828, 13.04732 ], [ 79.1802692, 13.0495044 ], [ 79.179604, 13.0543749 ], [ 79.1920709, 13.0559636 ], [ 79.191513, 13.0584719 ], [ 79.1833377, 13.0568833 ], [ 79.1787028, 13.0587227 ], [ 79.1804194, 13.0645963 ], [ 79.1875434, 13.0606249 ], [ 79.1883373, 13.0657878 ], [ 79.1921139, 13.0672091 ], [ 79.1909551, 13.0733124 ], [ 79.1840672, 13.0726854 ], [ 79.1857409, 13.0752354 ], [ 79.1854834, 13.0803561 ], [ 79.1822648, 13.0817983 ], [ 79.1824364, 13.0802725 ], [ 79.1810417, 13.0800844 ], [ 79.1805267, 13.0843273 ], [ 79.1880369, 13.0835122 ], [ 79.1885519, 13.0880476 ], [ 79.1907835, 13.0885701 ], [ 79.1928434, 13.0825298 ], [ 79.198401, 13.0814221 ], [ 79.1997742, 13.0878595 ], [ 79.2015123, 13.0894061 ], [ 79.2143655, 13.0936279 ], [ 79.2234206, 13.1002321 ], [ 79.2344069, 13.1051225 ], [ 79.2342782, 13.1148402 ], [ 79.2383766, 13.1186019 ], [ 79.2303085, 13.1264802 ], [ 79.2294287, 13.1318088 ], [ 79.2329049, 13.1392688 ], [ 79.2280769, 13.1399375 ], [ 79.2219829, 13.1462688 ], [ 79.2192578, 13.1457047 ], [ 79.2165971, 13.1475434 ], [ 79.2099237, 13.1484628 ], [ 79.2149234, 13.1570297 ], [ 79.2180991, 13.1569043 ], [ 79.2180776, 13.1552954 ], [ 79.2271864, 13.1555775 ], [ 79.2256951, 13.1588266 ], [ 79.2307624, 13.163549 ], [ 79.2346215, 13.1706525 ], [ 79.2393207, 13.1719687 ], [ 79.2425608, 13.1711121 ], [ 79.2411446, 13.1595579 ], [ 79.2437196, 13.1571968 ], [ 79.2441916, 13.1526418 ], [ 79.2419171, 13.149424 ], [ 79.2434191, 13.1510538 ], [ 79.2449641, 13.1485673 ], [ 79.2421317, 13.1479613 ], [ 79.240222, 13.1443047 ], [ 79.2451572, 13.1384747 ], [ 79.2538476, 13.1457673 ], [ 79.2545557, 13.1491733 ], [ 79.2521953, 13.1578446 ], [ 79.2532682, 13.1604563 ], [ 79.2570877, 13.1607906 ], [ 79.2603063, 13.1595997 ], [ 79.2601561, 13.1522657 ], [ 79.2614436, 13.1521821 ], [ 79.2620873, 13.1488598 ], [ 79.2674947, 13.1495912 ], [ 79.2698335, 13.1537283 ], [ 79.2774939, 13.1562566 ], [ 79.2806268, 13.1526209 ], [ 79.279983, 13.1480031 ], [ 79.2824507, 13.1426121 ], [ 79.2840761, 13.1227813 ], [ 79.2857998, 13.1236725 ], [ 79.288888, 13.1220291 ], [ 79.304316, 13.1266264 ], [ 79.3127703, 13.126104 ], [ 79.307878, 13.1245785 ], [ 79.3083715, 13.1230112 ], [ 79.2991662, 13.1186646 ], [ 79.2989087, 13.1156553 ], [ 79.3009686, 13.1126459 ], [ 79.295969, 13.1123743 ], [ 79.2943167, 13.1094903 ], [ 79.2982435, 13.1069198 ], [ 79.3018269, 13.1078393 ], [ 79.3072128, 13.1054778 ], [ 79.3093371, 13.1078602 ], [ 79.3099594, 13.1120399 ], [ 79.3160748, 13.1116637 ], [ 79.3190145, 13.1132938 ], [ 79.3118047, 13.1163867 ], [ 79.3241, 13.1183093 ], [ 79.3187785, 13.1235337 ], [ 79.326868, 13.1260413 ], [ 79.3289494, 13.130555 ], [ 79.3395495, 13.1304088 ], [ 79.3412661, 13.1369493 ], [ 79.3447423, 13.1367613 ], [ 79.3436479, 13.1308476 ], [ 79.3452787, 13.1215066 ], [ 79.3535399, 13.120608 ], [ 79.3607497, 13.1235755 ], [ 79.3615865, 13.1282773 ], [ 79.3650841, 13.1307222 ], [ 79.3655133, 13.1336059 ], [ 79.3634963, 13.1389136 ], [ 79.3612218, 13.1385374 ], [ 79.3599987, 13.1518896 ], [ 79.3574023, 13.156173 ], [ 79.3562221, 13.1645307 ], [ 79.3635392, 13.1659305 ], [ 79.3700409, 13.1628592 ], [ 79.3796754, 13.1629218 ], [ 79.3799758, 13.1706733 ], [ 79.369483, 13.172888 ], [ 79.3726373, 13.1788843 ], [ 79.3749332, 13.1777978 ], [ 79.3825936, 13.1794484 ], [ 79.3877864, 13.1773382 ], [ 79.3876147, 13.1802005 ], [ 79.3850183, 13.1817256 ], [ 79.3856406, 13.1831045 ], [ 79.3728947, 13.1877425 ], [ 79.3742251, 13.1894348 ], [ 79.3875932, 13.1891632 ], [ 79.3921208, 13.192464 ], [ 79.395833, 13.1917955 ], [ 79.3962407, 13.1886409 ], [ 79.3994379, 13.1876172 ], [ 79.398601, 13.1888289 ], [ 79.4004464, 13.1892885 ], [ 79.4009185, 13.1917328 ], [ 79.410274, 13.1939473 ], [ 79.4102096, 13.1906047 ], [ 79.4213033, 13.1893721 ], [ 79.4215822, 13.1906674 ], [ 79.4252729, 13.1894139 ], [ 79.425466, 13.1905002 ], [ 79.4387054, 13.1883275 ], [ 79.4372463, 13.191315 ], [ 79.4332766, 13.1926103 ], [ 79.4324183, 13.1951799 ], [ 79.432354, 13.1969765 ], [ 79.4357013, 13.197269 ], [ 79.4395637, 13.2060222 ], [ 79.4437051, 13.2075889 ], [ 79.436152, 13.2129158 ], [ 79.4373965, 13.2196213 ], [ 79.4483828, 13.2155897 ], [ 79.4539189, 13.2168848 ], [ 79.4531035, 13.2384834 ], [ 79.4410443, 13.2377732 ], [ 79.4386732, 13.2336688 ], [ 79.4400358, 13.2307862 ], [ 79.4311094, 13.2297732 ], [ 79.4304764, 13.2315696 ], [ 79.4345426, 13.2319873 ], [ 79.4392526, 13.2351832 ], [ 79.4314206, 13.2362171 ], [ 79.4314742, 13.2383372 ], [ 79.4380939, 13.2399977 ], [ 79.4378793, 13.2429637 ], [ 79.4322467, 13.2431621 ], [ 79.4280624, 13.2413659 ], [ 79.4245219, 13.2433292 ], [ 79.4185781, 13.242995 ], [ 79.4196081, 13.2457312 ], [ 79.417119, 13.2459819 ], [ 79.4235134, 13.2500965 ], [ 79.4215178, 13.2524776 ], [ 79.4168186, 13.251851 ], [ 79.4171405, 13.2585345 ], [ 79.4128918, 13.2631293 ], [ 79.4085789, 13.2637977 ], [ 79.4084501, 13.2654058 ], [ 79.4115186, 13.2647375 ], [ 79.4175052, 13.2717966 ], [ 79.4203162, 13.2712954 ], [ 79.43362, 13.2748875 ], [ 79.433856, 13.287376 ], [ 79.4357872, 13.2912185 ], [ 79.4461083, 13.2916152 ], [ 79.4456792, 13.3004485 ], [ 79.4450998, 13.3016388 ], [ 79.4304228, 13.3001562 ], [ 79.429264, 13.2977547 ], [ 79.4188142, 13.289694 ], [ 79.4195437, 13.2951653 ], [ 79.4158315, 13.2994671 ], [ 79.4052315, 13.2976921 ], [ 79.4023347, 13.2997803 ], [ 79.3937516, 13.2999265 ], [ 79.3898892, 13.2975459 ], [ 79.3886018, 13.3095321 ], [ 79.381907, 13.3077572 ], [ 79.3829369, 13.3127269 ], [ 79.3875932, 13.3182395 ], [ 79.3932795, 13.3177174 ], [ 79.3957042, 13.3158173 ], [ 79.4021415, 13.3175504 ], [ 79.4019055, 13.3213924 ], [ 79.3988371, 13.3216221 ], [ 79.3981933, 13.3302872 ], [ 79.4024205, 13.3300993 ], [ 79.4053387, 13.3351104 ], [ 79.4130206, 13.3324587 ], [ 79.413085, 13.3298905 ], [ 79.4196725, 13.3338785 ], [ 79.4208526, 13.3362587 ], [ 79.4316244, 13.3368016 ], [ 79.4328904, 13.3468859 ], [ 79.4355941, 13.3481595 ], [ 79.435633, 13.3517293 ], [ 79.4375896, 13.3497044 ], [ 79.4462156, 13.3471573 ], [ 79.4564544, 13.3384904 ], [ 79.464122, 13.3417394 ], [ 79.4654947, 13.3387587 ], [ 79.4728785, 13.3393613 ], [ 79.4746823, 13.3410569 ], [ 79.4802594, 13.3399846 ], [ 79.4996452, 13.3478045 ], [ 79.4973492, 13.332417 ], [ 79.5100522, 13.3341917 ], [ 79.5111036, 13.3419586 ], [ 79.5221758, 13.341896 ], [ 79.5260811, 13.344464 ], [ 79.535737, 13.3380752 ], [ 79.537282, 13.3385345 ], [ 79.5418095, 13.3274267 ], [ 79.5393634, 13.3217265 ], [ 79.5437836, 13.3171954 ], [ 79.5437836, 13.3153579 ], [ 79.5421099, 13.3102838 ], [ 79.5369816, 13.3046249 ], [ 79.5348358, 13.2993418 ], [ 79.5381832, 13.2958753 ], [ 79.5371961, 13.2942047 ], [ 79.5410156, 13.292012 ], [ 79.5350182, 13.2846298 ], [ 79.5337307, 13.2781559 ], [ 79.5347714, 13.2752216 ], [ 79.5398891, 13.2724544 ], [ 79.5581281, 13.2728095 ], [ 79.5739424, 13.2589731 ], [ 79.5804977, 13.2573231 ], [ 79.5913124, 13.2614689 ], [ 79.5947778, 13.2717339 ], [ 79.592675, 13.2751276 ], [ 79.5949173, 13.2761092 ], [ 79.5957327, 13.2846507 ], [ 79.5987368, 13.2857993 ], [ 79.6059143, 13.288274 ], [ 79.6087575, 13.2875117 ], [ 79.6061718, 13.2795864 ], [ 79.6144223, 13.282531 ], [ 79.6192825, 13.2797535 ], [ 79.6275759, 13.2702198 ], [ 79.6318459, 13.2697917 ], [ 79.6319854, 13.2713893 ], [ 79.6340132, 13.2714729 ], [ 79.6317065, 13.2764956 ], [ 79.6343672, 13.2773414 ], [ 79.6332192, 13.2824057 ], [ 79.6380365, 13.2844836 ], [ 79.6381545, 13.287543 ], [ 79.63956, 13.2768297 ], [ 79.6413088, 13.2757437 ], [ 79.6424676, 13.2902185 ], [ 79.6520161, 13.2918658 ], [ 79.654634, 13.2856427 ], [ 79.6580672, 13.2838676 ], [ 79.6586251, 13.2867704 ], [ 79.6640754, 13.2897775 ], [ 79.6666932, 13.2856009 ], [ 79.6646118, 13.2819672 ], [ 79.6652984, 13.2786675 ], [ 79.6688175, 13.2813407 ], [ 79.6714353, 13.2800876 ], [ 79.6740961, 13.2815704 ], [ 79.6784305, 13.2974415 ], [ 79.683001, 13.2956352 ], [ 79.6811664, 13.2878981 ], [ 79.6832156, 13.2882322 ], [ 79.6849859, 13.285225 ], [ 79.6894705, 13.2831575 ], [ 79.6904683, 13.2803591 ], [ 79.6940195, 13.2798788 ], [ 79.6936762, 13.2737075 ], [ 79.6887624, 13.2707732 ], [ 79.6910047, 13.2676301 ], [ 79.6942878, 13.2706062 ], [ 79.6957791, 13.2670871 ], [ 79.6934831, 13.2632233 ], [ 79.6916485, 13.2633904 ], [ 79.6912086, 13.260905 ], [ 79.6890628, 13.2609259 ], [ 79.6895134, 13.2639647 ], [ 79.6877217, 13.2666276 ], [ 79.6804798, 13.2646644 ], [ 79.6803403, 13.2622521 ], [ 79.6783554, 13.2618031 ], [ 79.6802223, 13.2528744 ], [ 79.6842885, 13.2443318 ], [ 79.6890467, 13.2398463 ], [ 79.6926892, 13.2406557 ], [ 79.6956611, 13.2384207 ], [ 79.6931398, 13.2432666 ], [ 79.6963799, 13.243183 ], [ 79.6981823, 13.2510155 ], [ 79.6997809, 13.2509215 ], [ 79.7009504, 13.2530728 ], [ 79.7033107, 13.2511095 ], [ 79.7090828, 13.251026 ], [ 79.7091687, 13.2479139 ], [ 79.7126019, 13.2444676 ], [ 79.7113252, 13.2424311 ], [ 79.7118938, 13.2390787 ], [ 79.7141254, 13.2357158 ], [ 79.7061002, 13.2342223 ], [ 79.7022378, 13.2252508 ], [ 79.7025597, 13.2223786 ], [ 79.7079348, 13.2215118 ], [ 79.7119474, 13.219308 ], [ 79.7117758, 13.2175637 ], [ 79.7183955, 13.2163521 ], [ 79.7216463, 13.2234649 ], [ 79.7259271, 13.2216162 ], [ 79.7314954, 13.2223786 ], [ 79.7302616, 13.2324677 ], [ 79.7327721, 13.2333137 ], [ 79.7327506, 13.2368228 ], [ 79.7371173, 13.2362275 ], [ 79.7391236, 13.229533 ], [ 79.7426212, 13.2282901 ], [ 79.7424817, 13.2252091 ], [ 79.749316, 13.2199138 ], [ 79.7497237, 13.2168848 ], [ 79.7511184, 13.216373 ], [ 79.7499382, 13.2088423 ], [ 79.7525024, 13.2064817 ], [ 79.7597122, 13.207286 ], [ 79.7614717, 13.2167177 ], [ 79.7644758, 13.2191617 ], [ 79.770087, 13.2190469 ], [ 79.7698295, 13.2176682 ], [ 79.7740781, 13.219308 ], [ 79.7728228, 13.2155792 ], [ 79.7755372, 13.215245 ], [ 79.7779834, 13.2236006 ], [ 79.7812128, 13.2233709 ], [ 79.7855365, 13.228405 ], [ 79.7928965, 13.2292405 ], [ 79.7944897, 13.2263161 ], [ 79.7947311, 13.2419298 ], [ 79.7868562, 13.2454806 ], [ 79.781878, 13.2516212 ], [ 79.7719216, 13.2533339 ], [ 79.7703123, 13.2552972 ], [ 79.7612357, 13.2574067 ], [ 79.7541761, 13.2628578 ], [ 79.7480607, 13.2709612 ], [ 79.7417521, 13.2708986 ], [ 79.7403574, 13.2737806 ], [ 79.73495, 13.2757646 ], [ 79.732697, 13.2822387 ], [ 79.7305298, 13.282719 ], [ 79.7335338, 13.2887752 ], [ 79.7390914, 13.2914273 ], [ 79.7441125, 13.2885246 ], [ 79.7559035, 13.2944761 ], [ 79.7602486, 13.3016597 ], [ 79.7620082, 13.3126016 ], [ 79.7606671, 13.3184796 ], [ 79.7687673, 13.3132907 ], [ 79.7706985, 13.3091249 ], [ 79.7751403, 13.3061075 ], [ 79.7807836, 13.3057212 ], [ 79.785397, 13.297003 ], [ 79.791652, 13.2935678 ], [ 79.8017478, 13.3005321 ], [ 79.8047089, 13.3073709 ], [ 79.803679, 13.3110042 ], [ 79.8074663, 13.3134995 ], [ 79.8090649, 13.3172998 ], [ 79.8174226, 13.3185944 ], [ 79.8289883, 13.3174564 ], [ 79.8361337, 13.3142721 ], [ 79.8479569, 13.3165168 ], [ 79.8532462, 13.3160157 ], [ 79.8533964, 13.3206511 ], [ 79.8629773, 13.317091 ], [ 79.8681057, 13.3309972 ], [ 79.8773539, 13.3243678 ], [ 79.8807979, 13.3248586 ], [ 79.8829114, 13.3232507 ], [ 79.8833643, 13.3328696 ], [ 79.9035644, 13.3403719 ], [ 79.9053669, 13.3439421 ], [ 79.9146795, 13.3481595 ], [ 79.9151516, 13.3516252 ], [ 79.9132848, 13.3522933 ], [ 79.9168467, 13.3580137 ], [ 79.9159884, 13.359997 ], [ 79.9250436, 13.3584312 ], [ 79.9292063, 13.3555293 ], [ 79.9312448, 13.3515835 ], [ 79.933176, 13.351834 ], [ 79.9357509, 13.3563853 ], [ 79.9381113, 13.3557172 ], [ 79.9410724, 13.3613958 ], [ 79.9430465, 13.3612705 ], [ 79.9422526, 13.3635461 ], [ 79.9454284, 13.3635147 ], [ 79.945364, 13.3681598 ], [ 79.9493873, 13.3754663 ], [ 79.9450207, 13.381802 ], [ 79.9482608, 13.3819377 ], [ 79.9483788, 13.3832424 ], [ 79.9500739, 13.3797876 ], [ 79.9538934, 13.3771781 ], [ 79.9578845, 13.3789525 ], [ 79.9627125, 13.3917592 ], [ 79.9613607, 13.3955896 ], [ 79.9562752, 13.3970925 ], [ 79.9443447, 13.3968212 ], [ 79.9412548, 13.4005471 ], [ 79.9457717, 13.4077588 ], [ 79.9437332, 13.407717 ], [ 79.9414158, 13.4101278 ], [ 79.9421024, 13.4127682 ], [ 79.9384332, 13.4127369 ], [ 79.9344528, 13.4166191 ], [ 79.9418557, 13.4169531 ], [ 79.9399567, 13.4250304 ], [ 79.9482179, 13.4249887 ], [ 79.9493873, 13.4237468 ], [ 79.9516618, 13.4240808 ], [ 79.9524343, 13.425907 ], [ 79.9558139, 13.4253539 ], [ 79.9549127, 13.4223484 ], [ 79.9566185, 13.4220771 ], [ 79.9574983, 13.4236216 ], [ 79.9619722, 13.4234129 ], [ 79.973216, 13.4295073 ], [ 79.9727654, 13.4396712 ], [ 79.970963, 13.4401721 ], [ 79.9723792, 13.4689919 ], [ 79.9823999, 13.4705152 ], [ 79.9839449, 13.4796132 ], [ 80.0075698, 13.4785073 ], [ 80.0074839, 13.4813242 ], [ 80.0121617, 13.4855392 ], [ 80.013535, 13.485101 ], [ 80.0158953, 13.4889612 ], [ 80.0142646, 13.4962641 ], [ 80.0157881, 13.4979125 ], [ 80.0308943, 13.4980585 ], [ 80.0466656, 13.493656 ], [ 80.0485325, 13.512601 ], [ 80.0354433, 13.5185888 ], [ 80.026946, 13.5136441 ], [ 80.0194788, 13.5190895 ], [ 80.0174188, 13.5298755 ], [ 80.0066685, 13.5255987 ], [ 80.000601, 13.5256724 ], [ 80.0004566, 13.5453338 ], [ 80.0018317, 13.5464009 ], [ 80.0193286, 13.5471487 ], [ 80.0215173, 13.5453756 ], [ 80.0235772, 13.5463352 ], [ 80.0281691, 13.5388669 ], [ 80.0569975, 13.5367077 ], [ 80.064379, 13.5459597 ], [ 80.0690031, 13.5448958 ], [ 80.0814914, 13.5488802 ], [ 80.0879502, 13.5376152 ], [ 80.0834226, 13.535842 ], [ 80.0783157, 13.529646 ], [ 80.0767278, 13.5137067 ], [ 80.0774789, 13.4893785 ], [ 80.0987649, 13.4884396 ], [ 80.1016402, 13.4899211 ], [ 80.1046872, 13.4945323 ], [ 80.1072407, 13.4896081 ], [ 80.1110387, 13.4935934 ], [ 80.1126909, 13.5059245 ], [ 80.116682, 13.5037755 ], [ 80.1235485, 13.5031078 ], [ 80.1262736, 13.5043597 ], [ 80.1307153, 13.5017099 ], [ 80.1345134, 13.5019811 ], [ 80.1382684, 13.5045474 ], [ 80.1493621, 13.4978499 ], [ 80.1511001, 13.4901297 ], [ 80.164833, 13.4879597 ], [ 80.1766133, 13.4911104 ], [ 80.208714, 13.4865617 ], [ 80.20998, 13.4907139 ], [ 80.2142715, 13.4896289 ], [ 80.2137565, 13.4865199 ], [ 80.2232408, 13.485581 ], [ 80.2286911, 13.482931 ], [ 80.2345919, 13.4750016 ], [ 80.2394843, 13.474793 ], [ 80.2417803, 13.4725393 ], [ 80.2507925, 13.5006249 ], [ 80.2639729, 13.5620897 ], [ 80.2679813, 13.5639111 ], [ 80.2428263, 13.6154941 ], [ 80.2371561, 13.6364625 ], [ 80.2342433, 13.6563969 ], [ 80.2346629, 13.6947537 ], [ 80.2413565, 13.7347213 ], [ 80.2524823, 13.7772498 ], [ 80.2507549, 13.7897328 ], [ 80.2417374, 13.8198565 ], [ 80.2290103, 13.8472367 ], [ 80.2190003, 13.8795533 ], [ 80.2004287, 13.9144871 ], [ 80.1836595, 13.958443 ], [ 80.156883, 14.0195431 ], [ 80.1532835, 14.0237848 ], [ 80.1509982, 14.0299573 ], [ 80.143716, 14.0543568 ], [ 80.1414066, 14.0747107 ], [ 80.1390409, 14.0785456 ], [ 80.1333493, 14.0995399 ], [ 80.1279044, 14.1440612 ], [ 80.1267028, 14.1711245 ], [ 80.1283175, 14.1998279 ], [ 80.1335907, 14.2347155 ], [ 80.1402265, 14.2519571 ], [ 80.1384348, 14.2602238 ], [ 80.13991, 14.2742974 ], [ 80.1452583, 14.2946706 ], [ 80.1574138, 14.3244082 ], [ 80.1598412, 14.3241459 ], [ 80.1574248, 14.3245457 ], [ 80.1577087, 14.3259958 ], [ 80.1587701, 14.3251917 ], [ 80.1594348, 14.3252467 ], [ 80.1577683, 14.327035 ], [ 80.1681523, 14.3526219 ], [ 80.1718444, 14.3845889 ], [ 80.1799607, 14.51037 ], [ 80.1834369, 14.53364 ], [ 80.1942354, 14.5763618 ], [ 80.1929158, 14.5789525 ], [ 80.1941335, 14.5883078 ], [ 80.19158, 14.5954303 ], [ 80.1880288, 14.5998429 ], [ 80.1834556, 14.6026383 ], [ 80.1828843, 14.6001025 ], [ 80.174135, 14.608647 ], [ 80.1692882, 14.6163944 ], [ 80.1594472, 14.6405044 ], [ 80.1421013, 14.7080475 ], [ 80.1276523, 14.7324068 ], [ 80.1216495, 14.7389852 ], [ 80.1144612, 14.7412367 ], [ 80.1117951, 14.744256 ], [ 80.0987649, 14.7773412 ], [ 80.0915658, 14.8182574 ], [ 80.0883579, 14.8232359 ], [ 80.0877088, 14.8276906 ], [ 80.0863892, 14.8723926 ], [ 80.084694, 14.8828914 ], [ 80.0784391, 14.9046702 ], [ 80.0688502, 14.9292276 ], [ 80.0554687, 14.9966083 ], [ 80.050233, 15.0380269 ], [ 80.0480068, 15.0820842 ], [ 80.0526577, 15.1106376 ], [ 80.0640893, 15.1478192 ], [ 80.0725383, 15.1682196 ], [ 80.0847101, 15.189959 ], [ 80.0876498, 15.2193519 ], [ 80.0834832, 15.2542756 ], [ 80.0845948, 15.2692039 ], [ 80.0932664, 15.2975664 ], [ 80.1050091, 15.3209842 ], [ 80.1099844, 15.3442436 ], [ 80.1202002, 15.3640055 ], [ 80.137606, 15.3893134 ], [ 80.1823782, 15.4411272 ], [ 80.2005628, 15.4645922 ], [ 80.2158353, 15.5002403 ], [ 80.215618, 15.5118347 ], [ 80.2177638, 15.5180375 ], [ 80.2304828, 15.5398076 ], [ 80.2261591, 15.5570225 ], [ 80.2419541, 15.6115676 ], [ 80.251624, 15.6329816 ], [ 80.2691281, 15.6616352 ], [ 80.2703351, 15.6690524 ], [ 80.2939224, 15.6996686 ], [ 80.3143823, 15.7215743 ], [ 80.3386912, 15.7440844 ], [ 80.3701258, 15.7677388 ], [ 80.4314506, 15.8042646 ], [ 80.4780867, 15.8264352 ], [ 80.5022476, 15.8365321 ], [ 80.5391, 15.8491147 ], [ 80.5430924, 15.8519039 ], [ 80.5953048, 15.8666604 ], [ 80.6385624, 15.8739738 ], [ 80.6399168, 15.8661695 ], [ 80.6411557, 15.8675467 ], [ 80.6407621, 15.875885 ], [ 80.6575081, 15.8782032 ], [ 80.6970402, 15.8798165 ], [ 80.7234547, 15.8766133 ], [ 80.7669978, 15.8628025 ], [ 80.7713939, 15.8634133 ], [ 80.7709751, 15.8609411 ], [ 80.7801307, 15.854555 ], [ 80.790634, 15.8430105 ], [ 80.7968798, 15.8466773 ], [ 80.8017101, 15.8462403 ], [ 80.8092713, 15.8375497 ], [ 80.8123398, 15.8287039 ], [ 80.8094566, 15.8140538 ], [ 80.808681, 15.8159623 ], [ 80.8062483, 15.8152162 ], [ 80.8002376, 15.8172358 ], [ 80.79608, 15.8147714 ], [ 80.7954851, 15.8087954 ], [ 80.7985854, 15.7968373 ], [ 80.8038852, 15.7855629 ], [ 80.8060741, 15.7738556 ], [ 80.8111778, 15.7634579 ], [ 80.8124256, 15.7510985 ], [ 80.8160305, 15.7418255 ], [ 80.8139403, 15.7398911 ], [ 80.804932, 15.7416462 ], [ 80.8010684, 15.7460212 ], [ 80.7991593, 15.7552637 ], [ 80.7977056, 15.753143 ], [ 80.7931543, 15.76035 ], [ 80.791879, 15.7649892 ], [ 80.7932506, 15.770408 ], [ 80.7901091, 15.7691845 ], [ 80.7864855, 15.7798544 ], [ 80.7885599, 15.7836473 ], [ 80.7872061, 15.785312 ], [ 80.7851316, 15.7802886 ], [ 80.785788, 15.7841233 ], [ 80.7827711, 15.7899617 ], [ 80.7818216, 15.796406 ], [ 80.7786424, 15.8000779 ], [ 80.779948, 15.7962716 ], [ 80.7765591, 15.7977974 ], [ 80.7741022, 15.8023604 ], [ 80.773743, 15.8115248 ], [ 80.7716491, 15.8167495 ], [ 80.7690167, 15.8161106 ], [ 80.7687002, 15.8070936 ], [ 80.7711303, 15.7996815 ], [ 80.7800138, 15.7845466 ], [ 80.7832325, 15.7752649 ], [ 80.7837797, 15.764088 ], [ 80.7858503, 15.7589254 ], [ 80.7940579, 15.746906 ], [ 80.8110416, 15.7333163 ], [ 80.8167325, 15.7229057 ], [ 80.8227682, 15.7175982 ], [ 80.8324122, 15.7137414 ], [ 80.8700288, 15.7151196 ], [ 80.9066891, 15.7204899 ], [ 80.9234079, 15.7256114 ], [ 80.9358057, 15.7199986 ], [ 80.9397282, 15.720266 ], [ 80.9769952, 15.7417119 ], [ 80.983016, 15.7480638 ], [ 81.0085487, 15.7671856 ], [ 81.0120249, 15.7669275 ], [ 81.0146964, 15.7689306 ], [ 81.0120785, 15.7736594 ], [ 81.0140002, 15.7881329 ], [ 81.0106826, 15.8309635 ], [ 81.009009, 15.8340621 ], [ 81.014694, 15.8408234 ], [ 81.0142308, 15.8447054 ], [ 81.0180338, 15.851578 ], [ 81.0446781, 15.880083 ], [ 81.0626916, 15.9038722 ], [ 81.1087572, 15.9489448 ], [ 81.1292696, 15.9636751 ], [ 81.1349022, 15.9726932 ], [ 81.1367382, 15.9729325 ], [ 81.1389754, 15.9762244 ], [ 81.1362765, 15.9963879 ], [ 81.1371181, 16.0169952 ], [ 81.1591437, 16.0587825 ], [ 81.1818321, 16.0937911 ], [ 81.203117, 16.1364708 ], [ 81.2054157, 16.1395294 ], [ 81.2071717, 16.1393768 ], [ 81.2043449, 16.1398538 ], [ 81.2042566, 16.1412391 ], [ 81.2082616, 16.1409421 ], [ 81.2035234, 16.142024 ], [ 81.2016126, 16.1461239 ], [ 81.2053843, 16.1518251 ], [ 81.2131984, 16.195078 ], [ 81.2239296, 16.2149537 ], [ 81.2263237, 16.214432 ], [ 81.2311233, 16.2166021 ], [ 81.2366367, 16.2206271 ], [ 81.2400744, 16.2241317 ], [ 81.2324301, 16.2177052 ], [ 81.2250852, 16.2148781 ], [ 81.2243988, 16.2158435 ], [ 81.2297209, 16.224995 ], [ 81.2288021, 16.225728 ], [ 81.2233016, 16.2167988 ], [ 81.2212224, 16.2177483 ], [ 81.2186672, 16.2126527 ], [ 81.2156002, 16.2138582 ], [ 81.2189333, 16.2255944 ], [ 81.2241933, 16.2292329 ], [ 81.2329397, 16.2301838 ], [ 81.2339801, 16.231874 ], [ 81.2359731, 16.2309219 ], [ 81.2342049, 16.2322719 ], [ 81.2386829, 16.2395883 ], [ 81.2699233, 16.2779202 ], [ 81.304536, 16.3031606 ], [ 81.3394503, 16.3213091 ], [ 81.3917585, 16.3422907 ], [ 81.3988062, 16.3426346 ], [ 81.4015398, 16.341233 ], [ 81.4550946, 16.3496945 ], [ 81.484665, 16.3521771 ], [ 81.4932114, 16.3494113 ], [ 81.5119405, 16.3498675 ], [ 81.5274107, 16.3464009 ], [ 81.6814667, 16.3329762 ], [ 81.6907901, 16.3197186 ], [ 81.7100282, 16.3129163 ], [ 81.7192636, 16.3135753 ], [ 81.7226605, 16.3103497 ], [ 81.7314014, 16.3177738 ], [ 81.7838386, 16.3387804 ], [ 81.8533534, 16.3727785 ], [ 81.9074187, 16.3886985 ], [ 81.9411716, 16.3944174 ], [ 81.946418, 16.397446 ], [ 81.9494837, 16.4019455 ], [ 81.9584785, 16.4025626 ], [ 82.1433305, 16.4981025 ], [ 82.2267759, 16.5362622 ], [ 82.2736609, 16.5558491 ], [ 82.3010221, 16.5723209 ], [ 82.3066306, 16.577812 ], [ 82.3178637, 16.5945904 ], [ 82.3120218, 16.6183917 ], [ 82.3132369, 16.6283303 ], [ 82.3158064, 16.6334407 ], [ 82.3180246, 16.6444875 ], [ 82.3303427, 16.6692654 ], [ 82.3628604, 16.7160129 ], [ 82.3669817, 16.7293269 ], [ 82.368061, 16.7387473 ], [ 82.3666531, 16.7411424 ], [ 82.3535568, 16.7414125 ], [ 82.3423107, 16.7441181 ], [ 82.3399678, 16.7513623 ], [ 82.3409951, 16.7633872 ], [ 82.3511338, 16.808449 ], [ 82.3483926, 16.8087109 ], [ 82.3482612, 16.8099639 ], [ 82.3545027, 16.8382465 ], [ 82.3555568, 16.8515981 ], [ 82.3537114, 16.8469645 ], [ 82.3528638, 16.8510282 ], [ 82.3511821, 16.8517392 ], [ 82.3489988, 16.8500206 ], [ 82.3355341, 16.8556822 ], [ 82.3227882, 16.8535464 ], [ 82.3186411, 16.8504843 ], [ 82.3133803, 16.850261 ], [ 82.3029935, 16.863501 ], [ 82.2961163, 16.8692353 ], [ 82.2907975, 16.8720973 ], [ 82.286793, 16.8715967 ], [ 82.2820455, 16.8770331 ], [ 82.2765416, 16.8781419 ], [ 82.2708178, 16.8771409 ], [ 82.2650081, 16.8857699 ], [ 82.2594237, 16.8877666 ], [ 82.2554433, 16.9036477 ], [ 82.2483945, 16.9078154 ], [ 82.2510436, 16.9078134 ], [ 82.2516668, 16.9092525 ], [ 82.2500306, 16.9317161 ], [ 82.2523239, 16.9376049 ], [ 82.2541022, 16.9380872 ], [ 82.2450285, 16.9402372 ], [ 82.2586684, 16.9381767 ], [ 82.2700855, 16.9420206 ], [ 82.2712603, 16.9467878 ], [ 82.2736488, 16.9491047 ], [ 82.2709331, 16.953052 ], [ 82.2691145, 16.9521938 ], [ 82.2684748, 16.9571538 ], [ 82.2709385, 16.958577 ], [ 82.279197, 16.9573661 ], [ 82.280762, 16.9709234 ], [ 82.2828153, 16.9709324 ], [ 82.2838544, 16.9763894 ], [ 82.2781799, 16.9780346 ], [ 82.2787182, 16.9824546 ], [ 82.2771209, 16.9830331 ], [ 82.2779524, 16.9842926 ], [ 82.2809216, 16.9842336 ], [ 82.2808868, 16.9828176 ], [ 82.2830111, 16.9842631 ], [ 82.2843951, 16.9827201 ], [ 82.2850308, 16.9842515 ], [ 82.2850294, 16.9824456 ], [ 82.2853151, 16.9824687 ], [ 82.2851622, 16.984408 ], [ 82.2812703, 16.9844426 ], [ 82.2951239, 17.02576 ], [ 82.3085779, 17.0472249 ], [ 82.3311648, 17.0718514 ], [ 82.4146163, 17.1500685 ], [ 82.4655461, 17.1935515 ], [ 82.5134665, 17.2293363 ], [ 82.5824636, 17.2743758 ], [ 82.6615727, 17.3200675 ], [ 82.7403867, 17.3609811 ], [ 82.8182995, 17.3946269 ], [ 82.8189003, 17.3965287 ], [ 82.826947, 17.4002834 ], [ 82.868785, 17.4154932 ], [ 82.8705315, 17.4185853 ], [ 82.8776246, 17.4205559 ], [ 82.8810627, 17.4233999 ], [ 82.8843574, 17.4227919 ], [ 82.8842235, 17.4249797 ], [ 82.8873503, 17.4267208 ], [ 82.9461765, 17.4520797 ], [ 82.9501623, 17.4561583 ], [ 82.956385, 17.4592441 ], [ 82.9914361, 17.4722837 ], [ 82.9948828, 17.4754626 ], [ 82.9941103, 17.4790622 ], [ 83.0045038, 17.4881263 ], [ 83.0036589, 17.4909966 ], [ 83.0058771, 17.4959364 ], [ 83.0203262, 17.5070076 ], [ 83.0706862, 17.5278916 ], [ 83.0876148, 17.5328924 ], [ 83.0935264, 17.5389769 ], [ 83.1029409, 17.5426571 ], [ 83.1621145, 17.5604153 ], [ 83.1719998, 17.5671061 ], [ 83.1717798, 17.5689613 ], [ 83.1703395, 17.5683246 ], [ 83.1704548, 17.5706208 ], [ 83.1737504, 17.5737038 ], [ 83.2130925, 17.5910724 ], [ 83.2166974, 17.5982875 ], [ 83.2270065, 17.6037063 ], [ 83.2275215, 17.6058181 ], [ 83.2376012, 17.6119154 ], [ 83.2375959, 17.614385 ], [ 83.2478224, 17.6236991 ], [ 83.2383066, 17.615382 ], [ 83.2345154, 17.6205536 ], [ 83.2287191, 17.62181 ], [ 83.2292005, 17.623611 ], [ 83.2320383, 17.6227878 ], [ 83.2330401, 17.6246923 ], [ 83.2303177, 17.625564 ], [ 83.2313517, 17.6274786 ], [ 83.2345113, 17.6262695 ], [ 83.2431614, 17.634521 ], [ 83.2469192, 17.628266 ], [ 83.2437086, 17.6341095 ], [ 83.2444409, 17.6354361 ], [ 83.2593217, 17.6436974 ], [ 83.2608104, 17.6492823 ], [ 83.2631573, 17.6512938 ], [ 83.2821071, 17.660247 ], [ 83.2849556, 17.6663067 ], [ 83.295262, 17.6764156 ], [ 83.2951185, 17.6810091 ], [ 83.2980703, 17.6861635 ], [ 83.2950152, 17.6848142 ], [ 83.2931203, 17.6873633 ], [ 83.2870893, 17.6862159 ], [ 83.2811737, 17.6877479 ], [ 83.2791674, 17.6886372 ], [ 83.2808062, 17.6891482 ], [ 83.2787034, 17.6924804 ], [ 83.2686639, 17.6949847 ], [ 83.2693183, 17.6962291 ], [ 83.2782179, 17.6943356 ], [ 83.2757282, 17.6981671 ], [ 83.274031, 17.6978875 ], [ 83.2714722, 17.7052771 ], [ 83.2628649, 17.7035984 ], [ 83.2624385, 17.705548 ], [ 83.2660621, 17.7062711 ], [ 83.2637642, 17.7089741 ], [ 83.2643381, 17.7101646 ], [ 83.2623043, 17.7098738 ], [ 83.263844, 17.7120814 ], [ 83.2699192, 17.7085196 ], [ 83.2679424, 17.7099249 ], [ 83.2680684, 17.7121146 ], [ 83.2707238, 17.7129476 ], [ 83.2729453, 17.7117302 ], [ 83.2724109, 17.707122 ], [ 83.2765844, 17.7031155 ], [ 83.2799815, 17.6951336 ], [ 83.2815104, 17.6952495 ], [ 83.2803093, 17.7053475 ], [ 83.2822452, 17.7068185 ], [ 83.2818475, 17.711844 ], [ 83.2834482, 17.7118055 ], [ 83.2853093, 17.7061574 ], [ 83.2827437, 17.701833 ], [ 83.283845, 17.691994 ], [ 83.288818, 17.6919681 ], [ 83.2829614, 17.6914506 ], [ 83.2835542, 17.6893808 ], [ 83.2950515, 17.6894012 ], [ 83.2983684, 17.6949747 ], [ 83.3061457, 17.6896491 ], [ 83.3062202, 17.68819 ], [ 83.3064884, 17.6956235 ], [ 83.3080757, 17.6974602 ], [ 83.3059292, 17.6960311 ], [ 83.3049636, 17.6935422 ], [ 83.3003897, 17.6965396 ], [ 83.304486, 17.6995471 ], [ 83.3058473, 17.6975042 ], [ 83.3052948, 17.7010228 ], [ 83.3074057, 17.7014495 ], [ 83.3075237, 17.7001259 ], [ 83.3093128, 17.7045898 ], [ 83.3173808, 17.7103159 ], [ 83.338123, 17.7203252 ], [ 83.3455387, 17.7258604 ], [ 83.3467188, 17.7277816 ], [ 83.3435404, 17.7309751 ], [ 83.343747, 17.7383788 ], [ 83.3506322, 17.7467209 ], [ 83.3504042, 17.7506766 ], [ 83.3541298, 17.7544419 ], [ 83.354677, 17.757073 ], [ 83.3853614, 17.7775481 ], [ 83.3868447, 17.7799784 ], [ 83.3851147, 17.782383 ], [ 83.3864813, 17.7866444 ], [ 83.3985928, 17.8008147 ], [ 83.4097722, 17.8103401 ], [ 83.4163249, 17.8220892 ], [ 83.4165019, 17.8348077 ], [ 83.4136386, 17.8350349 ], [ 83.4102939, 17.8401721 ], [ 83.4112206, 17.8458861 ], [ 83.4148577, 17.8522229 ], [ 83.4245378, 17.8615031 ], [ 83.4440428, 17.8734912 ], [ 83.446387, 17.879559 ], [ 83.4551525, 17.8877248 ], [ 83.4563863, 17.8907891 ], [ 83.4547864, 17.8968461 ], [ 83.4585321, 17.9040655 ], [ 83.4777448, 17.9186693 ], [ 83.5129836, 17.9381025 ], [ 83.5168889, 17.9424788 ], [ 83.530595, 17.9501773 ], [ 83.5439363, 17.9635347 ], [ 83.5493544, 17.9733958 ], [ 83.5585678, 17.9829298 ], [ 83.5612647, 17.9884441 ], [ 83.5596085, 17.9913154 ], [ 83.5596755, 17.9979658 ], [ 83.570399, 18.0113808 ], [ 83.6088377, 18.0408142 ], [ 83.6329677, 18.0546118 ], [ 83.6634954, 18.0780469 ], [ 83.6914283, 18.0962372 ], [ 83.7355721, 18.1207263 ], [ 83.8005432, 18.1518669 ], [ 83.8599421, 18.174163 ], [ 83.8698354, 18.1800892 ], [ 83.8779706, 18.1895151 ], [ 83.8905796, 18.1955899 ], [ 83.9195046, 18.2055348 ], [ 83.9473352, 18.212116 ], [ 83.9771104, 18.2308773 ], [ 84.0707436, 18.2764551 ], [ 84.1239828, 18.311255 ], [ 84.1291165, 18.3168595 ], [ 84.1299856, 18.3310775 ], [ 84.1423452, 18.3476417 ], [ 84.1412187, 18.3483698 ], [ 84.1390997, 18.3456253 ], [ 84.1437453, 18.3534869 ], [ 84.1442227, 18.3609254 ], [ 84.1538143, 18.3770693 ], [ 84.1958338, 18.4195929 ], [ 84.2507333, 18.4709087 ], [ 84.2927098, 18.5067199 ], [ 84.3169624, 18.5251491 ], [ 84.3282437, 18.5314562 ], [ 84.3279004, 18.5340349 ], [ 84.3552428, 18.5563872 ], [ 84.3578258, 18.5641883 ], [ 84.3565357, 18.5660291 ], [ 84.3582308, 18.5690955 ], [ 84.359234, 18.5793519 ], [ 84.3670231, 18.5925974 ], [ 84.3848169, 18.6119122 ], [ 84.4397619, 18.6610534 ], [ 84.4414115, 18.6715558 ], [ 84.4465774, 18.6833331 ], [ 84.4640654, 18.7089863 ], [ 84.482857, 18.7281913 ], [ 84.4915688, 18.7401349 ], [ 84.5344198, 18.7745333 ], [ 84.552176, 18.7916486 ], [ 84.5546007, 18.797066 ], [ 84.5542793, 18.8011548 ], [ 84.5583558, 18.8177195 ], [ 84.5647019, 18.8272145 ], [ 84.5751464, 18.8378005 ], [ 84.5757955, 18.8428521 ], [ 84.5826457, 18.8586665 ], [ 84.5952818, 18.8791152 ], [ 84.6205804, 18.90788 ], [ 84.6784437, 18.9621378 ], [ 84.7453326, 19.0492795 ], [ 84.7658033, 19.0788084 ], [ 84.7537279, 19.083077 ], [ 84.7533953, 19.0846587 ], [ 84.7081626, 19.1160669 ], [ 84.7028625, 19.1178307 ], [ 84.7014677, 19.1219159 ], [ 84.7028089, 19.1254739 ], [ 84.6979809, 19.126376 ], [ 84.7063709, 19.1405363 ], [ 84.7002876, 19.1430296 ], [ 84.7015536, 19.1470129 ], [ 84.7109413, 19.1462831 ], [ 84.7118103, 19.1496277 ], [ 84.713012, 19.1495973 ], [ 84.7145247, 19.1541581 ], [ 84.7102975, 19.1593977 ], [ 84.7064567, 19.1586072 ], [ 84.7033024, 19.1608571 ], [ 84.6959102, 19.1594991 ], [ 84.6931636, 19.1616679 ], [ 84.6906102, 19.1600159 ], [ 84.6849561, 19.1603099 ], [ 84.6776068, 19.166806 ], [ 84.6729076, 19.1651541 ], [ 84.6709549, 19.1659141 ], [ 84.6686804, 19.1633502 ], [ 84.6696567, 19.1608267 ], [ 84.6683264, 19.1547763 ], [ 84.671309, 19.1563776 ], [ 84.6717355, 19.1480289 ], [ 84.6696138, 19.1381341 ], [ 84.6670926, 19.1336539 ], [ 84.667452, 19.1298883 ], [ 84.6568465, 19.1313125 ], [ 84.6546685, 19.1293359 ], [ 84.6443796, 19.1328532 ], [ 84.6437465, 19.1295285 ], [ 84.6373629, 19.1305118 ], [ 84.6344125, 19.1288595 ], [ 84.6310973, 19.1292041 ], [ 84.6297669, 19.1264521 ], [ 84.613781, 19.1280182 ], [ 84.6076226, 19.1292143 ], [ 84.6036422, 19.1318598 ], [ 84.5959496, 19.1322957 ], [ 84.5960033, 19.1285655 ], [ 84.6028053, 19.1267612 ], [ 84.60258, 19.1223416 ], [ 84.608438, 19.1084942 ], [ 84.6112489, 19.1052703 ], [ 84.6109056, 19.100546 ], [ 84.6169567, 19.099958 ], [ 84.6210336, 19.1021884 ], [ 84.6240592, 19.1008907 ], [ 84.6252394, 19.097464 ], [ 84.6231794, 19.0935911 ], [ 84.6274495, 19.0850745 ], [ 84.6329212, 19.0849325 ], [ 84.6479201, 19.0950105 ], [ 84.6594643, 19.0933072 ], [ 84.6634555, 19.0865548 ], [ 84.6634126, 19.0822862 ], [ 84.6709013, 19.0759591 ], [ 84.6695816, 19.0743672 ], [ 84.663198, 19.0746511 ], [ 84.6608591, 19.0632435 ], [ 84.6578335, 19.0641257 ], [ 84.6579516, 19.0656163 ], [ 84.6548831, 19.065738 ], [ 84.6538103, 19.0676342 ], [ 84.6416116, 19.067259 ], [ 84.6372235, 19.0599073 ], [ 84.6310007, 19.060465 ], [ 84.6298742, 19.0617123 ], [ 84.6306145, 19.0644806 ], [ 84.6278464, 19.0661639 ], [ 84.6183515, 19.0658699 ], [ 84.6171391, 19.0609112 ], [ 84.6223962, 19.0600594 ], [ 84.6208084, 19.0566116 ], [ 84.6176111, 19.0545225 ], [ 84.6134805, 19.0565811 ], [ 84.6127617, 19.0534779 ], [ 84.6143389, 19.0518249 ], [ 84.6056914, 19.0418052 ], [ 84.6038568, 19.03429 ], [ 84.6019041, 19.0324542 ], [ 84.6012819, 19.0251719 ], [ 84.5955634, 19.0254559 ], [ 84.5942223, 19.0222 ], [ 84.5817876, 19.0300606 ], [ 84.5812296, 19.0376369 ], [ 84.5832466, 19.0424036 ], [ 84.5774102, 19.0403955 ], [ 84.5786119, 19.0456083 ], [ 84.5830214, 19.0492998 ], [ 84.5819055, 19.0587106 ], [ 84.5804894, 19.0600087 ], [ 84.5834506, 19.0680905 ], [ 84.5830321, 19.0731707 ], [ 84.5766055, 19.067543 ], [ 84.5737195, 19.0676444 ], [ 84.5715523, 19.0697535 ], [ 84.5739233, 19.0732518 ], [ 84.5728612, 19.0736169 ], [ 84.5565641, 19.0566115 ], [ 84.5427668, 19.0549383 ], [ 84.5262444, 19.046014 ], [ 84.5240879, 19.0486203 ], [ 84.5163846, 19.0483464 ], [ 84.5067715, 19.0351013 ], [ 84.4968474, 19.0310546 ], [ 84.4926417, 19.027099 ], [ 84.4885218, 19.0192179 ], [ 84.4849598, 19.0192484 ], [ 84.4826102, 19.0165909 ], [ 84.4830608, 19.0054531 ], [ 84.4789517, 18.9884509 ], [ 84.4760548, 18.988106 ], [ 84.474231, 18.9922147 ], [ 84.4709265, 18.9918191 ], [ 84.4670749, 18.9942741 ], [ 84.4651008, 18.9944871 ], [ 84.4649827, 18.9919915 ], [ 84.4606483, 18.993635 ], [ 84.4608307, 18.9972667 ], [ 84.4560349, 18.9977638 ], [ 84.4511962, 19.0024606 ], [ 84.4456923, 19.0045402 ], [ 84.4424522, 19.0033533 ], [ 84.4409931, 19.0075732 ], [ 84.437753, 19.0071167 ], [ 84.4324636, 19.013558 ], [ 84.4255328, 19.0140043 ], [ 84.4242346, 19.016885 ], [ 84.4253397, 19.0198874 ], [ 84.421134, 19.0221594 ], [ 84.4219923, 19.0127668 ], [ 84.4239557, 19.0131624 ], [ 84.4281828, 19.0076746 ], [ 84.4323993, 19.0066095 ], [ 84.4322705, 18.9950248 ], [ 84.44345, 18.9902973 ], [ 84.4448018, 18.9831653 ], [ 84.4524729, 18.976175 ], [ 84.4478381, 18.9755561 ], [ 84.4450807, 18.9732226 ], [ 84.4460571, 18.9719543 ], [ 84.441669, 18.9686467 ], [ 84.4372702, 18.9703715 ], [ 84.4311225, 18.9691642 ], [ 84.4294166, 18.9648317 ], [ 84.4320023, 18.9623356 ], [ 84.4324422, 18.95918 ], [ 84.425962, 18.9527164 ], [ 84.4249963, 18.9470034 ], [ 84.4305646, 18.9373833 ], [ 84.4274211, 18.932167 ], [ 84.4377208, 18.9324309 ], [ 84.4400167, 18.9274175 ], [ 84.437871, 18.9251036 ], [ 84.4385791, 18.9210135 ], [ 84.4316697, 18.9175222 ], [ 84.4312942, 18.9125489 ], [ 84.42873, 18.909636 ], [ 84.4230334, 18.9117532 ], [ 84.4202971, 18.9183849 ], [ 84.4181192, 18.9183544 ], [ 84.4167888, 18.9142642 ], [ 84.4216812, 18.9089052 ], [ 84.4223142, 18.9027949 ], [ 84.4190204, 18.8973847 ], [ 84.4008887, 18.895314 ], [ 84.3997246, 18.8973543 ], [ 84.3954706, 18.8984607 ], [ 84.3933463, 18.9047132 ], [ 84.3865764, 18.9012926 ], [ 84.3784869, 18.9033836 ], [ 84.3858468, 18.895182 ], [ 84.3898487, 18.8966742 ], [ 84.3987429, 18.8896295 ], [ 84.3988609, 18.8830414 ], [ 84.3958139, 18.8822495 ], [ 84.3932712, 18.8764022 ], [ 84.3893766, 18.8837114 ], [ 84.3831646, 18.8866349 ], [ 84.3821776, 18.8853965 ], [ 84.3849993, 18.8816405 ], [ 84.3809438, 18.8818333 ], [ 84.3758261, 18.887112 ], [ 84.3716419, 18.8871019 ], [ 84.3659234, 18.8895889 ], [ 84.3616748, 18.8954561 ], [ 84.3606233, 18.8947455 ], [ 84.3628228, 18.8868989 ], [ 84.3658268, 18.8861477 ], [ 84.3729401, 18.8783412 ], [ 84.3819308, 18.8775798 ], [ 84.3836474, 18.8739556 ], [ 84.3793666, 18.871448 ], [ 84.3776393, 18.864514 ], [ 84.3736267, 18.8608895 ], [ 84.3713951, 18.8603006 ], [ 84.3664384, 18.864118 ], [ 84.3649256, 18.8616814 ], [ 84.3623507, 18.8612448 ], [ 84.3581557, 18.8696003 ], [ 84.356482, 18.869377 ], [ 84.3369341, 18.8901472 ], [ 84.3470192, 18.8484011 ], [ 84.361074, 18.8421769 ], [ 84.3612885, 18.8388769 ], [ 84.3637884, 18.8370491 ], [ 84.3595827, 18.8312205 ], [ 84.3521476, 18.8315048 ], [ 84.3507099, 18.8276968 ], [ 84.3519866, 18.827118 ], [ 84.3512785, 18.822792 ], [ 84.3494868, 18.8201821 ], [ 84.3427813, 18.8222741 ], [ 84.3391871, 18.8196541 ], [ 84.3341017, 18.8199993 ], [ 84.3343377, 18.8177855 ], [ 84.3310439, 18.8179581 ], [ 84.3310439, 18.815013 ], [ 84.3342304, 18.8150943 ], [ 84.3369126, 18.8115296 ], [ 84.3420517, 18.8087368 ], [ 84.3445516, 18.8018205 ], [ 84.3390369, 18.8022369 ], [ 84.3381143, 18.8003884 ], [ 84.3361938, 18.8010181 ], [ 84.3363762, 18.7984688 ], [ 84.3268061, 18.7989157 ], [ 84.3244994, 18.7946906 ], [ 84.3249392, 18.7904653 ], [ 84.3213344, 18.7865447 ], [ 84.3126118, 18.7903231 ], [ 84.3090713, 18.7941116 ], [ 84.3059921, 18.7942741 ], [ 84.3049943, 18.7982657 ], [ 84.2886543, 18.8046744 ], [ 84.2887723, 18.7982556 ], [ 84.2865515, 18.7922936 ], [ 84.2619502, 18.7832841 ], [ 84.2580235, 18.7845741 ], [ 84.2559099, 18.7880378 ], [ 84.2494726, 18.7858235 ], [ 84.2459535, 18.7869814 ], [ 84.2430246, 18.7887995 ], [ 84.2435718, 18.7914505 ], [ 84.2411846, 18.7913845 ], [ 84.2407608, 18.7970774 ], [ 84.236834, 18.7985806 ], [ 84.23383, 18.7948429 ], [ 84.2321777, 18.7970774 ], [ 84.2263091, 18.7987939 ], [ 84.2238843, 18.7971993 ], [ 84.22176, 18.7978188 ], [ 84.2191636, 18.7949445 ], [ 84.2145717, 18.7951984 ], [ 84.2142016, 18.7938476 ], [ 84.2185736, 18.7914556 ], [ 84.2184555, 18.7901301 ], [ 84.2073619, 18.7892769 ], [ 84.2007637, 18.7903891 ], [ 84.2000556, 18.7921564 ], [ 84.19828, 18.790897 ], [ 84.1955656, 18.7916181 ], [ 84.1936612, 18.7878346 ], [ 84.1941762, 18.7833857 ], [ 84.1901851, 18.7777482 ], [ 84.1832864, 18.7818926 ], [ 84.1759586, 18.7804197 ], [ 84.1723001, 18.782888 ], [ 84.1700578, 18.7879565 ], [ 84.1635668, 18.7892363 ], [ 84.1583204, 18.7868392 ], [ 84.1584706, 18.7829388 ], [ 84.1560459, 18.7846351 ], [ 84.1520762, 18.7836397 ], [ 84.1463256, 18.7773622 ], [ 84.1403496, 18.7772708 ], [ 84.1390192, 18.7686466 ], [ 84.1419268, 18.7643394 ], [ 84.1379571, 18.7616321 ], [ 84.1320133, 18.7604994 ], [ 84.1295779, 18.7650505 ], [ 84.1242564, 18.7653756 ], [ 84.1230118, 18.768027 ], [ 84.1180873, 18.7657007 ], [ 84.1133237, 18.7668587 ], [ 84.1040969, 18.7606518 ], [ 84.0965116, 18.7605401 ], [ 84.0895378, 18.7568016 ], [ 84.0894627, 18.7640144 ], [ 84.0848172, 18.7641769 ], [ 84.0848708, 18.7665438 ], [ 84.0809977, 18.7641464 ], [ 84.0796995, 18.7644613 ], [ 84.080472, 18.7654467 ], [ 84.0764058, 18.7644816 ], [ 84.0738416, 18.775737 ], [ 84.0690994, 18.7783577 ], [ 84.0679729, 18.7821668 ], [ 84.0618467, 18.7814253 ], [ 84.0597975, 18.7825325 ], [ 84.0605807, 18.7848281 ], [ 84.0572762, 18.7893785 ], [ 84.0615892, 18.7907192 ], [ 84.0613532, 18.7923748 ], [ 84.0582311, 18.7918365 ], [ 84.0572977, 18.7931671 ], [ 84.0598512, 18.7990986 ], [ 84.0585315, 18.800165 ], [ 84.050914, 18.7990478 ], [ 84.0463114, 18.8017697 ], [ 84.045968, 18.8051111 ], [ 84.0442085, 18.8059947 ], [ 84.0457535, 18.8127991 ], [ 84.0384793, 18.8164145 ], [ 84.0377497, 18.8132053 ], [ 84.033308, 18.8116414 ], [ 84.0248108, 18.8153583 ], [ 84.0251112, 18.8171457 ], [ 84.0222144, 18.815927 ], [ 84.0191245, 18.8178566 ], [ 84.019103, 18.8163942 ], [ 84.0154338, 18.8171051 ], [ 84.0174937, 18.8124945 ], [ 84.0158629, 18.8086149 ], [ 84.0099084, 18.811621 ], [ 84.0052521, 18.8086251 ], [ 84.0010464, 18.8112859 ], [ 83.9956713, 18.8113367 ], [ 83.9936757, 18.8137639 ], [ 83.9872384, 18.8115296 ], [ 83.9886546, 18.8108289 ], [ 83.9867556, 18.8100469 ], [ 83.98476, 18.812139 ], [ 83.9785051, 18.8128905 ], [ 83.9784515, 18.8140483 ], [ 83.9653623, 18.814617 ], [ 83.9629269, 18.8129514 ], [ 83.9609849, 18.8140381 ], [ 83.9554167, 18.8064009 ], [ 83.9500952, 18.8051416 ], [ 83.9417159, 18.8083102 ], [ 83.9423275, 18.8154396 ], [ 83.9381218, 18.8158255 ], [ 83.9374459, 18.8182323 ], [ 83.934592, 18.8181815 ], [ 83.9346349, 18.8163129 ], [ 83.9316308, 18.8159067 ], [ 83.9265346, 18.8223959 ], [ 83.9232731, 18.8218679 ], [ 83.9220285, 18.8237466 ], [ 83.9175117, 18.8244676 ], [ 83.915602, 18.8279608 ], [ 83.9116537, 18.8258486 ], [ 83.9047551, 18.8274226 ], [ 83.8996911, 18.8243965 ], [ 83.896451, 18.8163536 ], [ 83.8931894, 18.8144849 ], [ 83.8923365, 18.8265684 ], [ 83.8909323, 18.8284318 ], [ 83.8720456, 18.8477145 ], [ 83.8667683, 18.8516743 ], [ 83.8556704, 18.8562651 ], [ 83.8513555, 18.8600331 ], [ 83.8447953, 18.8733097 ], [ 83.8443821, 18.8813039 ], [ 83.8499898, 18.896796 ], [ 83.8479486, 18.9125794 ], [ 83.8453957, 18.9171107 ], [ 83.8425547, 18.9178013 ], [ 83.8383006, 18.917573 ], [ 83.8307382, 18.9139654 ], [ 83.8261329, 18.9156097 ], [ 83.8246115, 18.9178897 ], [ 83.8288329, 18.9304295 ], [ 83.8210809, 18.9420101 ], [ 83.8237254, 18.9570598 ], [ 83.8224448, 18.961574 ], [ 83.8101846, 18.9901449 ], [ 83.7988159, 19.000655 ], [ 83.794719, 19.0180182 ], [ 83.7805796, 19.0186296 ], [ 83.7777257, 19.0174733 ], [ 83.7777793, 19.0158301 ], [ 83.7812769, 19.0139434 ], [ 83.7819528, 19.0084354 ], [ 83.7722433, 19.0080703 ], [ 83.7648082, 19.0055444 ], [ 83.7628233, 18.9990014 ], [ 83.7606346, 19.0026534 ], [ 83.7550127, 18.9986971 ], [ 83.7514508, 18.9987275 ], [ 83.7476313, 18.995948 ], [ 83.7460971, 18.9897799 ], [ 83.7472451, 18.9746532 ], [ 83.755238, 18.9713557 ], [ 83.753854, 18.9672567 ], [ 83.755914, 18.9596772 ], [ 83.7574696, 18.9592206 ], [ 83.759079, 18.9505753 ], [ 83.7616539, 18.9504129 ], [ 83.7648296, 18.9535383 ], [ 83.7696361, 18.9549995 ], [ 83.7727475, 18.9443041 ], [ 83.7763309, 18.945116 ], [ 83.7789273, 18.9365714 ], [ 83.7846136, 18.9336284 ], [ 83.7850857, 18.9238857 ], [ 83.7879181, 18.9158476 ], [ 83.7775111, 18.9114832 ], [ 83.7721252, 18.9146093 ], [ 83.7693357, 18.9142642 ], [ 83.7631559, 18.9273769 ], [ 83.7539184, 18.9249615 ], [ 83.7470627, 18.9378501 ], [ 83.7469232, 18.9432285 ], [ 83.7414193, 18.9489822 ], [ 83.7383187, 18.9610369 ], [ 83.7338769, 18.9689004 ], [ 83.7332117, 18.9880147 ], [ 83.7164855, 18.9933103 ], [ 83.713814, 18.9926509 ], [ 83.7130952, 18.9975102 ], [ 83.708514, 19.0061328 ], [ 83.7178588, 19.0103526 ], [ 83.723706, 19.0101497 ], [ 83.7299609, 19.0217537 ], [ 83.7245965, 19.0205974 ], [ 83.7157452, 19.0238229 ], [ 83.7096083, 19.0246242 ], [ 83.7050915, 19.0233969 ], [ 83.7003708, 19.0251414 ], [ 83.6984181, 19.0321601 ], [ 83.6935472, 19.0374949 ], [ 83.6913264, 19.0467543 ], [ 83.6851573, 19.0585687 ], [ 83.6766601, 19.0650079 ], [ 83.6744821, 19.0722987 ], [ 83.6639678, 19.0762532 ], [ 83.6603844, 19.0845067 ], [ 83.663764, 19.0916749 ], [ 83.6627769, 19.0990456 ], [ 83.6601698, 19.0997045 ], [ 83.6572838, 19.1031008 ], [ 83.6562538, 19.1079467 ], [ 83.651104, 19.1094268 ], [ 83.6504817, 19.1173137 ], [ 83.6470914, 19.1182666 ], [ 83.6496234, 19.1231931 ], [ 83.6545801, 19.1222808 ], [ 83.6550307, 19.1298225 ], [ 83.6530351, 19.1318092 ], [ 83.6477136, 19.1297414 ], [ 83.6423921, 19.1319105 ], [ 83.6369419, 19.1317484 ], [ 83.6314916, 19.140668 ], [ 83.6345815, 19.1490602 ], [ 83.6341524, 19.1518169 ], [ 83.6376607, 19.1532561 ], [ 83.633809, 19.1593572 ], [ 83.6259126, 19.1627219 ], [ 83.6278438, 19.1548574 ], [ 83.6272859, 19.1508034 ], [ 83.6225652, 19.1481683 ], [ 83.6170721, 19.1376678 ], [ 83.6134672, 19.1371002 ], [ 83.6069011, 19.1390463 ], [ 83.598361, 19.1306537 ], [ 83.5979318, 19.1178003 ], [ 83.6035108, 19.1116774 ], [ 83.6104631, 19.0964299 ], [ 83.6057853, 19.0930233 ], [ 83.6027813, 19.0927395 ], [ 83.600378, 19.0948888 ], [ 83.5948848, 19.0936317 ], [ 83.5855239, 19.0864128 ], [ 83.5847139, 19.0838172 ], [ 83.5870099, 19.0687801 ], [ 83.5841238, 19.0653628 ], [ 83.5844618, 19.0574735 ], [ 83.5791671, 19.0607489 ], [ 83.5746717, 19.0614081 ], [ 83.5676122, 19.0599478 ], [ 83.5638571, 19.0573619 ], [ 83.5605848, 19.0640192 ], [ 83.5637927, 19.0705444 ], [ 83.5669309, 19.0719995 ], [ 83.5602522, 19.0870718 ], [ 83.5546517, 19.0866257 ], [ 83.54918, 19.0805321 ], [ 83.5490405, 19.0765269 ], [ 83.5534501, 19.0688308 ], [ 83.5555208, 19.0582645 ], [ 83.5575378, 19.0560842 ], [ 83.5516369, 19.0541777 ], [ 83.5466802, 19.0432859 ], [ 83.5418415, 19.0415821 ], [ 83.5399747, 19.0333366 ], [ 83.5414338, 19.0293608 ], [ 83.5366702, 19.0095411 ], [ 83.5347712, 19.0128885 ], [ 83.5258984, 19.0128276 ], [ 83.5246968, 19.014552 ], [ 83.5224652, 19.0120973 ], [ 83.5168648, 19.0164286 ], [ 83.5033572, 19.0189441 ], [ 83.5008037, 19.0208206 ], [ 83.4955358, 19.0318761 ], [ 83.4974885, 19.0347464 ], [ 83.4964049, 19.0356693 ], [ 83.5086036, 19.035436 ], [ 83.5147834, 19.0285088 ], [ 83.5192358, 19.0392393 ], [ 83.5131311, 19.0484986 ], [ 83.5168862, 19.0567636 ], [ 83.5121333, 19.0632029 ], [ 83.5115754, 19.0702504 ], [ 83.5055888, 19.0661335 ], [ 83.5017264, 19.0659307 ], [ 83.5006535, 19.0605461 ], [ 83.4888196, 19.0733329 ], [ 83.4809446, 19.0785042 ], [ 83.4827149, 19.0819009 ], [ 83.4818244, 19.0853989 ], [ 83.4864056, 19.0876092 ], [ 83.4829402, 19.0927699 ], [ 83.4737563, 19.0953045 ], [ 83.4679842, 19.0931348 ], [ 83.4690785, 19.0917763 ], [ 83.4671688, 19.0873912 ], [ 83.4697652, 19.0857538 ], [ 83.4704733, 19.0870313 ], [ 83.4727746, 19.0856473 ], [ 83.4738207, 19.0870566 ], [ 83.4763205, 19.0857385 ], [ 83.478359, 19.0793457 ], [ 83.4729838, 19.0771049 ], [ 83.4702641, 19.080238 ], [ 83.4662676, 19.0799034 ], [ 83.4630918, 19.0758324 ], [ 83.4650284, 19.0743723 ], [ 83.4652269, 19.0710514 ], [ 83.4623837, 19.0637505 ], [ 83.4678018, 19.0631826 ], [ 83.4691858, 19.060972 ], [ 83.469497, 19.057585 ], [ 83.4678125, 19.054847 ], [ 83.4711492, 19.0484276 ], [ 83.4710419, 19.0426267 ], [ 83.4833479, 19.0339553 ], [ 83.4794533, 19.0217841 ], [ 83.4795928, 19.0176356 ], [ 83.4826612, 19.0151201 ], [ 83.4814167, 19.0097136 ], [ 83.4777367, 19.0073095 ], [ 83.4710634, 19.0073602 ], [ 83.4615254, 19.0123306 ], [ 83.452245, 19.0125639 ], [ 83.4500026, 19.0098251 ], [ 83.450861, 19.0040431 ], [ 83.455131, 18.9966987 ], [ 83.45541, 18.991251 ], [ 83.4658599, 18.9935538 ], [ 83.4677696, 18.9910785 ], [ 83.4643471, 18.9799796 ], [ 83.4685206, 18.980426 ], [ 83.4699047, 18.968667 ], [ 83.4679842, 18.9645577 ], [ 83.4656775, 18.9644157 ], [ 83.4616864, 18.9547458 ], [ 83.4465158, 18.9577189 ], [ 83.4435439, 18.9618587 ], [ 83.4459364, 18.9659275 ], [ 83.4409475, 18.9707368 ], [ 83.4387803, 18.9765504 ], [ 83.4356367, 18.9756982 ], [ 83.4295642, 18.9802231 ], [ 83.4254014, 18.9858741 ], [ 83.4250903, 18.9840987 ], [ 83.4203267, 18.9887553 ], [ 83.4153163, 18.9892118 ], [ 83.4199512, 18.9999449 ], [ 83.4172046, 19.0022577 ], [ 83.4158099, 19.0004622 ], [ 83.4139752, 19.003475 ], [ 83.4110892, 19.0005332 ], [ 83.4097695, 19.0041446 ], [ 83.4044695, 19.004601 ], [ 83.4040296, 19.0068834 ], [ 83.401916, 19.0065081 ], [ 83.4005964, 19.0094498 ], [ 83.3985686, 19.0085572 ], [ 83.3964014, 19.0097643 ], [ 83.3948886, 19.0060516 ], [ 83.3845782, 19.0011419 ], [ 83.3725834, 19.0022577 ], [ 83.3666825, 19.0061734 ], [ 83.3657491, 19.0086586 ], [ 83.3669937, 19.0094194 ], [ 83.365277, 19.0098657 ], [ 83.3676052, 19.0163068 ], [ 83.3584213, 19.0193194 ], [ 83.3479929, 19.0169662 ], [ 83.3428323, 19.0180211 ], [ 83.3402359, 19.0092267 ], [ 83.3373928, 19.0068631 ], [ 83.3363306, 19.0029171 ], [ 83.3388948, 18.9969725 ], [ 83.3356225, 18.9990217 ], [ 83.3317387, 18.9988696 ], [ 83.3268893, 19.0023186 ], [ 83.3230591, 18.9997724 ], [ 83.316257, 19.0013245 ], [ 83.3106887, 18.9989609 ], [ 83.3104634, 18.9957045 ], [ 83.316257, 18.98629 ], [ 83.3152807, 18.983145 ], [ 83.3176839, 18.9800507 ], [ 83.3189714, 18.9730907 ], [ 83.3285952, 18.9671248 ], [ 83.3325434, 18.9693671 ], [ 83.3349252, 18.9686568 ], [ 83.3324575, 18.9582972 ], [ 83.3335519, 18.9552531 ], [ 83.3389485, 18.9537108 ], [ 83.3375645, 18.9459683 ], [ 83.3272004, 18.94471 ], [ 83.3248937, 18.937708 ], [ 83.3262241, 18.9323193 ], [ 83.3339274, 18.9288891 ], [ 83.3335304, 18.9263519 ], [ 83.3354938, 18.9250325 ], [ 83.348465, 18.9264128 ], [ 83.3437443, 18.9412598 ], [ 83.3502674, 18.9433908 ], [ 83.3509326, 18.9469425 ], [ 83.3482075, 18.9594337 ], [ 83.3517909, 18.9673987 ], [ 83.354795, 18.9673683 ], [ 83.362391, 18.9629546 ], [ 83.3669078, 18.9633503 ], [ 83.3685601, 18.9608847 ], [ 83.3658886, 18.9568564 ], [ 83.3684742, 18.9533556 ], [ 83.3713066, 18.9428429 ], [ 83.3843851, 18.9362873 ], [ 83.387475, 18.932918 ], [ 83.3818102, 18.9273566 ], [ 83.3773899, 18.9256922 ], [ 83.3706736, 18.9262605 ], [ 83.369236, 18.9287368 ], [ 83.3699655, 18.9419093 ], [ 83.3609533, 18.9409148 ], [ 83.3523488, 18.9434923 ], [ 83.3535504, 18.9309086 ], [ 83.3574343, 18.924109 ], [ 83.3593225, 18.9168828 ], [ 83.3619189, 18.9159693 ], [ 83.3597302, 18.9147311 ], [ 83.362391, 18.9146905 ], [ 83.3702016, 18.9079511 ], [ 83.3769178, 18.9098999 ], [ 83.3820677, 18.9142033 ], [ 83.3923888, 18.9087631 ], [ 83.3932042, 18.9076669 ], [ 83.3844065, 18.9039723 ], [ 83.3783769, 18.8970904 ], [ 83.3815956, 18.8942482 ], [ 83.3818531, 18.8917105 ], [ 83.391788, 18.8871222 ], [ 83.393054, 18.8817014 ], [ 83.3973026, 18.8786153 ], [ 83.4073233, 18.8773159 ], [ 83.4103274, 18.874453 ], [ 83.4147048, 18.8746967 ], [ 83.4049201, 18.8619454 ], [ 83.4043193, 18.846675 ], [ 83.4059071, 18.8428166 ], [ 83.3784628, 18.8306518 ], [ 83.3704805, 18.8428166 ], [ 83.3670366, 18.8436492 ], [ 83.3629596, 18.841192 ], [ 83.3588612, 18.8348862 ], [ 83.3493769, 18.8299918 ], [ 83.3478641, 18.8269454 ], [ 83.338058, 18.8242949 ], [ 83.3283484, 18.8179784 ], [ 83.3298397, 18.8065939 ], [ 83.3209991, 18.8045322 ], [ 83.3092832, 18.8094274 ], [ 83.298769, 18.8019931 ], [ 83.2847357, 18.7980931 ], [ 83.2799935, 18.7936241 ], [ 83.2754445, 18.7826239 ], [ 83.2816028, 18.7746501 ], [ 83.2713354, 18.7644715 ], [ 83.2626986, 18.7697539 ], [ 83.2537079, 18.7675901 ], [ 83.2431614, 18.7682606 ], [ 83.2375288, 18.7730248 ], [ 83.2245684, 18.7751377 ], [ 83.2225728, 18.7715316 ], [ 83.2281625, 18.7611293 ], [ 83.2280338, 18.7563241 ], [ 83.2253194, 18.7507772 ], [ 83.2187104, 18.746246 ], [ 83.2157278, 18.7407191 ], [ 83.214215, 18.7320625 ], [ 83.2121444, 18.7303149 ], [ 83.2110929, 18.7325299 ], [ 83.2123804, 18.7392966 ], [ 83.2098269, 18.7408613 ], [ 83.2076597, 18.7458599 ], [ 83.2081747, 18.7494362 ], [ 83.206501, 18.7513867 ], [ 83.1932401, 18.7532154 ], [ 83.1778335, 18.7709119 ], [ 83.1655919, 18.7689514 ], [ 83.1641865, 18.7669298 ], [ 83.1561613, 18.7683419 ], [ 83.1520843, 18.7730553 ], [ 83.1515586, 18.7763972 ], [ 83.1383514, 18.785082 ], [ 83.115145, 18.7680168 ], [ 83.1212389, 18.7658632 ], [ 83.1235027, 18.7613325 ], [ 83.1225157, 18.7576753 ], [ 83.1110787, 18.7512242 ], [ 83.1075382, 18.7470181 ], [ 83.1028604, 18.7339727 ], [ 83.1000495, 18.731717 ], [ 83.0948353, 18.7313106 ], [ 83.0928612, 18.7238932 ], [ 83.0728304, 18.7055719 ], [ 83.0713498, 18.7017509 ], [ 83.0750084, 18.701446 ], [ 83.06252, 18.6831731 ], [ 83.0580246, 18.6654064 ], [ 83.0434012, 18.6582911 ], [ 83.0248618, 18.6543877 ], [ 83.0226302, 18.6511958 ], [ 83.0168903, 18.6501894 ], [ 83.0134356, 18.6462858 ], [ 83.0197227, 18.6351337 ], [ 83.0089402, 18.6269293 ], [ 83.0057967, 18.6216729 ], [ 82.9997134, 18.6196395 ], [ 83.0006468, 18.6078654 ], [ 83.0150664, 18.6054454 ], [ 83.0147445, 18.6019678 ], [ 83.0125344, 18.5999138 ], [ 83.0136502, 18.5940668 ], [ 83.0190414, 18.5935736 ], [ 83.0242342, 18.5894145 ], [ 83.0277801, 18.59275 ], [ 83.0525958, 18.6010323 ], [ 83.0531108, 18.5881587 ], [ 83.0480254, 18.5865113 ], [ 83.0401933, 18.5865418 ], [ 83.0376184, 18.5809893 ], [ 83.0310738, 18.5775722 ], [ 83.0299044, 18.5735348 ], [ 83.0325651, 18.5707685 ], [ 83.0391526, 18.5542818 ], [ 83.0432188, 18.5471619 ], [ 83.04515, 18.5463583 ], [ 83.0453217, 18.5438866 ], [ 83.0480575, 18.5445477 ], [ 83.050729, 18.5429914 ], [ 83.0542052, 18.5440798 ], [ 83.0621767, 18.5421472 ], [ 83.0732703, 18.5501319 ], [ 83.0790639, 18.5503761 ], [ 83.0815637, 18.5538648 ], [ 83.0837095, 18.5516271 ], [ 83.090179, 18.5525324 ], [ 83.0951786, 18.5461447 ], [ 83.0935156, 18.539828 ], [ 83.0895674, 18.5393092 ], [ 83.0839133, 18.5313952 ], [ 83.0776262, 18.526675 ], [ 83.0748582, 18.5142027 ], [ 83.0638182, 18.5021059 ], [ 83.0605888, 18.5021872 ], [ 83.0580139, 18.4968254 ], [ 83.0552244, 18.4956451 ], [ 83.05516, 18.4855312 ], [ 83.0373072, 18.4682527 ], [ 83.0307412, 18.4662378 ], [ 83.0211282, 18.4558575 ], [ 83.0246472, 18.4483264 ], [ 83.0334019, 18.4476343 ], [ 83.036685, 18.4426269 ], [ 83.0411696, 18.4409577 ], [ 83.0378866, 18.4344641 ], [ 83.0426287, 18.4243669 ], [ 83.046019, 18.4268098 ], [ 83.0501818, 18.433263 ], [ 83.059591, 18.4369069 ], [ 83.0633783, 18.432011 ], [ 83.0672621, 18.430006 ], [ 83.065449, 18.4229011 ], [ 83.0577457, 18.419145 ], [ 83.0642902, 18.4093626 ], [ 83.0767679, 18.405311 ], [ 83.0771327, 18.4033157 ], [ 83.0567693, 18.381203 ], [ 83.0531215, 18.3793092 ], [ 83.0434549, 18.3788816 ], [ 83.040086, 18.3826691 ], [ 83.0323505, 18.3836771 ], [ 83.0208385, 18.3914961 ], [ 83.0199265, 18.3886964 ], [ 83.0152488, 18.3868027 ], [ 83.0115795, 18.38862 ], [ 83.0105656, 18.3861053 ], [ 83.0050671, 18.3828422 ], [ 83.0003142, 18.3832953 ], [ 82.9964894, 18.3857388 ], [ 82.9955828, 18.3818546 ], [ 82.9928362, 18.3789325 ], [ 82.9906046, 18.380867 ], [ 82.9873109, 18.3791871 ], [ 82.9881585, 18.3774358 ], [ 82.9866242, 18.3769369 ], [ 82.9822791, 18.3674982 ], [ 82.9839742, 18.3663476 ], [ 82.9691362, 18.359169 ], [ 82.9648876, 18.359617 ], [ 82.9609394, 18.3658487 ], [ 82.953, 18.3612462 ], [ 82.941842, 18.360676 ], [ 82.9270792, 18.367315 ], [ 82.9233026, 18.3747275 ], [ 82.9181528, 18.374809 ], [ 82.9156208, 18.3694736 ], [ 82.9132175, 18.3686183 ], [ 82.9112434, 18.3730577 ], [ 82.9039049, 18.373302 ], [ 82.8961801, 18.3809994 ], [ 82.8956651, 18.3860086 ], [ 82.8929615, 18.3898367 ], [ 82.8959655, 18.3929316 ], [ 82.8996563, 18.4011575 ], [ 82.8996992, 18.4064512 ], [ 82.8971672, 18.4225754 ], [ 82.8949785, 18.4241226 ], [ 82.8827047, 18.4209875 ], [ 82.8771686, 18.4215575 ], [ 82.8721475, 18.4184631 ], [ 82.856183, 18.4244891 ], [ 82.8514623, 18.4207025 ], [ 82.8490591, 18.428927 ], [ 82.8453254, 18.4340163 ], [ 82.8306055, 18.4424844 ], [ 82.825241, 18.442688 ], [ 82.8247261, 18.4463927 ], [ 82.817173, 18.4501787 ], [ 82.8037834, 18.4494866 ], [ 82.8012943, 18.4450085 ], [ 82.7982473, 18.4440722 ], [ 82.7969598, 18.4408967 ], [ 82.783184, 18.4293342 ], [ 82.7835273, 18.4229012 ], [ 82.787733, 18.4169973 ], [ 82.7883338, 18.4101973 ], [ 82.7992773, 18.407347 ], [ 82.791574, 18.3963014 ], [ 82.7939558, 18.3859678 ], [ 82.7831411, 18.3819564 ], [ 82.7880335, 18.3747071 ], [ 82.7908015, 18.3630791 ], [ 82.7832699, 18.3536498 ], [ 82.7772617, 18.3494543 ], [ 82.7750945, 18.3458698 ], [ 82.7750945, 18.3401363 ], [ 82.7722514, 18.3390874 ], [ 82.7717364, 18.3370913 ], [ 82.7681315, 18.3378348 ], [ 82.7644837, 18.336022 ], [ 82.7631426, 18.3390467 ], [ 82.7595377, 18.3394235 ], [ 82.7584004, 18.3379162 ], [ 82.7594626, 18.3337051 ], [ 82.7564049, 18.333369 ], [ 82.7553695, 18.3302628 ], [ 82.7508044, 18.3307465 ], [ 82.7476126, 18.3290152 ], [ 82.7428919, 18.3300489 ], [ 82.7383268, 18.3269223 ], [ 82.7412182, 18.3226192 ], [ 82.7362132, 18.3232914 ], [ 82.7345771, 18.3202766 ], [ 82.7270186, 18.3225835 ], [ 82.7249962, 18.3246714 ], [ 82.7233869, 18.3232405 ], [ 82.7151632, 18.322609 ], [ 82.7088761, 18.3159276 ], [ 82.7091551, 18.3134424 ], [ 82.7009368, 18.3109367 ], [ 82.6946282, 18.3119145 ], [ 82.6920533, 18.3074329 ], [ 82.6855302, 18.3037456 ], [ 82.6806807, 18.3037048 ], [ 82.6766681, 18.3064143 ], [ 82.6671409, 18.2983265 ], [ 82.6565194, 18.296167 ], [ 82.6504683, 18.3021973 ], [ 82.6423359, 18.3017287 ], [ 82.6416063, 18.2959633 ], [ 82.6436019, 18.2895253 ], [ 82.6459622, 18.2857561 ], [ 82.6527428, 18.2804588 ], [ 82.648859, 18.2731237 ], [ 82.6424861, 18.2681316 ], [ 82.6437306, 18.2635469 ], [ 82.6495027, 18.2580858 ], [ 82.6520669, 18.2495475 ], [ 82.6485371, 18.244891 ], [ 82.6373791, 18.2366679 ], [ 82.6276588, 18.2453291 ], [ 82.6235175, 18.2467149 ], [ 82.6151705, 18.2576783 ], [ 82.6042056, 18.2647287 ], [ 82.5972533, 18.2649325 ], [ 82.5963306, 18.2744685 ], [ 82.5877261, 18.2759763 ], [ 82.5884557, 18.2802143 ], [ 82.5919533, 18.2808663 ], [ 82.5944209, 18.2852468 ], [ 82.5916743, 18.2898717 ], [ 82.5951075, 18.2921739 ], [ 82.595129, 18.2993859 ], [ 82.5983906, 18.3044382 ], [ 82.5957083, 18.3103867 ], [ 82.5927901, 18.3105089 ], [ 82.591846, 18.3086755 ], [ 82.5853443, 18.3088589 ], [ 82.5820827, 18.3150517 ], [ 82.582941, 18.3185554 ], [ 82.5885629, 18.3195332 ], [ 82.594614, 18.3282106 ], [ 82.6023817, 18.3257256 ], [ 82.6093339, 18.3278033 ], [ 82.611351, 18.3322437 ], [ 82.6106214, 18.3355026 ], [ 82.6071024, 18.3413279 ], [ 82.6032829, 18.3438534 ], [ 82.6022529, 18.3514299 ], [ 82.6151275, 18.3510633 ], [ 82.6209211, 18.3599021 ], [ 82.6062011, 18.3663782 ], [ 82.6036262, 18.3730984 ], [ 82.6056861, 18.3757457 ], [ 82.605257, 18.3823433 ], [ 82.5989055, 18.3801849 ], [ 82.5950002, 18.3890222 ], [ 82.588005, 18.3910991 ], [ 82.5853443, 18.3873118 ], [ 82.5835418, 18.3872303 ], [ 82.5757312, 18.396108 ], [ 82.5720405, 18.3942348 ], [ 82.5628995, 18.3996101 ], [ 82.5582218, 18.3974926 ], [ 82.5553894, 18.3940312 ], [ 82.5521707, 18.3980627 ], [ 82.5449609, 18.3985106 ], [ 82.5411415, 18.4008317 ], [ 82.5389099, 18.4065733 ], [ 82.5483942, 18.4110117 ], [ 82.5486517, 18.4132105 ], [ 82.5433301, 18.4168751 ], [ 82.5431585, 18.421354 ], [ 82.552042, 18.4290899 ], [ 82.5525999, 18.4350341 ], [ 82.5566768, 18.4387389 ], [ 82.5569772, 18.4430137 ], [ 82.5617837, 18.4476547 ], [ 82.5569987, 18.4501379 ], [ 82.5543165, 18.4547584 ], [ 82.5485229, 18.4531911 ], [ 82.5423217, 18.4573637 ], [ 82.5416565, 18.4535168 ], [ 82.544167, 18.4496087 ], [ 82.5394249, 18.4439296 ], [ 82.5374937, 18.445782 ], [ 82.5334811, 18.4580761 ], [ 82.5270867, 18.4601522 ], [ 82.5287175, 18.4636937 ], [ 82.523632, 18.4636326 ], [ 82.519083, 18.4662581 ], [ 82.5243401, 18.4715091 ], [ 82.5311208, 18.4731983 ], [ 82.5342321, 18.4776757 ], [ 82.5332665, 18.4798533 ], [ 82.5280523, 18.4810947 ], [ 82.5331163, 18.4888686 ], [ 82.5320434, 18.4926537 ], [ 82.5266361, 18.495462 ], [ 82.5296831, 18.5010579 ], [ 82.5272155, 18.5058195 ], [ 82.5313782, 18.5083833 ], [ 82.5323438, 18.5112523 ], [ 82.5262928, 18.516156 ], [ 82.5152206, 18.5181703 ], [ 82.5116372, 18.5180279 ], [ 82.5048566, 18.5136533 ], [ 82.4936557, 18.5247625 ], [ 82.486875, 18.5278958 ], [ 82.4874759, 18.53286 ], [ 82.4838495, 18.5352607 ], [ 82.481575, 18.5396347 ], [ 82.484343, 18.5430525 ], [ 82.4928188, 18.5415877 ], [ 82.4930548, 18.5452089 ], [ 82.4877548, 18.5495623 ], [ 82.4821114, 18.5484435 ], [ 82.4716615, 18.540896 ], [ 82.4563193, 18.5212833 ], [ 82.4447644, 18.5143248 ], [ 82.4433589, 18.5087699 ], [ 82.4378765, 18.5062976 ], [ 82.4373186, 18.5016379 ], [ 82.4340892, 18.4983515 ], [ 82.4343789, 18.4967948 ], [ 82.4376833, 18.4960928 ], [ 82.437619, 18.4936305 ], [ 82.433939, 18.4913412 ], [ 82.4304515, 18.4852794 ], [ 82.4203776, 18.4761087 ], [ 82.415185, 18.474277 ], [ 82.4033618, 18.4633884 ], [ 82.3967314, 18.4541478 ], [ 82.3961949, 18.4494459 ], [ 82.3872041, 18.4454767 ], [ 82.3829555, 18.4370494 ], [ 82.3824405, 18.4326523 ], [ 82.375381, 18.4300874 ], [ 82.3657036, 18.422209 ], [ 82.3758101, 18.4056164 ], [ 82.3798013, 18.4040486 ], [ 82.3814964, 18.3903864 ], [ 82.3863458, 18.3867416 ], [ 82.3847794, 18.384685 ], [ 82.3855519, 18.3674168 ], [ 82.3741579, 18.3587413 ], [ 82.370274, 18.3584562 ], [ 82.3686218, 18.353772 ], [ 82.3646736, 18.35255 ], [ 82.3633003, 18.344383 ], [ 82.3476147, 18.3295753 ], [ 82.3432374, 18.3299013 ], [ 82.3393535, 18.3259496 ], [ 82.3408127, 18.3213257 ], [ 82.3494923, 18.3164572 ], [ 82.3521316, 18.3175776 ], [ 82.3573565, 18.3160396 ], [ 82.3640621, 18.3184535 ], [ 82.3673344, 18.3212748 ], [ 82.3674846, 18.3235766 ], [ 82.374866, 18.3284551 ], [ 82.3778271, 18.3271922 ], [ 82.3841142, 18.3296365 ], [ 82.3893392, 18.3284041 ], [ 82.3929119, 18.3255015 ], [ 82.3948753, 18.3153776 ], [ 82.39259, 18.3102645 ], [ 82.3926973, 18.2978783 ], [ 82.3768186, 18.2804588 ], [ 82.3661756, 18.2777082 ], [ 82.3595238, 18.281396 ], [ 82.3443961, 18.2802346 ], [ 82.3405766, 18.2727162 ], [ 82.3407268, 18.2647287 ], [ 82.3364353, 18.2602866 ], [ 82.3340535, 18.2525635 ], [ 82.3360276, 18.2493641 ], [ 82.3364997, 18.2407031 ], [ 82.3264575, 18.23571 ], [ 82.3247623, 18.2319805 ], [ 82.3313498, 18.225214 ], [ 82.3371005, 18.223502 ], [ 82.3253417, 18.2110281 ], [ 82.3114586, 18.2043424 ], [ 82.3140549, 18.1873823 ], [ 82.3158359, 18.1840594 ], [ 82.3355555, 18.1728264 ], [ 82.3531508, 18.1717866 ], [ 82.372334, 18.148788 ], [ 82.3723554, 18.1470752 ], [ 82.3693514, 18.1435476 ], [ 82.3682356, 18.1371856 ], [ 82.362957, 18.1347386 ], [ 82.3548889, 18.1423038 ], [ 82.3413062, 18.1501949 ], [ 82.3394608, 18.148421 ], [ 82.3389673, 18.144139 ], [ 82.3422932, 18.1365943 ], [ 82.3369074, 18.1285394 ], [ 82.3345899, 18.1275809 ], [ 82.3364138, 18.1241142 ], [ 82.3339891, 18.120219 ], [ 82.3388171, 18.0996408 ], [ 82.3470783, 18.0976216 ], [ 82.3498034, 18.0876476 ], [ 82.3481941, 18.0805696 ], [ 82.3519492, 18.0761839 ], [ 82.3471427, 18.0686771 ], [ 82.3440742, 18.057763 ], [ 82.338227, 18.0525811 ], [ 82.3342788, 18.0512652 ], [ 82.3322618, 18.0523771 ], [ 82.3325407, 18.0547947 ], [ 82.3299014, 18.0583342 ], [ 82.3232388, 18.0598643 ], [ 82.3192799, 18.0564471 ], [ 82.3225951, 18.0487762 ], [ 82.3208141, 18.0448897 ], [ 82.3173594, 18.0472461 ], [ 82.3080414, 18.0449764 ], [ 82.3077249, 18.0499391 ], [ 82.3107183, 18.0537542 ], [ 82.306518, 18.0556413 ], [ 82.2991794, 18.0554475 ], [ 82.3003811, 18.0640361 ], [ 82.3052573, 18.0682334 ], [ 82.3010248, 18.0698704 ], [ 82.2983801, 18.0676214 ], [ 82.2920608, 18.0683711 ], [ 82.2885203, 18.0625571 ], [ 82.2836709, 18.0631895 ], [ 82.2728777, 18.0561105 ], [ 82.2692513, 18.0445632 ], [ 82.2625565, 18.0407071 ], [ 82.2679639, 18.035382 ], [ 82.2739291, 18.0186912 ], [ 82.2716546, 18.006917 ], [ 82.2645092, 17.9961623 ], [ 82.2484803, 17.9931215 ], [ 82.2441673, 17.9939174 ], [ 82.2386741, 18.0016724 ], [ 82.2215938, 18.0020805 ], [ 82.2091698, 18.0105085 ], [ 82.2055435, 18.0146713 ], [ 82.2050929, 18.0179362 ], [ 82.189815, 18.0150386 ], [ 82.1799445, 18.0191197 ], [ 82.1797299, 18.0219152 ], [ 82.1841717, 18.0286079 ], [ 82.1690225, 18.050949 ], [ 82.1568775, 18.0495209 ], [ 82.1541095, 18.0478276 ], [ 82.1474361, 18.0515611 ], [ 82.1376085, 18.0436451 ], [ 82.1353555, 18.057661 ], [ 82.1334886, 18.0597011 ], [ 82.1250343, 18.0596807 ], [ 82.1214938, 18.0636791 ], [ 82.1160865, 18.0611291 ], [ 82.1083617, 18.0625367 ], [ 82.1021175, 18.0596399 ], [ 82.097311, 18.0625163 ], [ 82.0949292, 18.0672287 ], [ 82.0881486, 18.0680243 ], [ 82.077291, 18.0747764 ], [ 82.0708751, 18.0693095 ], [ 82.0674848, 18.0619451 ], [ 82.067399, 18.0568654 ], [ 82.0650816, 18.0554985 ], [ 82.0409417, 18.0567226 ], [ 82.0383882, 18.0654947 ], [ 82.0366502, 18.0679223 ], [ 82.0325517, 18.0687587 ], [ 82.0284319, 18.0642095 ], [ 82.019012, 18.0627407 ], [ 82.0080685, 18.0572326 ], [ 82.0059442, 18.0457262 ], [ 82.0106649, 18.0359328 ], [ 82.0100426, 18.0305667 ], [ 81.9948721, 18.0268123 ], [ 81.9923186, 18.0196707 ], [ 81.982212, 18.0173649 ], [ 81.9629645, 17.9990704 ], [ 81.945498, 17.9958664 ], [ 81.940434, 17.9933664 ], [ 81.9191264, 17.9905705 ], [ 81.9088267, 17.9842846 ], [ 81.9060802, 17.9789781 ], [ 81.9028186, 17.9767738 ], [ 81.8897723, 17.9734265 ], [ 81.8763827, 17.9673033 ], [ 81.8111514, 17.9521166 ], [ 81.8026971, 17.9447882 ], [ 81.794865, 17.9338256 ], [ 81.7935347, 17.9259044 ], [ 81.790788, 17.9214128 ], [ 81.7787718, 17.9134298 ], [ 81.772077, 17.9130623 ], [ 81.7681289, 17.9063447 ], [ 81.7635583, 17.9021794 ], [ 81.7245483, 17.8764908 ], [ 81.7126178, 17.8713444 ], [ 81.7102145, 17.8731416 ], [ 81.7047214, 17.8863746 ], [ 81.7037772, 17.897483 ], [ 81.7021464, 17.9004234 ], [ 81.6992282, 17.9005051 ], [ 81.69528, 17.896993 ], [ 81.6913318, 17.8886617 ], [ 81.6873836, 17.8851494 ], [ 81.6749381, 17.8880082 ], [ 81.6664409, 17.8849043 ], [ 81.6560554, 17.8721613 ], [ 81.653223, 17.8583554 ], [ 81.6443824, 17.8459373 ], [ 81.6375159, 17.8378487 ], [ 81.6299628, 17.8324561 ], [ 81.6230105, 17.8331098 ], [ 81.6182899, 17.823223 ], [ 81.6073894, 17.826328 ], [ 81.5938175, 17.8340595 ], [ 81.5772628, 17.8375219 ], [ 81.5712546, 17.8358061 ], [ 81.5656756, 17.8271451 ], [ 81.5631866, 17.8258377 ], [ 81.5485095, 17.8248572 ], [ 81.5370082, 17.8213436 ], [ 81.5313434, 17.8228961 ], [ 81.5216445, 17.8171762 ], [ 81.5055083, 17.8159505 ], [ 81.4921402, 17.8122733 ], [ 81.4877414, 17.8128453 ], [ 81.4860033, 17.8146227 ], [ 81.4854883, 17.8200566 ], [ 81.4814328, 17.823652 ], [ 81.4773559, 17.8365414 ], [ 81.473515, 17.8377465 ], [ 81.4716267, 17.8360103 ], [ 81.4693951, 17.8363575 ], [ 81.4625072, 17.8306177 ], [ 81.4435815, 17.8247142 ], [ 81.4407062, 17.8249389 ], [ 81.4374446, 17.8310671 ], [ 81.4331531, 17.8315676 ], [ 81.4292478, 17.8286158 ], [ 81.4256965, 17.821742 ], [ 81.4158153, 17.8132948 ], [ 81.408863, 17.8190557 ], [ 81.397102, 17.8196905 ], [ 81.3918267, 17.8158261 ], [ 81.3929964, 17.7953958 ], [ 81.3874911, 17.7956842 ], [ 81.3810538, 17.8039381 ], [ 81.3711833, 17.8083509 ], [ 81.3244056, 17.8152968 ], [ 81.2539375, 17.8121469 ], [ 81.1919419, 17.8469358 ], [ 81.159383, 17.852734 ], [ 81.0889132, 17.8108089 ], [ 81.0857407, 17.79807 ], [ 81.0962333, 17.7741313 ], [ 81.1039396, 17.7733767 ], [ 81.1045074, 17.7720132 ], [ 81.0963428, 17.7630018 ], [ 81.05846, 17.733287 ], [ 81.0504015, 17.7341283 ], [ 81.0443108, 17.7400585 ], [ 81.0404642, 17.7476919 ], [ 81.0287744, 17.7472443 ], [ 81.0252303, 17.7494921 ], [ 81.0222295, 17.749308 ], [ 81.0155861, 17.7447984 ], [ 80.9914634, 17.7501831 ], [ 80.9840744, 17.7562594 ], [ 80.9776611, 17.7749808 ], [ 80.9729629, 17.7794715 ], [ 80.971899, 17.7773974 ], [ 80.965912, 17.7793942 ], [ 80.9636411, 17.7770968 ], [ 80.9548938, 17.773934 ], [ 80.9553675, 17.7727307 ], [ 80.946306, 17.7603013 ], [ 80.9281552, 17.7615784 ], [ 80.9260725, 17.7588767 ], [ 80.926467, 17.7556138 ], [ 80.9236108, 17.7575649 ], [ 80.9191005, 17.7567762 ], [ 80.9173132, 17.748223 ], [ 80.9155153, 17.748483 ], [ 80.9148933, 17.7508114 ], [ 80.9108866, 17.7483607 ], [ 80.9064907, 17.7484605 ], [ 80.905756, 17.7465245 ], [ 80.9015431, 17.749092 ], [ 80.9000077, 17.7520534 ], [ 80.899521, 17.7481221 ], [ 80.9027414, 17.7419669 ], [ 80.8914806, 17.7412723 ], [ 80.8943938, 17.7217087 ], [ 80.8937813, 17.7029129 ], [ 80.8901881, 17.6889209 ], [ 80.8854945, 17.6837168 ], [ 80.8913631, 17.680179 ], [ 80.8997151, 17.6825455 ], [ 80.9062489, 17.6802914 ], [ 80.9094054, 17.675828 ], [ 80.9027824, 17.6586931 ], [ 80.91092, 17.6545188 ], [ 80.9084897, 17.6470636 ], [ 80.9002109, 17.6394813 ], [ 80.8889222, 17.6321617 ], [ 80.8762407, 17.6319572 ], [ 80.8650613, 17.6351064 ], [ 80.8569288, 17.6304234 ], [ 80.8504057, 17.6197688 ], [ 80.8556199, 17.6030288 ], [ 80.8585168, 17.6009273 ], [ 80.881176, 17.5970258 ], [ 80.8861112, 17.5971077 ], [ 80.8906602, 17.600012 ], [ 80.8972263, 17.6014438 ], [ 80.9517288, 17.6011983 ], [ 80.9674358, 17.5988257 ], [ 80.970869, 17.5967395 ], [ 80.9788513, 17.5849783 ], [ 80.9828638, 17.5828509 ], [ 80.988872, 17.5723366 ], [ 80.9987639, 17.5645836 ], [ 81.0027766, 17.5506312 ], [ 81.009407, 17.5458642 ], [ 81.013956, 17.5356956 ], [ 81.0148278, 17.5220796 ], [ 81.0198354, 17.520104 ], [ 81.0529125, 17.5190502 ], [ 81.0801422, 17.5150497 ], [ 81.0906565, 17.506097 ], [ 81.0986924, 17.5043269 ], [ 81.1176395, 17.5224776 ], [ 81.1240554, 17.5269178 ], [ 81.1275744, 17.5262221 ], [ 81.1385822, 17.5161547 ], [ 81.1406421, 17.5042245 ], [ 81.1449659, 17.4949541 ], [ 81.1423373, 17.4884563 ], [ 81.1596965, 17.4842505 ], [ 81.1568534, 17.476422 ], [ 81.1482596, 17.4632918 ], [ 81.1761224, 17.4640082 ], [ 81.1724746, 17.4490041 ], [ 81.1824846, 17.440652 ], [ 81.1906922, 17.4366601 ], [ 81.2025475, 17.4340602 ], [ 81.20229, 17.440867 ], [ 81.2052727, 17.4495466 ], [ 81.2117207, 17.4418803 ], [ 81.218791, 17.4423818 ], [ 81.2212694, 17.4394852 ], [ 81.2359249, 17.4357184 ], [ 81.2425768, 17.4321153 ], [ 81.2454522, 17.4329956 ], [ 81.2647641, 17.4198316 ], [ 81.301564, 17.4125019 ], [ 81.3137948, 17.4076187 ], [ 81.3188374, 17.3977905 ], [ 81.3226246, 17.3745897 ], [ 81.316874, 17.3690706 ], [ 81.3156509, 17.3638484 ], [ 81.3119173, 17.3608583 ], [ 81.303935, 17.3443096 ], [ 81.2885713, 17.3284558 ], [ 81.2787652, 17.3239084 ], [ 81.2736046, 17.3173226 ], [ 81.2466001, 17.3256085 ], [ 81.2437892, 17.3234372 ], [ 81.239798, 17.3231709 ], [ 81.2361717, 17.3200368 ], [ 81.2260866, 17.3209791 ], [ 81.2113666, 17.3257929 ], [ 81.189512, 17.3235806 ], [ 81.186701, 17.3143112 ], [ 81.1806393, 17.3030234 ], [ 81.1766803, 17.2876783 ], [ 81.1790124, 17.2781165 ], [ 81.1776314, 17.2707035 ], [ 81.1827796, 17.2589001 ], [ 81.1867629, 17.2545143 ], [ 81.1864523, 17.2493396 ], [ 81.1774425, 17.2406616 ], [ 81.1706681, 17.2313577 ], [ 81.1450098, 17.2291379 ], [ 81.1276071, 17.2238245 ], [ 81.1194805, 17.2248261 ], [ 81.1016086, 17.2225126 ], [ 81.0845845, 17.2182459 ], [ 81.079457, 17.2154636 ], [ 81.0550386, 17.2248267 ], [ 81.0555427, 17.2199243 ], [ 81.0495329, 17.2074696 ], [ 81.0435272, 17.202254 ], [ 81.0365081, 17.192465 ], [ 81.0327959, 17.1922703 ], [ 81.0311544, 17.1906611 ], [ 81.0148803, 17.1947388 ], [ 81.0085161, 17.1921321 ], [ 80.9981801, 17.190803 ], [ 80.9807546, 17.1972074 ], [ 80.9754895, 17.2007347 ], [ 80.9695728, 17.201439 ], [ 80.9677771, 17.1988472 ], [ 80.9678317, 17.2029512 ], [ 80.9592907, 17.2047805 ], [ 80.944431, 17.2181002 ], [ 80.9386988, 17.2201253 ], [ 80.9194884, 17.2204277 ], [ 80.9166884, 17.2150227 ], [ 80.9168386, 17.2103495 ], [ 80.9210014, 17.2007772 ], [ 80.9186411, 17.1896874 ], [ 80.9229111, 17.188478 ], [ 80.9264731, 17.1840911 ], [ 80.9239304, 17.1578289 ], [ 80.9166133, 17.1540256 ], [ 80.9127509, 17.1537284 ], [ 80.905627, 17.154364 ], [ 80.8920336, 17.1597664 ], [ 80.8794594, 17.1608531 ], [ 80.8776677, 17.1495457 ], [ 80.8783221, 17.1352336 ], [ 80.874095, 17.1291844 ], [ 80.8693635, 17.126898 ], [ 80.8678937, 17.1235965 ], [ 80.8696234, 17.1188198 ], [ 80.8753985, 17.1117938 ], [ 80.8768524, 17.1051715 ], [ 80.8739705, 17.0985384 ], [ 80.8756698, 17.0959761 ], [ 80.8714261, 17.0895825 ], [ 80.8675158, 17.0786495 ], [ 80.8757767, 17.0748905 ], [ 80.8770341, 17.070514 ], [ 80.87152, 17.0697694 ], [ 80.8653939, 17.0584155 ], [ 80.8595145, 17.0530921 ], [ 80.8558237, 17.0464864 ], [ 80.8450627, 17.0401677 ], [ 80.8416939, 17.0460556 ], [ 80.8290338, 17.0528972 ], [ 80.8117604, 17.0549897 ], [ 80.7932655, 17.0630854 ], [ 80.7652637, 17.0664519 ], [ 80.7525467, 17.0716153 ], [ 80.7484778, 17.071187 ], [ 80.7494429, 17.0726856 ], [ 80.7477868, 17.0735613 ], [ 80.739906, 17.0747034 ], [ 80.7392205, 17.0788166 ], [ 80.7368431, 17.0773631 ], [ 80.7093437, 17.0819164 ], [ 80.7049862, 17.0807704 ], [ 80.6993027, 17.0821135 ], [ 80.6968117, 17.0800383 ], [ 80.6978133, 17.078068 ], [ 80.6954924, 17.0742488 ], [ 80.6797559, 17.0716834 ], [ 80.6767055, 17.0705935 ], [ 80.6737876, 17.0666925 ], [ 80.6713736, 17.067472 ], [ 80.6709659, 17.0697489 ], [ 80.6657517, 17.067831 ], [ 80.6540251, 17.0694002 ], [ 80.6503129, 17.0720668 ], [ 80.6577801, 17.0906704 ], [ 80.6674361, 17.0948544 ], [ 80.6705689, 17.1011713 ], [ 80.6656337, 17.1050064 ], [ 80.6562137, 17.1097541 ], [ 80.649358, 17.1112819 ], [ 80.6419444, 17.1160192 ], [ 80.6455278, 17.1235452 ], [ 80.6372452, 17.1282002 ], [ 80.6284583, 17.1299432 ], [ 80.6187916, 17.1282617 ], [ 80.6169677, 17.1319425 ], [ 80.6062741, 17.1355593 ], [ 80.6003916, 17.1426871 ], [ 80.5799639, 17.1533901 ], [ 80.5628943, 17.1332651 ], [ 80.5571759, 17.1323833 ], [ 80.5543113, 17.13387 ], [ 80.5483138, 17.1307326 ], [ 80.5423915, 17.1250012 ], [ 80.527854, 17.1192491 ], [ 80.5139172, 17.1222636 ], [ 80.512898, 17.1096823 ], [ 80.5053556, 17.0981154 ], [ 80.5042291, 17.0937777 ], [ 80.5039394, 17.0917472 ], [ 80.510087, 17.0872965 ], [ 80.5055165, 17.0689079 ], [ 80.4965687, 17.0616874 ], [ 80.4907322, 17.0513484 ], [ 80.4861832, 17.0523228 ], [ 80.4713452, 17.0506817 ], [ 80.464822, 17.0302891 ], [ 80.4525053, 17.0353259 ], [ 80.4385471, 17.0378186 ], [ 80.4316378, 17.0558102 ], [ 80.4170787, 17.0736873 ], [ 80.4190694, 17.0921825 ], [ 80.4093861, 17.0917164 ], [ 80.408045, 17.0878708 ], [ 80.4044402, 17.0867529 ], [ 80.4039788, 17.0825072 ], [ 80.4005563, 17.0822303 ], [ 80.3901923, 17.0743642 ], [ 80.3873062, 17.0716566 ], [ 80.3857043, 17.0667892 ], [ 80.3915441, 17.061554 ], [ 80.3937757, 17.0548461 ], [ 80.3984856, 17.0524049 ], [ 80.3959322, 17.0465787 ], [ 80.3957713, 17.0358491 ], [ 80.4075193, 17.0257959 ], [ 80.4070258, 17.0158242 ], [ 80.3877675, 17.0091762 ], [ 80.3866196, 17.0041489 ], [ 80.3809655, 16.9979724 ], [ 80.3754079, 16.9881532 ], [ 80.3664708, 16.98134 ], [ 80.3633916, 16.9760657 ], [ 80.3714597, 16.9758195 ], [ 80.4074549, 16.9638954 ], [ 80.4195356, 16.9625819 ], [ 80.4498982, 16.9550083 ], [ 80.4665172, 16.9463157 ], [ 80.4752183, 16.9367607 ], [ 80.4817951, 16.9326142 ], [ 80.4936719, 16.9279236 ], [ 80.4955065, 16.9495896 ], [ 80.4991007, 16.9561987 ], [ 80.5019975, 16.9573378 ], [ 80.5058491, 16.956445 ], [ 80.5261266, 16.9479578 ], [ 80.5321884, 16.9588054 ], [ 80.5353856, 16.9613709 ], [ 80.5489576, 16.9554496 ], [ 80.568012, 16.9428571 ], [ 80.5731833, 16.9418102 ], [ 80.5755222, 16.9385362 ], [ 80.580908, 16.9366786 ], [ 80.5813157, 16.932645 ], [ 80.5840623, 16.929145 ], [ 80.5906284, 16.9272975 ], [ 80.5920017, 16.9233663 ], [ 80.5972803, 16.9240335 ], [ 80.5982137, 16.9213443 ], [ 80.6024663, 16.918919 ], [ 80.5870986, 16.9034424 ], [ 80.5946088, 16.8993773 ], [ 80.5957246, 16.8971907 ], [ 80.5955113, 16.8847329 ], [ 80.5774641, 16.8791121 ], [ 80.5682587, 16.8697076 ], [ 80.5711126, 16.8615348 ], [ 80.5702972, 16.8495213 ], [ 80.5629051, 16.8335741 ], [ 80.5654263, 16.8274125 ], [ 80.5773997, 16.8235512 ], [ 80.5847275, 16.8131066 ], [ 80.5954027, 16.8019734 ], [ 80.6129229, 16.7935511 ], [ 80.5973124, 16.7923083 ], [ 80.5969047, 16.7904595 ], [ 80.5930209, 16.7886517 ], [ 80.5933428, 16.7873831 ], [ 80.5883324, 16.7853237 ], [ 80.5869913, 16.7822319 ], [ 80.5847919, 16.7834439 ], [ 80.5775177, 16.7773527 ], [ 80.5706191, 16.7678712 ], [ 80.5609739, 16.7704496 ], [ 80.5520475, 16.7749592 ], [ 80.5262768, 16.7745381 ], [ 80.5056023, 16.7781642 ], [ 80.4943156, 16.7835569 ], [ 80.4851746, 16.7915585 ], [ 80.4646182, 16.7953178 ], [ 80.4638028, 16.8057838 ], [ 80.4661524, 16.8167423 ], [ 80.4643178, 16.819813 ], [ 80.4528165, 16.8233355 ], [ 80.4497158, 16.8274433 ], [ 80.4419267, 16.8309657 ], [ 80.4409289, 16.8340875 ], [ 80.4387295, 16.8340156 ], [ 80.4341805, 16.8375276 ], [ 80.4286337, 16.838267 ], [ 80.4295778, 16.8468721 ], [ 80.4280007, 16.8467899 ], [ 80.4274964, 16.8499629 ], [ 80.4124653, 16.8517906 ], [ 80.4122615, 16.8529714 ], [ 80.3861046, 16.8629106 ], [ 80.3842056, 16.865344 ], [ 80.3827572, 16.8653645 ], [ 80.3829932, 16.8637936 ], [ 80.3802252, 16.8639169 ], [ 80.3788519, 16.8616169 ], [ 80.3828645, 16.8553536 ], [ 80.3785515, 16.8518214 ], [ 80.383079, 16.8501169 ], [ 80.4079807, 16.8488744 ], [ 80.40429, 16.8323829 ], [ 80.3994834, 16.8335433 ], [ 80.3967905, 16.8275152 ], [ 80.3922629, 16.8278644 ], [ 80.3907609, 16.8246295 ], [ 80.3866303, 16.825451 ], [ 80.3867268, 16.8172352 ], [ 80.3841305, 16.815972 ], [ 80.381062, 16.8171941 ], [ 80.3736913, 16.8283676 ], [ 80.373981, 16.8312635 ], [ 80.3797531, 16.8407726 ], [ 80.3780901, 16.8419124 ], [ 80.3732729, 16.8402899 ], [ 80.3739381, 16.8525812 ], [ 80.3494656, 16.858896 ], [ 80.3405714, 16.8596969 ], [ 80.3440261, 16.874492 ], [ 80.3218133, 16.8788132 ], [ 80.3245747, 16.8991412 ], [ 80.3239632, 16.9067581 ], [ 80.3160775, 16.9153909 ], [ 80.3117034, 16.9168834 ], [ 80.3140712, 16.928016 ], [ 80.3131163, 16.940435 ], [ 80.3166622, 16.9486865 ], [ 80.3050375, 16.953941 ], [ 80.3066039, 16.974034 ], [ 80.3010893, 16.9762504 ], [ 80.2935576, 16.9768456 ], [ 80.2904785, 16.9811245 ], [ 80.2945125, 16.9950996 ], [ 80.2922702, 16.9982392 ], [ 80.2824855, 17.007945 ], [ 80.2692354, 17.0035231 ], [ 80.2646863, 16.997562 ], [ 80.2569079, 16.9993268 ], [ 80.2560496, 17.001389 ], [ 80.2404499, 17.0024253 ], [ 80.2400744, 17.0054622 ], [ 80.2260733, 17.0155575 ], [ 80.223037, 17.0082733 ], [ 80.2101087, 17.0112794 ], [ 80.201869, 17.0178453 ], [ 80.2015149, 17.0230773 ], [ 80.1995408, 17.0265037 ], [ 80.2039826, 17.0384546 ], [ 80.1965153, 17.0440964 ], [ 80.1922452, 17.0341154 ], [ 80.1926422, 17.0267397 ], [ 80.1872671, 17.0199484 ], [ 80.1800787, 17.0189533 ], [ 80.1791561, 17.0169322 ], [ 80.170235, 17.0165844 ], [ 80.1678207, 17.0055681 ], [ 80.1613355, 17.0050518 ], [ 80.1572263, 17.0075141 ], [ 80.1533961, 17.0069704 ], [ 80.1482892, 17.0024253 ], [ 80.1403069, 16.990349 ], [ 80.1274967, 16.9918983 ], [ 80.1203513, 16.990585 ], [ 80.1202655, 16.9879583 ], [ 80.1090324, 16.9872503 ], [ 80.1024556, 16.9910467 ], [ 80.0956947, 16.9906352 ], [ 80.0943937, 16.9882303 ], [ 80.0946767, 16.9776787 ], [ 80.0912702, 16.9685993 ], [ 80.0830881, 16.9704675 ], [ 80.0547938, 16.9713277 ], [ 80.0571799, 16.9635773 ], [ 80.0521481, 16.9598418 ], [ 80.0481784, 16.948902 ], [ 80.0510216, 16.9420976 ], [ 80.0503135, 16.9377562 ], [ 80.0429428, 16.9292374 ], [ 80.0399923, 16.9191477 ], [ 80.0389731, 16.9178646 ], [ 80.0271392, 16.9177722 ], [ 80.0245643, 16.9154217 ], [ 80.0172901, 16.9151753 ], [ 80.012505, 16.8931152 ], [ 80.0045979, 16.8812578 ], [ 80.0051487, 16.8766868 ], [ 80.0016904, 16.8679417 ], [ 79.9989867, 16.8653954 ], [ 80.0038147, 16.8642249 ], [ 80.0038576, 16.8622946 ], [ 80.0170541, 16.8544911 ], [ 80.0293922, 16.8522732 ], [ 80.0466656, 16.8535464 ], [ 80.0463652, 16.8381438 ], [ 80.0485325, 16.8330298 ], [ 80.0606346, 16.8248965 ], [ 80.0708806, 16.8215794 ], [ 80.0710094, 16.8184882 ], [ 80.0731101, 16.8173975 ], [ 80.0697963, 16.8096901 ], [ 80.0694334, 16.796507 ], [ 80.0638871, 16.781854 ], [ 80.0542883, 16.7666506 ], [ 80.0555625, 16.7483838 ], [ 80.0526979, 16.7415733 ], [ 80.0384357, 16.730459 ], [ 80.0301389, 16.7143971 ], [ 80.0221779, 16.7104907 ], [ 80.0064626, 16.7087609 ], [ 79.9976934, 16.7021807 ], [ 79.978073, 16.6627826 ], [ 79.9646682, 16.6447261 ], [ 79.950661, 16.6361465 ], [ 79.9313681, 16.6312842 ], [ 79.9141139, 16.6327125 ], [ 79.908454, 16.6347634 ], [ 79.8951667, 16.6477908 ], [ 79.8921483, 16.6527501 ], [ 79.8896155, 16.6598335 ], [ 79.8865026, 16.6842779 ], [ 79.8783213, 16.6969711 ], [ 79.8581504, 16.7049997 ], [ 79.8504113, 16.705965 ], [ 79.8269604, 16.6936841 ], [ 79.8213518, 16.6918635 ], [ 79.8165966, 16.6922672 ], [ 79.8118161, 16.6951099 ], [ 79.7989295, 16.7104425 ], [ 79.7922149, 16.7258072 ], [ 79.7859864, 16.730487 ], [ 79.7760986, 16.7315085 ], [ 79.7432293, 16.7188268 ], [ 79.7298474, 16.697097 ], [ 79.7243002, 16.6916908 ], [ 79.7129474, 16.6898363 ], [ 79.6862747, 16.694625 ], [ 79.6805736, 16.6943961 ], [ 79.6612852, 16.6864632 ], [ 79.6496159, 16.6708301 ], [ 79.6350963, 16.6610339 ], [ 79.6243796, 16.6623843 ], [ 79.6049439, 16.6721125 ], [ 79.5984295, 16.673424 ], [ 79.5916489, 16.6698315 ], [ 79.5843666, 16.6593424 ], [ 79.5750335, 16.6496949 ], [ 79.561774, 16.643967 ], [ 79.5408146, 16.6317741 ], [ 79.5368171, 16.630513 ], [ 79.5253073, 16.631414 ], [ 79.5121381, 16.6358112 ], [ 79.5031302, 16.6365771 ], [ 79.4946821, 16.6337215 ], [ 79.4842026, 16.6235665 ], [ 79.4770716, 16.6222526 ], [ 79.4577024, 16.6232645 ], [ 79.4477774, 16.6201408 ], [ 79.4398567, 16.6137077 ], [ 79.433283, 16.5913438 ], [ 79.4175015, 16.5800395 ], [ 79.3939816, 16.5805602 ], [ 79.37817, 16.5830839 ], [ 79.3525586, 16.5791613 ], [ 79.3405051, 16.5830025 ], [ 79.3268549, 16.577127 ], [ 79.3089244, 16.5747578 ], [ 79.2973402, 16.5647408 ], [ 79.2893145, 16.561822 ], [ 79.2801086, 16.5613544 ], [ 79.2684789, 16.5661502 ], [ 79.2587169, 16.5672367 ], [ 79.25263, 16.5601014 ], [ 79.2492411, 16.5468239 ], [ 79.2501181, 16.5398903 ], [ 79.2480364, 16.5346543 ], [ 79.2427253, 16.5298777 ], [ 79.2295899, 16.526365 ], [ 79.2239982, 16.5189688 ], [ 79.2167849, 16.5004917 ], [ 79.2147126, 16.4877968 ], [ 79.2165177, 16.4792119 ], [ 79.2335104, 16.4601022 ], [ 79.2162484, 16.4534932 ], [ 79.2119917, 16.4489897 ], [ 79.2110742, 16.4445018 ], [ 79.2077549, 16.3852571 ], [ 79.2084274, 16.3780608 ], [ 79.2118329, 16.3697375 ], [ 79.2107084, 16.356873 ], [ 79.2151063, 16.3495642 ], [ 79.2329349, 16.337382 ], [ 79.2342633, 16.3349961 ], [ 79.2338076, 16.3222356 ], [ 79.2310851, 16.3153429 ], [ 79.2301961, 16.2810605 ], [ 79.2244982, 16.2717235 ], [ 79.2220813, 16.2358387 ], [ 79.2174322, 16.2284212 ], [ 79.2075205, 16.2222568 ], [ 79.1753716, 16.2128321 ], [ 79.1595005, 16.2100902 ], [ 79.1469735, 16.2145387 ], [ 79.122238, 16.2327176 ], [ 79.1106818, 16.2306303 ], [ 79.1039712, 16.224549 ], [ 79.0992728, 16.223948 ], [ 79.0840411, 16.2309684 ], [ 79.0714415, 16.2274404 ], [ 79.0589946, 16.2364326 ], [ 79.0522514, 16.2394344 ], [ 79.0282721, 16.243306 ], [ 79.011104, 16.2416867 ], [ 79.0078354, 16.2395435 ], [ 78.9993663, 16.2258954 ], [ 78.9880256, 16.2124676 ], [ 78.9812783, 16.2106713 ], [ 78.9660008, 16.2111469 ], [ 78.9475745, 16.2039336 ], [ 78.9308645, 16.1996449 ], [ 78.9121452, 16.1892364 ], [ 78.9060445, 16.184173 ], [ 78.9040894, 16.1802257 ], [ 78.904966, 16.1751534 ], [ 78.9114716, 16.1628869 ], [ 78.9152788, 16.1487367 ], [ 78.9232039, 16.1397579 ], [ 78.9245939, 16.1357198 ], [ 78.9208438, 16.1201186 ], [ 78.9221104, 16.1046895 ], [ 78.9155007, 16.0989847 ], [ 78.9056757, 16.0951044 ], [ 78.8955737, 16.0859626 ], [ 78.8889007, 16.0855186 ], [ 78.887789, 16.09609 ], [ 78.8798145, 16.1169319 ], [ 78.8768915, 16.1342033 ], [ 78.8727465, 16.1441848 ], [ 78.8666616, 16.1471682 ], [ 78.8560311, 16.1491549 ], [ 78.8471878, 16.1490859 ], [ 78.8344268, 16.1457687 ], [ 78.8328287, 16.1421751 ], [ 78.8334583, 16.1351284 ], [ 78.8389256, 16.1157074 ], [ 78.8419854, 16.0978189 ], [ 78.8423699, 16.0901131 ], [ 78.8401494, 16.0789729 ], [ 78.8365488, 16.0709334 ], [ 78.8268239, 16.0609852 ], [ 78.8191827, 16.0492394 ], [ 78.8006876, 16.0384829 ], [ 78.7950408, 16.0288885 ], [ 78.7851762, 16.0219636 ], [ 78.7654168, 16.0171471 ], [ 78.7528676, 16.0172789 ], [ 78.7404182, 16.009857 ], [ 78.7364389, 16.0098168 ], [ 78.7232405, 16.0210473 ], [ 78.6994267, 16.0273189 ], [ 78.6817851, 16.0345197 ], [ 78.6685598, 16.0544174 ], [ 78.6557047, 16.0685695 ], [ 78.6508033, 16.0719543 ], [ 78.6504148, 16.0791105 ], [ 78.6277932, 16.0878311 ], [ 78.6100164, 16.087416 ], [ 78.6022519, 16.0845923 ], [ 78.5877486, 16.0642519 ], [ 78.5655917, 16.0505366 ], [ 78.5595251, 16.045155 ], [ 78.5506987, 16.0427199 ], [ 78.5430121, 16.0440465 ], [ 78.5225486, 16.0544189 ], [ 78.4987628, 16.0602894 ], [ 78.4751379, 16.0688363 ], [ 78.4416854, 16.074723 ], [ 78.4343898, 16.0714961 ], [ 78.4300554, 16.0733209 ], [ 78.4073853, 16.0749601 ], [ 78.4014201, 16.0722075 ], [ 78.3981049, 16.0665887 ], [ 78.384608, 16.0650526 ], [ 78.3728921, 16.052866 ], [ 78.3642447, 16.046463 ], [ 78.3485055, 16.0478962 ], [ 78.336736, 16.0433182 ], [ 78.3279705, 16.0378533 ], [ 78.3222306, 16.0295835 ], [ 78.3221061, 16.017259 ], [ 78.3147955, 16.012816 ], [ 78.3071136, 16.0111248 ], [ 78.2992172, 16.0119085 ], [ 78.2845401, 16.0214784 ], [ 78.2708072, 16.0269644 ], [ 78.2645416, 16.0274593 ], [ 78.2596063, 16.025562 ], [ 78.2556581, 16.0127026 ], [ 78.2600256, 15.9968703 ], [ 78.2515093, 15.9785209 ], [ 78.2512589, 15.9729469 ], [ 78.2534917, 15.9665984 ], [ 78.2522302, 15.9567188 ], [ 78.2536599, 15.9415476 ], [ 78.2521605, 15.9364473 ], [ 78.2500531, 15.9339489 ], [ 78.2300785, 15.9245129 ], [ 78.2044306, 15.9193363 ], [ 78.1851039, 15.9115199 ], [ 78.1796811, 15.9035152 ], [ 78.1801297, 15.8999493 ], [ 78.1837827, 15.8985957 ], [ 78.190198, 15.8926429 ], [ 78.1867221, 15.8853424 ], [ 78.1763145, 15.8763957 ], [ 78.1764582, 15.8582973 ], [ 78.1720565, 15.8560863 ], [ 78.1588948, 15.8540325 ], [ 78.1359029, 15.8551265 ], [ 78.1302488, 15.8508744 ], [ 78.1345725, 15.8436187 ], [ 78.1338858, 15.8366517 ], [ 78.1304097, 15.8383857 ], [ 78.1237471, 15.8371781 ], [ 78.1114626, 15.8386644 ], [ 78.098073, 15.8364969 ], [ 78.0837393, 15.8413067 ], [ 78.0850053, 15.8453733 ], [ 78.0748343, 15.8476749 ], [ 78.0715299, 15.8506783 ], [ 78.0725062, 15.8572216 ], [ 78.0714333, 15.862227 ], [ 78.0559301, 15.8665512 ], [ 78.0563271, 15.8749928 ], [ 78.0469072, 15.875096 ], [ 78.0451476, 15.9044739 ], [ 78.0320048, 15.9077034 ], [ 78.0311251, 15.9033389 ], [ 78.0255568, 15.9026682 ], [ 78.0152786, 15.8766027 ], [ 78.0092382, 15.8657875 ], [ 78.0088842, 15.861969 ], [ 77.9969537, 15.8666853 ], [ 77.9754746, 15.8836818 ], [ 77.94626, 15.8850026 ], [ 77.9375481, 15.8837231 ], [ 77.8895497, 15.9067314 ], [ 77.8776038, 15.9053826 ], [ 77.8691174, 15.8968029 ], [ 77.8607066, 15.8851482 ], [ 77.8571233, 15.8836002 ], [ 77.8467263, 15.8823085 ], [ 77.8377981, 15.8853877 ], [ 77.8246724, 15.8796257 ], [ 77.8039849, 15.8745078 ], [ 77.7925479, 15.8768607 ], [ 77.7824521, 15.8765511 ], [ 77.768687, 15.8861068 ], [ 77.7469182, 15.8856837 ], [ 77.7248919, 15.8960748 ], [ 77.7112019, 15.8942484 ], [ 77.6943791, 15.8839707 ], [ 77.6822233, 15.8836715 ], [ 77.676934, 15.88524 ], [ 77.65818, 15.8860242 ], [ 77.6503158, 15.8892334 ], [ 77.6374587, 15.8965926 ], [ 77.6205983, 15.914145 ], [ 77.611796, 15.9188218 ], [ 77.5983204, 15.9133171 ], [ 77.5933356, 15.9129726 ], [ 77.580914, 15.9194703 ], [ 77.5469189, 15.9205749 ], [ 77.5331511, 15.9250995 ], [ 77.5114453, 15.9283309 ], [ 77.4988782, 15.9330428 ], [ 77.4665248, 15.9345308 ], [ 77.4274539, 15.9483614 ], [ 77.4134016, 15.9428021 ], [ 77.4020076, 15.9441845 ], [ 77.3890686, 15.9409452 ], [ 77.3769733, 15.9403899 ], [ 77.3679113, 15.9475888 ], [ 77.356402, 15.9500796 ], [ 77.3263263, 15.9495694 ], [ 77.299154, 15.9581593 ], [ 77.2854862, 15.9532039 ], [ 77.2621884, 15.9594001 ], [ 77.2500014, 15.9649394 ], [ 77.2355604, 15.9577187 ], [ 77.2179436, 15.9579251 ], [ 77.203331, 15.9551605 ], [ 77.1849632, 15.9567697 ], [ 77.1743202, 15.9507454 ], [ 77.1581197, 15.950766 ], [ 77.1454167, 15.9458557 ], [ 77.1358681, 15.937644 ], [ 77.1023941, 15.9287716 ], [ 77.0860648, 15.9196513 ], [ 77.0696711, 15.9071669 ], [ 77.062397, 15.8963121 ], [ 77.0551872, 15.8808543 ], [ 77.033515, 15.8586046 ], [ 77.0251855, 15.8375092 ], [ 77.0358968, 15.8297051 ], [ 77.0404458, 15.8327604 ], [ 77.0426345, 15.8287968 ], [ 77.0473981, 15.8299322 ], [ 77.0490074, 15.8281775 ], [ 77.0487928, 15.8293748 ], [ 77.0525479, 15.8302832 ], [ 77.0535993, 15.8286936 ], [ 77.0545006, 15.8300148 ], [ 77.0620322, 15.8297671 ], [ 77.0651865, 15.8278885 ], [ 77.0635557, 15.8030934 ], [ 77.0669031, 15.8027011 ], [ 77.0675039, 15.7900649 ], [ 77.0662164, 15.7851093 ], [ 77.0608091, 15.7861831 ], [ 77.0568394, 15.7686312 ], [ 77.052226, 15.7698082 ], [ 77.0508742, 15.7645631 ], [ 77.0563674, 15.7626839 ], [ 77.0541358, 15.7561168 ], [ 77.0477628, 15.7561581 ], [ 77.0460892, 15.7403385 ], [ 77.0495009, 15.74007 ], [ 77.0490932, 15.7302596 ], [ 77.079606, 15.7274713 ], [ 77.078855, 15.716235 ], [ 77.0875239, 15.7152848 ], [ 77.0828461, 15.698801 ], [ 77.0805931, 15.6985738 ], [ 77.0785761, 15.6952273 ], [ 77.0937896, 15.6903727 ], [ 77.0941329, 15.6887614 ], [ 77.1142173, 15.6780394 ], [ 77.1132946, 15.6756636 ], [ 77.1210778, 15.6713168 ], [ 77.1202361, 15.6674822 ], [ 77.1289372, 15.6658501 ], [ 77.1213841, 15.6309927 ], [ 77.1152472, 15.6325838 ], [ 77.1083379, 15.6378117 ], [ 77.1062779, 15.6373778 ], [ 77.1074581, 15.6401054 ], [ 77.1034026, 15.6429362 ], [ 77.1014607, 15.6484324 ], [ 77.091161, 15.6531847 ], [ 77.0831895, 15.6589803 ], [ 77.0722246, 15.6468414 ], [ 77.0465183, 15.6388449 ], [ 77.0343089, 15.6367992 ], [ 77.0341158, 15.6346502 ], [ 77.0304036, 15.6345056 ], [ 77.0300388, 15.6267978 ], [ 77.0314121, 15.6267565 ], [ 77.0311761, 15.6209704 ], [ 77.0326352, 15.6206604 ], [ 77.0317554, 15.6053263 ], [ 77.0329893, 15.6051713 ], [ 77.0261335, 15.5810208 ], [ 77.0313477, 15.5424692 ], [ 77.0313692, 15.5070533 ], [ 77.0297813, 15.5021529 ], [ 77.0269274, 15.5010157 ], [ 77.0228076, 15.5024631 ], [ 77.0148253, 15.5022977 ], [ 77.0114565, 15.5046342 ], [ 76.9921875, 15.5061436 ], [ 76.975708, 15.510651 ], [ 76.9743347, 15.5082422 ], [ 76.9746861, 15.4979555 ], [ 76.9780683, 15.489188 ], [ 76.9906908, 15.4838374 ], [ 77.000674, 15.4729239 ], [ 77.0009959, 15.469067 ], [ 77.0052284, 15.4626715 ], [ 77.0053196, 15.4557794 ], [ 77.0070201, 15.4519274 ], [ 77.0097613, 15.4492543 ], [ 77.0163113, 15.4491922 ], [ 77.0252859, 15.4427909 ], [ 77.0310688, 15.4330801 ], [ 77.0346522, 15.4216622 ], [ 77.0337027, 15.4175406 ], [ 77.0285475, 15.4098196 ], [ 77.0283115, 15.4057599 ], [ 77.0312673, 15.4014726 ], [ 77.0447051, 15.3937561 ], [ 77.0466149, 15.38726 ], [ 77.0440131, 15.3770603 ], [ 77.0403117, 15.3727724 ], [ 77.0404565, 15.3642842 ], [ 77.0439488, 15.3580665 ], [ 77.0499247, 15.3551024 ], [ 77.052387, 15.3521332 ], [ 77.0569897, 15.3516935 ], [ 77.0647734, 15.3442287 ], [ 77.0658517, 15.3362877 ], [ 77.0621127, 15.3279015 ], [ 77.0750516, 15.3260389 ], [ 77.1012944, 15.3335923 ], [ 77.1133536, 15.33382 ], [ 77.1127957, 15.3273427 ], [ 77.117173, 15.3256457 ], [ 77.1169799, 15.3134356 ], [ 77.1187395, 15.3122559 ], [ 77.1183103, 15.2948085 ], [ 77.1332448, 15.292511 ], [ 77.151677, 15.292242 ], [ 77.1520632, 15.2756416 ], [ 77.1474069, 15.2751034 ], [ 77.1476, 15.2727643 ], [ 77.1532863, 15.27382 ], [ 77.159788, 15.2674858 ], [ 77.167148, 15.2683552 ], [ 77.1677917, 15.2580876 ], [ 77.1610111, 15.2587294 ], [ 77.1557325, 15.2563901 ], [ 77.1436947, 15.2571768 ], [ 77.1430295, 15.2517115 ], [ 77.1406907, 15.2517529 ], [ 77.1401757, 15.2473434 ], [ 77.1360987, 15.2410084 ], [ 77.1328157, 15.2416502 ], [ 77.1324938, 15.2395799 ], [ 77.1261209, 15.2402424 ], [ 77.1250051, 15.2269092 ], [ 77.1474927, 15.2238035 ], [ 77.1469348, 15.2206357 ], [ 77.1518701, 15.2174677 ], [ 77.1515482, 15.2145275 ], [ 77.1546167, 15.2146518 ], [ 77.1591872, 15.2009856 ], [ 77.161805, 15.2010063 ], [ 77.166118, 15.1885818 ], [ 77.1690362, 15.1713106 ], [ 77.1673196, 15.1712899 ], [ 77.1672982, 15.1681834 ], [ 77.1647662, 15.1682041 ], [ 77.1627706, 15.1573517 ], [ 77.1406907, 15.1585322 ], [ 77.1344036, 15.1482593 ], [ 77.1370429, 15.1475965 ], [ 77.1376222, 15.1434747 ], [ 77.1489948, 15.1414035 ], [ 77.1487802, 15.1396843 ], [ 77.1571653, 15.1403978 ], [ 77.1562743, 15.1229839 ], [ 77.1501159, 15.1116942 ], [ 77.1423912, 15.1046714 ], [ 77.1371341, 15.1042985 ], [ 77.1370697, 15.1023926 ], [ 77.1300101, 15.1004038 ], [ 77.1285724, 15.0726623 ], [ 77.1208691, 15.0542419 ], [ 77.1195602, 15.0458496 ], [ 77.1152258, 15.0463469 ], [ 77.112844, 15.0339341 ], [ 77.093811, 15.0360064 ], [ 77.0910215, 15.0294164 ], [ 77.0847773, 15.0307012 ], [ 77.0825715, 15.0060658 ], [ 77.0726323, 15.005873 ], [ 77.0719671, 15.0045672 ], [ 77.048428, 15.0079041 ], [ 77.0442652, 15.0098523 ], [ 77.049973, 15.0226396 ], [ 77.0495868, 15.0330844 ], [ 77.0396733, 15.0330844 ], [ 77.0361328, 15.0313229 ], [ 77.004118, 15.0337994 ], [ 77.0030451, 15.0308152 ], [ 76.9860828, 15.0265358 ], [ 76.9853103, 15.0155518 ], [ 76.9663203, 15.0182978 ], [ 76.9496477, 15.0307738 ], [ 76.9305181, 15.0302349 ], [ 76.9224715, 15.0315923 ], [ 76.9183838, 15.0358199 ], [ 76.907537, 15.0328461 ], [ 76.8943727, 15.0373016 ], [ 76.8772817, 15.0306494 ], [ 76.8777215, 15.0364105 ], [ 76.8688757, 15.0534468 ], [ 76.8653566, 15.0553543 ], [ 76.8661022, 15.0600127 ], [ 76.8642622, 15.0584987 ], [ 76.8620467, 15.0593328 ], [ 76.8615961, 15.062468 ], [ 76.8527985, 15.0667261 ], [ 76.8360937, 15.0796135 ], [ 76.8240237, 15.0803749 ], [ 76.8118733, 15.086663 ], [ 76.8003559, 15.0961788 ], [ 76.7946374, 15.0928149 ], [ 76.7924648, 15.0877287 ], [ 76.7861938, 15.0880601 ], [ 76.7854106, 15.0826177 ], [ 76.7823422, 15.0775921 ], [ 76.7778897, 15.0798932 ], [ 76.7767525, 15.0784118 ], [ 76.779896, 15.0760499 ], [ 76.7752451, 15.0723165 ], [ 76.773676, 15.0643614 ], [ 76.7734051, 15.0591061 ], [ 76.7764521, 15.0549257 ], [ 76.7803574, 15.0426998 ], [ 76.7834258, 15.0426066 ], [ 76.7857432, 15.0372601 ], [ 76.7857432, 15.0277274 ], [ 76.790185, 15.020733 ], [ 76.7879212, 15.0094689 ], [ 76.7845201, 15.005075 ], [ 76.7787695, 15.004588 ], [ 76.7748642, 14.9931469 ], [ 76.7721417, 14.9904938 ], [ 76.7600837, 14.989595 ] ], [ [ 82.1861281, 16.7333847 ], [ 82.1862724, 16.7365638 ], [ 82.1886245, 16.7373607 ], [ 82.1971838, 16.7347075 ], [ 82.205388, 16.7343943 ], [ 82.2088768, 16.7403538 ], [ 82.2070333, 16.7428442 ], [ 82.2109601, 16.7461958 ], [ 82.2112702, 16.7500486 ], [ 82.2150534, 16.7527009 ], [ 82.2201709, 16.7501189 ], [ 82.2230636, 16.7561317 ], [ 82.2200406, 16.7558123 ], [ 82.2204593, 16.7576048 ], [ 82.221418, 16.7584774 ], [ 82.2248548, 16.7560686 ], [ 82.2262036, 16.760967 ], [ 82.2283218, 16.7617041 ], [ 82.2324055, 16.7558406 ], [ 82.2238852, 16.7537062 ], [ 82.2252648, 16.7497424 ], [ 82.2187393, 16.7425869 ], [ 82.2169464, 16.7334528 ], [ 82.2316905, 16.7278723 ], [ 82.2329121, 16.72452 ], [ 82.2376469, 16.7221697 ], [ 82.2586414, 16.7200624 ], [ 82.2635913, 16.7218325 ], [ 82.2700329, 16.7214356 ], [ 82.2762217, 16.727133 ], [ 82.2893652, 16.7261281 ], [ 82.2967942, 16.7348555 ], [ 82.2985654, 16.7420106 ], [ 82.3017282, 16.743333 ], [ 82.3057523, 16.7483444 ], [ 82.3137136, 16.7280681 ], [ 82.3068901, 16.7179779 ], [ 82.2997447, 16.7128402 ], [ 82.2962844, 16.7068395 ], [ 82.2872437, 16.7046618 ], [ 82.2627075, 16.7054284 ], [ 82.2249977, 16.7157196 ], [ 82.2014224, 16.7184086 ], [ 82.1922675, 16.7253518 ], [ 82.193762, 16.7306295 ], [ 82.1864357, 16.7300249 ], [ 82.1861281, 16.7333847 ] ] ], [ [ [ 82.3247114, 16.9877017 ], [ 82.3248079, 16.985842 ], [ 82.3335573, 16.9802164 ], [ 82.3401852, 16.9677471 ], [ 82.3527405, 16.9605756 ], [ 82.3578707, 16.9501132 ], [ 82.3621175, 16.9265046 ], [ 82.3627451, 16.9110873 ], [ 82.3542881, 16.8538262 ], [ 82.3633593, 16.908847 ], [ 82.3600709, 16.959575 ], [ 82.3529556, 16.9758173 ], [ 82.3399919, 16.9895743 ], [ 82.3331845, 16.993522 ], [ 82.3286489, 16.9921574 ], [ 82.3247114, 16.9877017 ] ] ], [ [ [ 83.163456, 17.5598766 ], [ 83.1635642, 17.5597984 ], [ 83.1636267, 17.5599078 ], [ 83.1635149, 17.5599837 ], [ 83.163456, 17.5598766 ] ] ], [ [ [ 83.2401064, 17.6200525 ], [ 83.2402727, 17.6195796 ], [ 83.2406884, 17.6202136 ], [ 83.2404149, 17.6202212 ], [ 83.2401064, 17.6200525 ] ] ] ] } }
]
}
