{
"type": "FeatureCollection",
"crs": { "type": "name", "properties": { "name": "urn:ogc:def:crs:OGC:1.3:CRS84" } },
"features": [
{ "type": "Feature", "properties": { "name": null, "highway": "secondary", "ref": "MDR0120", "maxspeed": null }, "geometry": { "type": "LineString", "coordinates": [ [ 78.8594738, 14.4397604 ], [ 78.8642728, 14.4389142 ], [ 78.8692796, 14.4356284 ], [ 78.8742059, 14.4301074 ] ] } },
{ "type": "Feature", "properties": { "name": "Kadapa - Porumamilla Road", "highway": "primary", "ref": "SH56", "maxspeed": null }, "geometry": { "type": "LineString", "coordinates": [ [ 78.8572569, 14.4775087 ], [ 78.8668645, 14.4746021 ], [ 78.8716006, 14.4743203 ], [ 78.8733709, 14.4752942 ], [ 78.874831, 14.4740746 ], [ 78.874018, 14.4767441 ], [ 78.8745651, 14.4778773 ], [ 78.8799682, 14.4832269 ], [ 78.8889699, 14.486971 ], [ 78.8984495, 14.4871079 ], [ 78.9058243, 14.4841773 ], [ 78.9055467, 14.4827918 ], [ 78.9069951, 14.4784055 ], [ 78.9101332, 14.4734996 ], [ 78.9127216, 14.471009 ], [ 78.9152268, 14.4700741 ], [ 78.9166403, 14.4681028 ], [ 78.9210445, 14.4656849 ], [ 78.9213395, 14.4647447 ], [ 78.9345869, 14.4613242 ], [ 78.9399219, 14.4608463 ], [ 78.9418852, 14.4618826 ], [ 78.9471289, 14.4592412 ], [ 78.9500311, 14.458701 ], [ 78.9568064, 14.4605814 ], [ 78.9588153, 14.4593892 ], [ 78.9594633, 14.4571515 ] ] } },
{ "type": "Feature", "properties": { "name": "Madras Road", "highway": "trunk", "ref": "NH716", "maxspeed": null }, "geometry": { "type": "LineString", "coordinates": [ [ 79.0835683, 14.3203623 ], [ 79.07935, 14.3232194 ], [ 79.0670023, 14.3284901 ], [ 79.0603128, 14.3369365 ], [ 79.0590938, 14.3420768 ], [ 79.0563626, 14.3456056 ], [ 79.0555163, 14.3489458 ], [ 79.0496245, 14.3548979 ], [ 79.0383188, 14.3623179 ], [ 79.036042, 14.364584 ], [ 79.0280806, 14.3791136 ], [ 79.028834, 14.3844739 ], [ 79.0253339, 14.393883 ], [ 79.022785, 14.3944851 ], [ 79.0084878, 14.4036103 ], [ 78.999083, 14.4081037 ], [ 78.9812743, 14.4116359 ], [ 78.9658681, 14.4112934 ], [ 78.9573813, 14.4148095 ], [ 78.951552, 14.4155934 ], [ 78.9431195, 14.4183696 ], [ 78.9352761, 14.4188175 ], [ 78.9301697, 14.4225878 ], [ 78.9276913, 14.4281951 ], [ 78.9224125, 14.4324053 ], [ 78.916842, 14.4337486 ], [ 78.9022743, 14.4349543 ], [ 78.8921211, 14.4429607 ] ] } },
{ "type": "Feature", "properties": { "name": "Madras Road", "highway": "secondary", "ref": "MDR0380", "maxspeed": null }, "geometry": { "type": "LineString", "coordinates": [ [ 78.8523307, 14.4685294 ], [ 78.8612735, 14.4646113 ] ] } },
{ "type": "Feature", "properties": { "name": "Kadapa - Porumamilla Road", "highway": "primary", "ref": "SH56", "maxspeed": null }, "geometry": { "type": "LineString", "coordinates": [ [ 78.9606049, 14.466866 ], [ 78.9614393, 14.4682025 ], [ 78.9629559, 14.4686682 ], [ 78.9694264, 14.4678703 ], [ 78.9765536, 14.4690682 ], [ 78.9850215, 14.4744555 ], [ 78.9910306, 14.4802977 ], [ 78.9964232, 14.4976802 ], [ 79.0168428, 14.5306744 ], [ 79.0224738, 14.5432787 ], [ 79.0281875, 14.552217 ], [ 79.035901, 14.5672273 ], [ 79.0384997, 14.5788746 ], [ 79.0404233, 14.5837049 ], [ 79.0438295, 14.6009679 ] ] } },
{ "type": "Feature", "properties": { "name": "Kadapa Bypass Road", "highway": "trunk", "ref": null, "maxspeed": null }, "geometry": { "type": "LineString", "coordinates": [ [ 78.8117936, 14.4419357 ], [ 78.8283674, 14.4352865 ], [ 78.8737982, 14.4301059 ], [ 78.87594, 14.4305158 ], [ 78.8835912, 14.4349215 ], [ 78.8884261, 14.439357 ] ] } },
{ "type": "Feature", "properties": { "name": "Kadapa Bypass Road", "highway": "trunk", "ref": null, "maxspeed": null }, "geometry": { "type": "LineString", "coordinates": [ [ 78.8884985, 14.4392856 ], [ 78.8837498, 14.4348792 ], [ 78.8765453, 14.4306919 ], [ 78.8738739, 14.4300009 ], [ 78.8283901, 14.4351747 ], [ 78.8117564, 14.4418493 ] ] } },
{ "type": "Feature", "properties": { "name": null, "highway": "secondary", "ref": "MDR0380", "maxspeed": null }, "geometry": { "type": "LineString", "coordinates": [ [ 78.862632, 14.4635515 ], [ 78.860584, 14.4644376 ] ] } },
{ "type": "Feature", "properties": { "name": null, "highway": "trunk", "ref": null, "maxspeed": null }, "geometry": { "type": "LineString", "coordinates": [ [ 78.862367, 14.4637171 ], [ 78.8615403, 14.464873 ] ] } },
{ "type": "Feature", "properties": { "name": null, "highway": "trunk", "ref": null, "maxspeed": null }, "geometry": { "type": "LineString", "coordinates": [ [ 78.8615403, 14.464873 ], [ 78.861698, 14.4659021 ] ] } },
{ "type": "Feature", "properties": { "name": null, "highway": "secondary", "ref": "MDR0380", "maxspeed": null }, "geometry": { "type": "LineString", "coordinates": [ [ 78.8616909, 14.4646092 ], [ 78.860249, 14.4645125 ], [ 78.8500565, 14.4697436 ], [ 78.8478454, 14.4700617 ] ] } },
{ "type": "Feature", "properties": { "name": "Madras Road", "highway": "trunk", "ref": "NH716", "maxspeed": null }, "geometry": { "type": "LineString", "coordinates": [ [ 78.8921211, 14.4429607 ], [ 78.8863504, 14.4468265 ], [ 78.8766685, 14.4566437 ], [ 78.862367, 14.4637171 ] ] } },
{ "type": "Feature", "properties": { "name": "Arts College Road", "highway": "secondary", "ref": "MDR0119", "maxspeed": "30" }, "geometry": { "type": "LineString", "coordinates": [ [ 78.8761728, 14.456952 ], [ 78.8688796, 14.4406896 ], [ 78.8561252, 14.4441819 ], [ 78.8481992, 14.4454644 ] ] } },
{ "type": "Feature", "properties": { "name": "Kadapa Bypass Road", "highway": "trunk", "ref": null, "maxspeed": null }, "geometry": { "type": "LineString", "coordinates": [ [ 78.8888526, 14.4396518 ], [ 78.8884985, 14.4392856 ] ] } },
{ "type": "Feature", "properties": { "name": "Kadapa Bypass Road", "highway": "trunk", "ref": null, "maxspeed": null }, "geometry": { "type": "LineString", "coordinates": [ [ 78.892222, 14.4428547 ], [ 78.8888526, 14.4396518 ] ] } },
{ "type": "Feature", "properties": { "name": "Kadapa Bypass Road", "highway": "trunk", "ref": null, "maxspeed": null }, "geometry": { "type": "LineString", "coordinates": [ [ 78.8884261, 14.439357 ], [ 78.8887654, 14.4396765 ] ] } },
{ "type": "Feature", "properties": { "name": "Kadapa Bypass Road", "highway": "trunk", "ref": null, "maxspeed": null }, "geometry": { "type": "LineString", "coordinates": [ [ 78.8887654, 14.4396765 ], [ 78.8921211, 14.4429607 ] ] } },
{ "type": "Feature", "properties": { "name": "Siddavatam - Nityapuja Kona Road", "highway": "secondary", "ref": "MDR0201", "maxspeed": null }, "geometry": { "type": "LineString", "coordinates": [ [ 78.9218178, 14.4793489 ], [ 78.9241093, 14.4887827 ], [ 78.9240011, 14.4969829 ], [ 78.9245785, 14.498328 ], [ 78.9319258, 14.5005955 ], [ 78.9378261, 14.5005536 ], [ 78.9405291, 14.5069052 ], [ 78.9433691, 14.5103604 ], [ 78.945787, 14.5158698 ], [ 78.9483095, 14.5225319 ], [ 78.9475661, 14.5266087 ], [ 78.9440656, 14.5295745 ], [ 78.9434459, 14.5309964 ], [ 78.94377, 14.5352697 ], [ 78.9452449, 14.5357341 ] ] } },
{ "type": "Feature", "properties": { "name": "Kadapa Bypass Road", "highway": "trunk", "ref": "NH716", "maxspeed": null }, "geometry": { "type": "LineString", "coordinates": [ [ 78.861698, 14.4659021 ], [ 78.862524, 14.4691261 ], [ 78.86195, 14.4719725 ], [ 78.8578961, 14.4761741 ], [ 78.8536736, 14.4861531 ], [ 78.8482316, 14.4933157 ] ] } },
{ "type": "Feature", "properties": { "name": "Madras Road", "highway": "secondary", "ref": "MDR0380", "maxspeed": null }, "geometry": { "type": "LineString", "coordinates": [ [ 78.861405, 14.4646422 ], [ 78.8616592, 14.4647164 ] ] } },
{ "type": "Feature", "properties": { "name": "Madras Road", "highway": "secondary", "ref": "MDR0380", "maxspeed": null }, "geometry": { "type": "LineString", "coordinates": [ [ 78.8612735, 14.4646113 ], [ 78.861405, 14.4646422 ] ] } },
{ "type": "Feature", "properties": { "name": "Madras Road", "highway": "trunk", "ref": "NH716", "maxspeed": null }, "geometry": { "type": "LineString", "coordinates": [ [ 78.8616127, 14.4649306 ], [ 78.862367, 14.4637171 ] ] } },
{ "type": "Feature", "properties": { "name": "Kadapa Bypass Road", "highway": "trunk", "ref": "NH716", "maxspeed": null }, "geometry": { "type": "LineString", "coordinates": [ [ 78.861698, 14.4659021 ], [ 78.8616127, 14.4649306 ] ] } },
{ "type": "Feature", "properties": { "name": "Kadapa - Porumamilla Road", "highway": "primary", "ref": "SH56", "maxspeed": null }, "geometry": { "type": "LineString", "coordinates": [ [ 79.0295147, 14.8379172 ], [ 79.0237659, 14.8540704 ], [ 79.0160154, 14.8861941 ], [ 79.005294, 14.9192974 ], [ 79.0005895, 14.9594452 ], [ 78.995239, 14.9782873 ] ] } },
{ "type": "Feature", "properties": { "name": "Kadapa - Porumamilla Road", "highway": "primary", "ref": "SH56", "maxspeed": null }, "geometry": { "type": "LineString", "coordinates": [ [ 79.0620469, 14.7412977 ], [ 79.0628521, 14.7476431 ], [ 79.0654403, 14.7492863 ], [ 79.0683889, 14.7549997 ], [ 79.0722263, 14.7573996 ] ] } },
{ "type": "Feature", "properties": { "name": null, "highway": "secondary", "ref": "MDR0132", "maxspeed": null }, "geometry": { "type": "LineString", "coordinates": [ [ 79.1691168, 14.5872684 ], [ 79.1691212, 14.5902164 ], [ 79.1674844, 14.5910029 ], [ 79.1633029, 14.5962246 ], [ 79.1628724, 14.5994704 ], [ 79.1606878, 14.6035416 ], [ 79.1583154, 14.6138795 ], [ 79.1599829, 14.6187284 ], [ 79.1569859, 14.6215998 ], [ 79.1570594, 14.6246836 ], [ 79.155253, 14.6304067 ], [ 79.1552988, 14.6408843 ], [ 79.1569736, 14.6458188 ], [ 79.1558015, 14.6507083 ], [ 79.1596773, 14.6550867 ], [ 79.1581582, 14.6595655 ], [ 79.1521733, 14.661539 ], [ 79.1523031, 14.6640432 ], [ 79.1547331, 14.6654251 ], [ 79.1562706, 14.6717512 ], [ 79.1556898, 14.6750462 ], [ 79.1562436, 14.67861 ], [ 79.1544925, 14.6835279 ], [ 79.1537181, 14.6974099 ], [ 79.1561253, 14.706849 ] ] } },
{ "type": "Feature", "properties": { "name": null, "highway": "trunk", "ref": "NH67", "maxspeed": null }, "geometry": { "type": "LineString", "coordinates": [ [ 78.8223124, 14.7138082 ], [ 78.8354843, 14.7091601 ], [ 78.8524462, 14.7057473 ], [ 78.8621901, 14.7089588 ], [ 78.8822633, 14.707803 ], [ 78.8914996, 14.7084936 ], [ 78.9171942, 14.7128694 ], [ 78.9437456, 14.7188734 ], [ 78.9495688, 14.7182416 ], [ 78.9583568, 14.7158764 ], [ 78.9647227, 14.7155385 ], [ 78.9720513, 14.716417 ], [ 78.9745666, 14.7177686 ], [ 78.9812042, 14.7193078 ], [ 78.9901649, 14.7200259 ] ] } },
{ "type": "Feature", "properties": { "name": null, "highway": "trunk", "ref": "NH67", "maxspeed": null }, "geometry": { "type": "LineString", "coordinates": [ [ 79.0177654, 14.7222436 ], [ 79.0195781, 14.7225815 ] ] } },
{ "type": "Feature", "properties": { "name": "Badvel Main Road", "highway": "primary", "ref": null, "maxspeed": null }, "geometry": { "type": "LineString", "coordinates": [ [ 79.0380058, 14.7279359 ], [ 79.0515393, 14.7378269 ], [ 79.0579146, 14.7396489 ], [ 79.0659812, 14.7403125 ], [ 79.0722343, 14.7425594 ] ] } },
{ "type": "Feature", "properties": { "name": null, "highway": "trunk", "ref": "NH67", "maxspeed": null }, "geometry": { "type": "LineString", "coordinates": [ [ 79.1839545, 14.6926368 ], [ 79.181008, 14.6939729 ], [ 79.1709942, 14.6956921 ], [ 79.1644931, 14.7003836 ], [ 79.1609887, 14.7045832 ], [ 79.1561253, 14.706849 ], [ 79.1374225, 14.7215555 ], [ 79.1278589, 14.7279567 ], [ 79.0941343, 14.7443546 ], [ 79.089336, 14.744896 ] ] } },
{ "type": "Feature", "properties": { "name": "Nagasanipalli - Mallepalle Road", "highway": "primary", "ref": "SH418", "maxspeed": null }, "geometry": { "type": "LineString", "coordinates": [ [ 78.8712322, 14.8827589 ], [ 78.8758186, 14.8757313 ], [ 78.8751842, 14.871223 ], [ 78.8754835, 14.8617182 ], [ 78.8744961, 14.8596107 ], [ 78.8757159, 14.8563847 ], [ 78.8741655, 14.8529125 ], [ 78.8760733, 14.8449962 ], [ 78.875488, 14.8424654 ], [ 78.8777041, 14.8347344 ], [ 78.8784349, 14.8216176 ], [ 78.8797692, 14.8201867 ], [ 78.8787041, 14.8156971 ] ] } },
{ "type": "Feature", "properties": { "name": "Nagasanipalli - Mallepalle Road", "highway": "primary", "ref": "SH418", "maxspeed": null }, "geometry": { "type": "LineString", "coordinates": [ [ 78.8683516, 14.8143478 ], [ 78.8701732, 14.8165583 ], [ 78.8738858, 14.8149147 ], [ 78.8787041, 14.8156971 ] ] } },
{ "type": "Feature", "properties": { "name": "Nagasanipalli - Mallepalle Road", "highway": "primary", "ref": "SH418", "maxspeed": null }, "geometry": { "type": "LineString", "coordinates": [ [ 78.8095583, 14.7908478 ], [ 78.8145601, 14.7917108 ], [ 78.8188319, 14.7893935 ], [ 78.8217371, 14.7898276 ], [ 78.8229586, 14.7905298 ], [ 78.824015, 14.7935685 ], [ 78.8279001, 14.793605 ], [ 78.8269083, 14.7943104 ], [ 78.8279993, 14.7950417 ], [ 78.8277256, 14.7963007 ], [ 78.8284651, 14.7970476 ], [ 78.8296668, 14.7970029 ], [ 78.8316938, 14.7952474 ], [ 78.8331332, 14.7961539 ], [ 78.8337447, 14.7946835 ], [ 78.8346518, 14.7968242 ], [ 78.8385341, 14.7979477 ], [ 78.8398282, 14.8017204 ], [ 78.8417958, 14.8035524 ], [ 78.8467411, 14.8048419 ], [ 78.8484116, 14.8020332 ], [ 78.8563347, 14.8050653 ], [ 78.8654325, 14.8104334 ], [ 78.8681607, 14.81405 ] ] } },
{ "type": "Feature", "properties": { "name": "Nagasanipalli - Mallepalle Road", "highway": "primary", "ref": "SH418", "maxspeed": null }, "geometry": { "type": "LineString", "coordinates": [ [ 78.8681607, 14.81405 ], [ 78.8683516, 14.8143478 ] ] } },
{ "type": "Feature", "properties": { "name": null, "highway": "secondary", "ref": "MDR08", "maxspeed": null }, "geometry": { "type": "LineString", "coordinates": [ [ 78.9323505, 14.8250437 ], [ 78.9205885, 14.8250886 ], [ 78.9138769, 14.8281904 ], [ 78.912055, 14.8313614 ], [ 78.9079821, 14.8315935 ], [ 78.9064982, 14.8359319 ], [ 78.903881, 14.833776 ], [ 78.9012806, 14.8336827 ], [ 78.8942586, 14.8245765 ], [ 78.8899161, 14.8212368 ], [ 78.8880305, 14.8208271 ], [ 78.8838136, 14.8216104 ], [ 78.8796829, 14.8205281 ] ] } },
{ "type": "Feature", "properties": { "name": "Kadapa - Porumamilla Road", "highway": "primary", "ref": "SH56", "maxspeed": null }, "geometry": { "type": "LineString", "coordinates": [ [ 79.0495967, 14.6790402 ], [ 79.0498584, 14.6804951 ] ] } },
{ "type": "Feature", "properties": { "name": "Kadapa - Porumamilla Road", "highway": "primary", "ref": "SH56", "maxspeed": null }, "geometry": { "type": "LineString", "coordinates": [ [ 79.0582282, 14.7122332 ], [ 79.0595135, 14.7165775 ], [ 79.0597689, 14.734357 ], [ 79.0620469, 14.7412977 ] ] } },
{ "type": "Feature", "properties": { "name": null, "highway": "secondary", "ref": "MDR08", "maxspeed": null }, "geometry": { "type": "LineString", "coordinates": [ [ 79.0081198, 14.7211437 ], [ 79.0048255, 14.7257682 ], [ 78.9979055, 14.7319877 ], [ 78.9966868, 14.7370605 ], [ 78.9923416, 14.7383964 ], [ 78.9915638, 14.742985 ], [ 78.9907108, 14.7441458 ], [ 78.9918642, 14.7462909 ], [ 78.9914672, 14.7539699 ], [ 78.9927761, 14.7576492 ], [ 78.9913626, 14.759221 ], [ 78.9912607, 14.7631582 ], [ 78.9897144, 14.7666868 ], [ 78.9835171, 14.769165 ], [ 78.9795359, 14.7740428 ] ] } },
{ "type": "Feature", "properties": { "name": null, "highway": "secondary", "ref": "MDR027", "maxspeed": null }, "geometry": { "type": "LineString", "coordinates": [ [ 79.0485781, 14.7998496 ], [ 79.0515071, 14.8015721 ], [ 79.0515225, 14.8063171 ], [ 79.0526504, 14.8079182 ], [ 79.0526276, 14.8104558 ], [ 79.0517376, 14.8138755 ], [ 79.0518664, 14.8226502 ], [ 79.0502672, 14.8251529 ], [ 79.0483575, 14.8375468 ], [ 79.0472927, 14.8392831 ], [ 79.0475099, 14.8438627 ], [ 79.0491627, 14.8447722 ], [ 79.0509544, 14.8433721 ], [ 79.0565119, 14.8426773 ], [ 79.0577667, 14.8497324 ], [ 79.0567367, 14.8529888 ], [ 79.0537756, 14.8567532 ], [ 79.0495055, 14.8592835 ], [ 79.046437, 14.8634626 ], [ 79.0488403, 14.8729715 ], [ 79.0478532, 14.8755742 ], [ 79.0456109, 14.8764348 ], [ 79.04559, 14.8779866 ], [ 79.0468662, 14.8786953 ], [ 79.0465878, 14.881004 ], [ 79.0452569, 14.882677 ], [ 79.0422421, 14.882677 ], [ 79.0403221, 14.8837829 ], [ 79.0400861, 14.8887184 ], [ 79.0435724, 14.8914386 ], [ 79.043669, 14.9015165 ], [ 79.0434759, 14.9029681 ], [ 79.0413837, 14.903445 ], [ 79.0401719, 14.905235 ], [ 79.0383266, 14.9056912 ], [ 79.0391736, 14.9130455 ], [ 79.0427034, 14.9127427 ], [ 79.0449994, 14.9139371 ], [ 79.0456646, 14.9219717 ], [ 79.0433042, 14.9240243 ], [ 79.0414374, 14.9245427 ], [ 79.0402256, 14.9274832 ], [ 79.0393345, 14.9276009 ], [ 79.0372531, 14.9311152 ], [ 79.0332298, 14.9338001 ], [ 79.0301802, 14.9343818 ], [ 79.0296464, 14.9490279 ], [ 79.0281229, 14.9513498 ], [ 79.0283911, 14.9590202 ], [ 79.0251832, 14.964379 ], [ 79.0245722, 14.9687183 ], [ 79.021868, 14.9698206 ], [ 79.0210419, 14.9724635 ], [ 79.0208452, 14.9782668 ] ] } },
{ "type": "Feature", "properties": { "name": null, "highway": "trunk", "ref": "NH67", "maxspeed": null }, "geometry": { "type": "LineString", "coordinates": [ [ 78.9903796, 14.7200407 ], [ 78.9993314, 14.7210573 ], [ 79.0127852, 14.7213201 ], [ 79.0177654, 14.7222436 ] ] } },
{ "type": "Feature", "properties": { "name": null, "highway": "trunk", "ref": "NH67", "maxspeed": null }, "geometry": { "type": "LineString", "coordinates": [ [ 78.9901649, 14.7200259 ], [ 78.9903796, 14.7200407 ] ] } },
{ "type": "Feature", "properties": { "name": null, "highway": "secondary", "ref": "MDR0220", "maxspeed": null }, "geometry": { "type": "LineString", "coordinates": [ [ 78.9324358, 14.8676718 ], [ 78.9316982, 14.8533495 ], [ 78.9344783, 14.8507738 ], [ 78.9421816, 14.847113 ], [ 78.9545453, 14.8363079 ], [ 78.9554948, 14.8329855 ], [ 78.9537406, 14.8324731 ] ] } },
{ "type": "Feature", "properties": { "name": null, "highway": "secondary", "ref": "MDR0209", "maxspeed": null }, "geometry": { "type": "LineString", "coordinates": [ [ 78.9973734, 14.8377328 ], [ 79.0004325, 14.8388127 ], [ 79.0041071, 14.8380373 ], [ 79.021579, 14.841566 ] ] } },
{ "type": "Feature", "properties": { "name": null, "highway": "secondary", "ref": "MDR025", "maxspeed": null }, "geometry": { "type": "LineString", "coordinates": [ [ 79.0664108, 14.5725043 ], [ 79.0671109, 14.5768641 ], [ 79.0663699, 14.5800168 ], [ 79.0669164, 14.5810623 ], [ 79.0662935, 14.5818553 ], [ 79.0664906, 14.5870186 ] ] } },
{ "type": "Feature", "properties": { "name": null, "highway": "secondary", "ref": "MDR0118", "maxspeed": null }, "geometry": { "type": "LineString", "coordinates": [ [ 79.0516841, 14.6915829 ], [ 79.0467583, 14.6974832 ], [ 79.0410257, 14.7096469 ], [ 79.0424748, 14.7111672 ], [ 79.0414502, 14.7162273 ], [ 79.0426793, 14.7175931 ], [ 79.0384264, 14.7278688 ] ] } },
{ "type": "Feature", "properties": { "name": null, "highway": "secondary", "ref": null, "maxspeed": null }, "geometry": { "type": "LineString", "coordinates": [ [ 79.0722914, 14.7424977 ], [ 79.0715591, 14.7533117 ], [ 79.0722263, 14.7573996 ] ] } },
{ "type": "Feature", "properties": { "name": null, "highway": "secondary", "ref": "MDR0209", "maxspeed": null }, "geometry": { "type": "LineString", "coordinates": [ [ 79.0476652, 14.7350086 ], [ 79.0403116, 14.7378123 ] ] } },
{ "type": "Feature", "properties": { "name": null, "highway": "secondary", "ref": "MDR0209", "maxspeed": null }, "geometry": { "type": "LineString", "coordinates": [ [ 79.0403116, 14.7378123 ], [ 79.0404081, 14.739768 ], [ 79.0378386, 14.7415784 ], [ 79.0384287, 14.7431139 ], [ 79.0379673, 14.7440269 ], [ 79.0358323, 14.7444108 ], [ 79.0353441, 14.7489914 ], [ 79.0287405, 14.7512506 ], [ 79.0229148, 14.7501275 ] ] } },
{ "type": "Feature", "properties": { "name": null, "highway": "secondary", "ref": "MDR0209", "maxspeed": null }, "geometry": { "type": "LineString", "coordinates": [ [ 79.0229148, 14.7501275 ], [ 79.0198839, 14.7545421 ], [ 79.0200448, 14.7571307 ], [ 79.0187252, 14.7609539 ], [ 79.0155494, 14.7661674 ], [ 79.0137698, 14.7673411 ] ] } },
{ "type": "Feature", "properties": { "name": null, "highway": "secondary", "ref": "MDR0107", "maxspeed": null }, "geometry": { "type": "LineString", "coordinates": [ [ 79.04175, 14.7749995 ], [ 79.0407112, 14.7820568 ], [ 79.0416688, 14.783072 ], [ 79.0472907, 14.784462 ], [ 79.0491567, 14.7905548 ] ] } },
{ "type": "Feature", "properties": { "name": null, "highway": "secondary", "ref": "MDR0107", "maxspeed": null }, "geometry": { "type": "LineString", "coordinates": [ [ 79.0531212, 14.7641637 ], [ 79.0547687, 14.7639264 ], [ 79.0576172, 14.7618877 ] ] } },
{ "type": "Feature", "properties": { "name": null, "highway": "secondary", "ref": "MDR0107", "maxspeed": null }, "geometry": { "type": "LineString", "coordinates": [ [ 79.0625632, 14.747047 ], [ 79.0606588, 14.7483586 ], [ 79.05994, 14.7523737 ], [ 79.0605515, 14.7555278 ], [ 79.0576172, 14.7618877 ] ] } },
{ "type": "Feature", "properties": { "name": null, "highway": "secondary", "ref": "MDR0107", "maxspeed": null }, "geometry": { "type": "LineString", "coordinates": [ [ 79.0501901, 14.7651131 ], [ 79.0533364, 14.7653167 ] ] } },
{ "type": "Feature", "properties": { "name": null, "highway": "secondary", "ref": "MDR0107", "maxspeed": null }, "geometry": { "type": "LineString", "coordinates": [ [ 79.0531212, 14.7641637 ], [ 79.0533364, 14.7653167 ] ] } },
{ "type": "Feature", "properties": { "name": null, "highway": "secondary", "ref": "MDR0107", "maxspeed": null }, "geometry": { "type": "LineString", "coordinates": [ [ 79.0431252, 14.7685122 ], [ 79.0443993, 14.7675058 ], [ 79.0496188, 14.7667588 ], [ 79.0501901, 14.7651131 ] ] } },
{ "type": "Feature", "properties": { "name": null, "highway": "secondary", "ref": "MDR0107", "maxspeed": null }, "geometry": { "type": "LineString", "coordinates": [ [ 79.0397282, 14.7675813 ], [ 79.0408949, 14.7730941 ] ] } },
{ "type": "Feature", "properties": { "name": null, "highway": "secondary", "ref": "MDR0107", "maxspeed": null }, "geometry": { "type": "LineString", "coordinates": [ [ 79.0408949, 14.7730941 ], [ 79.04175, 14.7749995 ] ] } },
{ "type": "Feature", "properties": { "name": null, "highway": "secondary", "ref": "MDR0209", "maxspeed": null }, "geometry": { "type": "LineString", "coordinates": [ [ 78.9976845, 14.8361565 ], [ 78.9973734, 14.8377328 ] ] } },
{ "type": "Feature", "properties": { "name": null, "highway": "secondary", "ref": "MDR111", "maxspeed": null }, "geometry": { "type": "LineString", "coordinates": [ [ 78.9973734, 14.8377328 ], [ 78.9956957, 14.8412292 ], [ 78.9947556, 14.8505644 ] ] } },
{ "type": "Feature", "properties": { "name": null, "highway": "secondary", "ref": "MDR0209", "maxspeed": null }, "geometry": { "type": "LineString", "coordinates": [ [ 78.9966546, 14.8170633 ], [ 78.9953363, 14.8244022 ], [ 78.9959317, 14.8332383 ], [ 78.9963877, 14.8349962 ], [ 78.9976845, 14.8361565 ] ] } },
{ "type": "Feature", "properties": { "name": null, "highway": "secondary", "ref": "MDR0209", "maxspeed": null }, "geometry": { "type": "LineString", "coordinates": [ [ 78.9966546, 14.8170633 ], [ 78.9948428, 14.81068 ], [ 78.9964306, 14.7974595 ], [ 79.0015966, 14.7838345 ], [ 79.0104532, 14.7755775 ], [ 79.0129195, 14.7665935 ], [ 79.0137698, 14.7673411 ] ] } },
{ "type": "Feature", "properties": { "name": null, "highway": "secondary", "ref": "MDR0220", "maxspeed": null }, "geometry": { "type": "LineString", "coordinates": [ [ 78.9536145, 14.8319792 ], [ 78.9531264, 14.8312843 ] ] } },
{ "type": "Feature", "properties": { "name": null, "highway": "secondary", "ref": "MDR0220", "maxspeed": null }, "geometry": { "type": "LineString", "coordinates": [ [ 78.9537406, 14.8324731 ], [ 78.9536145, 14.8319792 ] ] } },
{ "type": "Feature", "properties": { "name": null, "highway": "secondary", "ref": "MDR0130", "maxspeed": null }, "geometry": { "type": "LineString", "coordinates": [ [ 78.9807719, 14.8379623 ], [ 78.9777893, 14.8399121 ], [ 78.9747235, 14.8390461 ] ] } },
{ "type": "Feature", "properties": { "name": "Godlaveedu Road", "highway": "secondary", "ref": "MDR0243", "maxspeed": null }, "geometry": { "type": "LineString", "coordinates": [ [ 78.9554948, 14.8329855 ], [ 78.9623398, 14.8335131 ], [ 78.9741254, 14.8393948 ] ] } },
{ "type": "Feature", "properties": { "name": null, "highway": "secondary", "ref": "MDR0130", "maxspeed": null }, "geometry": { "type": "LineString", "coordinates": [ [ 78.9636487, 14.8442238 ], [ 78.9690976, 14.8408517 ], [ 78.9747235, 14.8390461 ] ] } },
{ "type": "Feature", "properties": { "name": null, "highway": "secondary", "ref": "MDR090", "maxspeed": null }, "geometry": { "type": "LineString", "coordinates": [ [ 78.9636487, 14.8442238 ], [ 78.9645982, 14.8468866 ], [ 78.9635601, 14.8606943 ] ] } },
{ "type": "Feature", "properties": { "name": null, "highway": "secondary", "ref": "MDR0130", "maxspeed": null }, "geometry": { "type": "LineString", "coordinates": [ [ 78.9449658, 14.8653213 ], [ 78.9461708, 14.8649215 ], [ 78.9498729, 14.8598556 ], [ 78.9560205, 14.8550745 ], [ 78.9612025, 14.8461088 ], [ 78.9627582, 14.844242 ], [ 78.9636487, 14.8442238 ] ] } },
{ "type": "Feature", "properties": { "name": null, "highway": "secondary", "ref": "MDR090", "maxspeed": null }, "geometry": { "type": "LineString", "coordinates": [ [ 78.963998, 14.8796921 ], [ 78.964904, 14.8752484 ], [ 78.9635601, 14.8606943 ] ] } },
{ "type": "Feature", "properties": { "name": null, "highway": "secondary", "ref": "MDR0111", "maxspeed": null }, "geometry": { "type": "LineString", "coordinates": [ [ 78.9881793, 14.8581276 ], [ 78.9914203, 14.8543849 ], [ 78.9924348, 14.8514927 ], [ 78.9947556, 14.8505644 ] ] } },
{ "type": "Feature", "properties": { "name": null, "highway": "secondary", "ref": "MDR0111", "maxspeed": null }, "geometry": { "type": "LineString", "coordinates": [ [ 78.9774621, 14.8778406 ], [ 78.9744902, 14.8756217 ], [ 78.9750803, 14.8701987 ], [ 78.9766091, 14.8686848 ], [ 78.974973, 14.8625463 ] ] } },
{ "type": "Feature", "properties": { "name": null, "highway": "secondary", "ref": "MDR0111", "maxspeed": null }, "geometry": { "type": "LineString", "coordinates": [ [ 78.9881793, 14.8581276 ], [ 78.9856803, 14.8578592 ], [ 78.9845324, 14.8563398 ], [ 78.9809704, 14.8577814 ], [ 78.9785081, 14.8599178 ] ] } },
{ "type": "Feature", "properties": { "name": null, "highway": "secondary", "ref": "MDR0111", "maxspeed": null }, "geometry": { "type": "LineString", "coordinates": [ [ 78.9785081, 14.8599178 ], [ 78.974973, 14.8625463 ] ] } },
{ "type": "Feature", "properties": { "name": null, "highway": "secondary", "ref": "MDR025", "maxspeed": null }, "geometry": { "type": "LineString", "coordinates": [ [ 79.0787235, 14.5835341 ], [ 79.0775017, 14.5844167 ] ] } },
{ "type": "Feature", "properties": { "name": null, "highway": "secondary", "ref": "MDR025", "maxspeed": null }, "geometry": { "type": "LineString", "coordinates": [ [ 79.0815144, 14.5829821 ], [ 79.0787235, 14.5835341 ] ] } },
{ "type": "Feature", "properties": { "name": null, "highway": "secondary", "ref": "MDR087", "maxspeed": null }, "geometry": { "type": "LineString", "coordinates": [ [ 79.0664906, 14.5870186 ], [ 79.0689321, 14.6067614 ], [ 79.0682602, 14.6081746 ], [ 79.065932, 14.6086963 ], [ 79.0642919, 14.6080812 ], [ 79.0640431, 14.6097851 ] ] } },
{ "type": "Feature", "properties": { "name": null, "highway": "secondary", "ref": "MDR025", "maxspeed": null }, "geometry": { "type": "LineString", "coordinates": [ [ 79.0775017, 14.5844167 ], [ 79.0697622, 14.5868687 ], [ 79.0664906, 14.5870186 ] ] } },
{ "type": "Feature", "properties": { "name": null, "highway": "secondary", "ref": "MDR025", "maxspeed": null }, "geometry": { "type": "LineString", "coordinates": [ [ 79.0800605, 14.6335148 ], [ 79.0819113, 14.6337665 ], [ 79.085716, 14.6270057 ], [ 79.0889829, 14.6231647 ], [ 79.0926857, 14.6229922 ], [ 79.0917885, 14.6126538 ], [ 79.0924075, 14.6103615 ] ] } },
{ "type": "Feature", "properties": { "name": null, "highway": "secondary", "ref": "MDR025", "maxspeed": null }, "geometry": { "type": "LineString", "coordinates": [ [ 79.0605944, 14.6801626 ], [ 79.0653902, 14.674214 ], [ 79.0653151, 14.6715362 ], [ 79.0669298, 14.6692372 ], [ 79.0674233, 14.665912 ], [ 79.0745621, 14.6473996 ], [ 79.074778, 14.6427851 ] ] } },
{ "type": "Feature", "properties": { "name": null, "highway": "secondary", "ref": "MDR025", "maxspeed": null }, "geometry": { "type": "LineString", "coordinates": [ [ 79.074778, 14.6427851 ], [ 79.0743703, 14.6399251 ], [ 79.0712153, 14.6386333 ], [ 79.0717471, 14.6328659 ], [ 79.0757757, 14.6329801 ], [ 79.0778679, 14.6342206 ], [ 79.0800605, 14.6335148 ] ] } },
{ "type": "Feature", "properties": { "name": null, "highway": "secondary", "ref": "MDR025", "maxspeed": null }, "geometry": { "type": "LineString", "coordinates": [ [ 79.0924075, 14.6103615 ], [ 79.089278, 14.598015 ], [ 79.0873039, 14.597662 ], [ 79.0841013, 14.5902744 ], [ 79.0822828, 14.5886286 ], [ 79.0815144, 14.5829821 ] ] } },
{ "type": "Feature", "properties": { "name": null, "highway": "secondary", "ref": "MDR025", "maxspeed": null }, "geometry": { "type": "LineString", "coordinates": [ [ 79.0605944, 14.6801626 ], [ 79.058438, 14.6799719 ] ] } },
{ "type": "Feature", "properties": { "name": null, "highway": "secondary", "ref": "MDR025", "maxspeed": null }, "geometry": { "type": "LineString", "coordinates": [ [ 79.058438, 14.6799719 ], [ 79.0561285, 14.683109 ], [ 79.0558469, 14.6881948 ], [ 79.0522033, 14.6932702 ] ] } },
{ "type": "Feature", "properties": { "name": null, "highway": "secondary", "ref": "MDR0210", "maxspeed": null }, "geometry": { "type": "LineString", "coordinates": [ [ 79.0806949, 14.5518546 ], [ 79.0810717, 14.5553545 ], [ 79.0828621, 14.5599083 ], [ 79.0842689, 14.560425 ] ] } },
{ "type": "Feature", "properties": { "name": null, "highway": "secondary", "ref": "MDR0201", "maxspeed": null }, "geometry": { "type": "LineString", "coordinates": [ [ 79.0850313, 14.5621788 ], [ 79.0851393, 14.5624332 ] ] } },
{ "type": "Feature", "properties": { "name": null, "highway": "secondary", "ref": "MDR0210", "maxspeed": null }, "geometry": { "type": "LineString", "coordinates": [ [ 79.0842689, 14.560425 ], [ 79.0850313, 14.5621788 ] ] } },
{ "type": "Feature", "properties": { "name": null, "highway": "secondary", "ref": "MDR0210", "maxspeed": null }, "geometry": { "type": "LineString", "coordinates": [ [ 79.0818865, 14.5750786 ], [ 79.0850173, 14.5742514 ], [ 79.0859038, 14.5714757 ], [ 79.0876365, 14.5693575 ], [ 79.0895046, 14.568584 ] ] } },
{ "type": "Feature", "properties": { "name": null, "highway": "secondary", "ref": "MDR0210", "maxspeed": null }, "geometry": { "type": "LineString", "coordinates": [ [ 79.0851393, 14.5624332 ], [ 79.0865153, 14.5653132 ], [ 79.0879154, 14.5650225 ], [ 79.0895046, 14.568584 ] ] } },
{ "type": "Feature", "properties": { "name": "Kadapa - Porumamilla Road", "highway": "primary", "ref": "SH56", "maxspeed": null }, "geometry": { "type": "LineString", "coordinates": [ [ 79.0444364, 14.6612709 ], [ 79.0490433, 14.6684 ], [ 79.0495967, 14.6790402 ] ] } },
{ "type": "Feature", "properties": { "name": "Kadapa - Porumamilla Road", "highway": "primary", "ref": "SH56", "maxspeed": null }, "geometry": { "type": "LineString", "coordinates": [ [ 79.0442674, 14.6611395 ], [ 79.0444364, 14.6612709 ] ] } },
{ "type": "Feature", "properties": { "name": null, "highway": "secondary", "ref": "MDR087", "maxspeed": null }, "geometry": { "type": "LineString", "coordinates": [ [ 79.0611792, 14.6188721 ], [ 79.0629172, 14.6189084 ], [ 79.0643013, 14.6163131 ] ] } },
{ "type": "Feature", "properties": { "name": null, "highway": "secondary", "ref": "MDR087", "maxspeed": null }, "geometry": { "type": "LineString", "coordinates": [ [ 79.0611792, 14.6188721 ], [ 79.0603316, 14.6236007 ], [ 79.0579659, 14.6250229 ], [ 79.0541893, 14.6247063 ], [ 79.0470234, 14.6225832 ] ] } },
{ "type": "Feature", "properties": { "name": null, "highway": "secondary", "ref": "MDR0207", "maxspeed": null }, "geometry": { "type": "LineString", "coordinates": [ [ 79.0655136, 14.5564806 ], [ 79.0661372, 14.55857 ] ] } },
{ "type": "Feature", "properties": { "name": null, "highway": "secondary", "ref": "MDR0207", "maxspeed": null }, "geometry": { "type": "LineString", "coordinates": [ [ 79.0655136, 14.5564806 ], [ 79.056958, 14.5582098 ], [ 79.0543516, 14.5579741 ] ] } },
{ "type": "Feature", "properties": { "name": null, "highway": "secondary", "ref": "MDR025", "maxspeed": null }, "geometry": { "type": "LineString", "coordinates": [ [ 79.054422, 14.5719008 ], [ 79.0534866, 14.5702297 ], [ 79.0539372, 14.5677429 ], [ 79.0525559, 14.5661157 ], [ 79.0526099, 14.5627427 ] ] } },
{ "type": "Feature", "properties": { "name": null, "highway": "secondary", "ref": "MDR087", "maxspeed": null }, "geometry": { "type": "LineString", "coordinates": [ [ 79.0661372, 14.55857 ], [ 79.0659267, 14.5623177 ], [ 79.0671015, 14.5693679 ], [ 79.0664108, 14.5725043 ] ] } },
{ "type": "Feature", "properties": { "name": null, "highway": "secondary", "ref": "MDR025", "maxspeed": null }, "geometry": { "type": "LineString", "coordinates": [ [ 79.0526099, 14.5627427 ], [ 79.0535871, 14.561731 ], [ 79.0543516, 14.5579741 ] ] } },
{ "type": "Feature", "properties": { "name": null, "highway": "secondary", "ref": "MDR025", "maxspeed": null }, "geometry": { "type": "LineString", "coordinates": [ [ 79.0310103, 14.5576121 ], [ 79.0499394, 14.556567 ], [ 79.0543516, 14.5579741 ] ] } },
{ "type": "Feature", "properties": { "name": "Badvel Main Road", "highway": "primary", "ref": null, "maxspeed": null }, "geometry": { "type": "LineString", "coordinates": [ [ 79.0833155, 14.744496 ], [ 79.078977, 14.7427036 ], [ 79.0731619, 14.742771 ], [ 79.066392, 14.7403185 ], [ 79.057931, 14.7395585 ], [ 79.0513368, 14.7376532 ], [ 79.0384806, 14.7278041 ], [ 79.0376209, 14.7279907 ] ] } },
{ "type": "Feature", "properties": { "name": "Badvel Main Road", "highway": "primary", "ref": null, "maxspeed": null }, "geometry": { "type": "LineString", "coordinates": [ [ 79.0722343, 14.7425594 ], [ 79.0789622, 14.7427931 ], [ 79.0832779, 14.7445829 ] ] } },
{ "type": "Feature", "properties": { "name": null, "highway": "trunk", "ref": "NH67", "maxspeed": null }, "geometry": { "type": "LineString", "coordinates": [ [ 79.0195781, 14.7225815 ], [ 79.0302654, 14.7247236 ] ] } },
{ "type": "Feature", "properties": { "name": null, "highway": "secondary", "ref": null, "maxspeed": null }, "geometry": { "type": "LineString", "coordinates": [ [ 79.0852801, 14.7605074 ], [ 79.0851478, 14.7603531 ] ] } },
{ "type": "Feature", "properties": { "name": null, "highway": "trunk", "ref": "NH67", "maxspeed": null }, "geometry": { "type": "LineString", "coordinates": [ [ 79.0359208, 14.7259489 ], [ 79.0302654, 14.7247236 ] ] } },
{ "type": "Feature", "properties": { "name": null, "highway": "trunk", "ref": "NH67", "maxspeed": null }, "geometry": { "type": "LineString", "coordinates": [ [ 79.0360817, 14.7260254 ], [ 79.0359208, 14.7259489 ] ] } },
{ "type": "Feature", "properties": { "name": null, "highway": "trunk", "ref": "NH67", "maxspeed": null }, "geometry": { "type": "LineString", "coordinates": [ [ 79.0358925, 14.7260319 ], [ 79.0360534, 14.7261048 ] ] } },
{ "type": "Feature", "properties": { "name": null, "highway": "trunk", "ref": "NH67", "maxspeed": null }, "geometry": { "type": "LineString", "coordinates": [ [ 79.0302654, 14.7247236 ], [ 79.0358925, 14.7260319 ] ] } },
{ "type": "Feature", "properties": { "name": "Kadapa - Porumamilla Road", "highway": "primary", "ref": "SH56", "maxspeed": null }, "geometry": { "type": "LineString", "coordinates": [ [ 79.0498584, 14.6804951 ], [ 79.0516533, 14.6914757 ], [ 79.0582282, 14.7122332 ] ] } },
{ "type": "Feature", "properties": { "name": null, "highway": "primary", "ref": "SH55", "maxspeed": null }, "geometry": { "type": "LineString", "coordinates": [ [ 79.0620469, 14.7412977 ], [ 79.0598461, 14.7343407 ], [ 79.0596047, 14.7165931 ], [ 79.0582282, 14.7122332 ] ] } },
{ "type": "Feature", "properties": { "name": "Badvel Main Road", "highway": "primary", "ref": null, "maxspeed": null }, "geometry": { "type": "LineString", "coordinates": [ [ 79.0834375, 14.7446373 ], [ 79.0858714, 14.7452895 ] ] } },
{ "type": "Feature", "properties": { "name": "Badvel Main Road", "highway": "primary", "ref": null, "maxspeed": null }, "geometry": { "type": "LineString", "coordinates": [ [ 79.0832779, 14.7445829 ], [ 79.0834375, 14.7446373 ] ] } },
{ "type": "Feature", "properties": { "name": "Badvel Main Road", "highway": "primary", "ref": null, "maxspeed": null }, "geometry": { "type": "LineString", "coordinates": [ [ 79.083475, 14.7445556 ], [ 79.0833155, 14.744496 ] ] } },
{ "type": "Feature", "properties": { "name": "Badvel Main Road", "highway": "primary", "ref": null, "maxspeed": null }, "geometry": { "type": "LineString", "coordinates": [ [ 79.0859032, 14.7451776 ], [ 79.083475, 14.7445556 ] ] } },
{ "type": "Feature", "properties": { "name": null, "highway": "secondary", "ref": "MDR0107", "maxspeed": null }, "geometry": { "type": "LineString", "coordinates": [ [ 79.0397282, 14.7675813 ], [ 79.0397964, 14.7670578 ], [ 79.0418565, 14.7675317 ], [ 79.0431252, 14.7685122 ] ] } },
{ "type": "Feature", "properties": { "name": null, "highway": "secondary", "ref": "MDR0220", "maxspeed": null }, "geometry": { "type": "LineString", "coordinates": [ [ 78.9531264, 14.8312843 ], [ 78.9523381, 14.8300758 ], [ 78.9509209, 14.8297224 ], [ 78.9499286, 14.8271585 ] ] } },
{ "type": "Feature", "properties": { "name": null, "highway": "secondary", "ref": "MDR08", "maxspeed": null }, "geometry": { "type": "LineString", "coordinates": [ [ 78.9323505, 14.8250437 ], [ 78.9468484, 14.8277189 ], [ 78.950145, 14.8270624 ], [ 78.95719, 14.821308 ], [ 78.9632956, 14.812199 ], [ 78.9703328, 14.8061085 ], [ 78.9752625, 14.7953223 ], [ 78.978203, 14.7936264 ], [ 78.9803394, 14.7897301 ], [ 78.9809432, 14.7841788 ], [ 78.9791255, 14.7838766 ], [ 78.9786794, 14.7788797 ], [ 78.9795359, 14.7740428 ] ] } },
{ "type": "Feature", "properties": { "name": null, "highway": "secondary", "ref": "MDR0130", "maxspeed": null }, "geometry": { "type": "LineString", "coordinates": [ [ 78.9686923, 14.8074286 ], [ 78.9751601, 14.8105559 ], [ 78.9781384, 14.8136635 ], [ 78.9797906, 14.8142402 ], [ 78.9793634, 14.8158862 ], [ 78.9807279, 14.8209172 ], [ 78.9807893, 14.8249048 ], [ 78.982922, 14.8313795 ], [ 78.981998, 14.8378012 ], [ 78.9807719, 14.8379623 ] ] } },
{ "type": "Feature", "properties": { "name": null, "highway": "secondary", "ref": "MDR0242", "maxspeed": null }, "geometry": { "type": "LineString", "coordinates": [ [ 78.8743397, 14.8540311 ], [ 78.889756, 14.8572358 ], [ 78.8993661, 14.8575706 ], [ 78.9050679, 14.8601309 ], [ 78.9071104, 14.8592658 ], [ 78.9125957, 14.8603236 ], [ 78.9131658, 14.8610944 ], [ 78.917536, 14.8603061 ], [ 78.9242844, 14.863679 ], [ 78.9274709, 14.8664031 ], [ 78.9319973, 14.86664 ] ] } },
{ "type": "Feature", "properties": { "name": null, "highway": "secondary", "ref": "MDR0244", "maxspeed": null }, "geometry": { "type": "LineString", "coordinates": [ [ 78.9083915, 14.8593391 ], [ 78.9080783, 14.8566458 ], [ 78.9092013, 14.8534024 ], [ 78.9070574, 14.8512479 ], [ 78.9077209, 14.8472793 ], [ 78.9072615, 14.843905 ], [ 78.9085741, 14.8383226 ], [ 78.9067212, 14.837163 ], [ 78.9065579, 14.8359319 ] ] } },
{ "type": "Feature", "properties": { "name": null, "highway": "secondary", "ref": "MDR0210", "maxspeed": null }, "geometry": { "type": "LineString", "coordinates": [ [ 79.081518, 14.5826621 ], [ 79.0827441, 14.5782662 ], [ 79.0818865, 14.5750786 ] ] } },
{ "type": "Feature", "properties": { "name": null, "highway": "secondary", "ref": "MDR025", "maxspeed": null }, "geometry": { "type": "LineString", "coordinates": [ [ 79.054422, 14.5719008 ], [ 79.0585506, 14.5715516 ], [ 79.0606347, 14.572738 ], [ 79.0635817, 14.5730313 ], [ 79.0664108, 14.5725043 ] ] } },
{ "type": "Feature", "properties": { "name": null, "highway": "secondary", "ref": "MDR0429", "maxspeed": null }, "geometry": { "type": "LineString", "coordinates": [ [ 79.0432326, 14.5982366 ], [ 79.049073, 14.5951587 ], [ 79.0524472, 14.594551 ], [ 79.0580119, 14.5918619 ], [ 79.0664364, 14.5898495 ] ] } },
{ "type": "Feature", "properties": { "name": null, "highway": "secondary", "ref": "MDR0208", "maxspeed": null }, "geometry": { "type": "LineString", "coordinates": [ [ 79.1560355, 14.6741323 ], [ 79.1507625, 14.6736711 ], [ 79.1448086, 14.6764834 ], [ 79.1403357, 14.6765538 ], [ 79.1364635, 14.6805285 ], [ 79.1364089, 14.6819317 ], [ 79.1330041, 14.6836812 ], [ 79.1291915, 14.6832713 ], [ 79.1222721, 14.6848026 ], [ 79.1165247, 14.6903153 ], [ 79.1168099, 14.6978532 ], [ 79.1144429, 14.7021797 ], [ 79.114847, 14.7039891 ], [ 79.1179241, 14.7058147 ], [ 79.1180091, 14.7073175 ], [ 79.1144655, 14.7144359 ], [ 79.1151078, 14.7208441 ], [ 79.1138087, 14.7209174 ], [ 79.113289, 14.722324 ], [ 79.1101206, 14.7223624 ], [ 79.107479, 14.7251092 ], [ 79.1052849, 14.7288507 ], [ 79.1053101, 14.7306446 ], [ 79.0981117, 14.7422133 ] ] } },
{ "type": "Feature", "properties": { "name": null, "highway": "secondary", "ref": "MDR0209", "maxspeed": null }, "geometry": { "type": "LineString", "coordinates": [ [ 79.0218346, 14.8415042 ], [ 79.028927, 14.8390886 ] ] } },
{ "type": "Feature", "properties": { "name": null, "highway": "secondary", "ref": "MDR0209", "maxspeed": null }, "geometry": { "type": "LineString", "coordinates": [ [ 79.021579, 14.841566 ], [ 79.0218346, 14.8415042 ] ] } },
{ "type": "Feature", "properties": { "name": "Kadapa - Porumamilla Road", "highway": "primary", "ref": "SH56", "maxspeed": null }, "geometry": { "type": "LineString", "coordinates": [ [ 79.0722263, 14.7573996 ], [ 79.0731669, 14.7627925 ], [ 79.0706225, 14.7717104 ], [ 79.0717249, 14.7729833 ], [ 79.0709385, 14.776886 ], [ 79.0676415, 14.7796248 ], [ 79.0619638, 14.7792036 ], [ 79.0534912, 14.7855876 ], [ 79.0435423, 14.797209 ], [ 79.0395566, 14.8036254 ], [ 79.0330303, 14.8233545 ], [ 79.0296194, 14.8376689 ] ] } },
{ "type": "Feature", "properties": { "name": "Kadapa - Porumamilla Road", "highway": "primary", "ref": "SH56", "maxspeed": null }, "geometry": { "type": "LineString", "coordinates": [ [ 79.0296194, 14.8376689 ], [ 79.0295147, 14.8379172 ] ] } },
{ "type": "Feature", "properties": { "name": null, "highway": "secondary", "ref": "MDR027", "maxspeed": null }, "geometry": { "type": "LineString", "coordinates": [ [ 79.0490284, 14.7907032 ], [ 79.0480028, 14.7989789 ], [ 79.0485634, 14.7996479 ] ] } },
{ "type": "Feature", "properties": { "name": null, "highway": "secondary", "ref": "MDR027", "maxspeed": null }, "geometry": { "type": "LineString", "coordinates": [ [ 79.0485634, 14.7996479 ], [ 79.0485781, 14.7998496 ] ] } },
{ "type": "Feature", "properties": { "name": null, "highway": "secondary", "ref": "MDR0245", "maxspeed": null }, "geometry": { "type": "LineString", "coordinates": [ [ 78.9113228, 14.7472613 ], [ 78.9094146, 14.7396539 ], [ 78.9147789, 14.7339222 ], [ 78.9167692, 14.7335983 ], [ 78.9178336, 14.7317471 ], [ 78.9245093, 14.7260759 ], [ 78.9255961, 14.7228738 ], [ 78.9252549, 14.7204783 ], [ 78.926885, 14.7183761 ], [ 78.9270722, 14.714956 ] ] } },
{ "type": "Feature", "properties": { "name": null, "highway": "secondary", "ref": "MDR087", "maxspeed": null }, "geometry": { "type": "LineString", "coordinates": [ [ 79.0643013, 14.6163131 ], [ 79.0639674, 14.6139083 ] ] } },
{ "type": "Feature", "properties": { "name": null, "highway": "secondary", "ref": "MDR087", "maxspeed": null }, "geometry": { "type": "LineString", "coordinates": [ [ 79.0639674, 14.6139083 ], [ 79.0640431, 14.6097851 ] ] } },
{ "type": "Feature", "properties": { "name": null, "highway": "trunk", "ref": "NH67", "maxspeed": null }, "geometry": { "type": "LineString", "coordinates": [ [ 79.0520475, 14.7524674 ], [ 79.0598915, 14.754638 ], [ 79.0667322, 14.7538163 ], [ 79.0802076, 14.7466781 ], [ 79.0835722, 14.7456821 ] ] } },
{ "type": "Feature", "properties": { "name": null, "highway": "trunk", "ref": "NH67", "maxspeed": null }, "geometry": { "type": "LineString", "coordinates": [ [ 79.0360534, 14.7261048 ], [ 79.0373983, 14.7272849 ] ] } },
{ "type": "Feature", "properties": { "name": null, "highway": "trunk", "ref": "NH67", "maxspeed": null }, "geometry": { "type": "LineString", "coordinates": [ [ 79.0401391, 14.7346509 ], [ 79.037957, 14.7281747 ] ] } },
{ "type": "Feature", "properties": { "name": null, "highway": "trunk", "ref": "NH67", "maxspeed": null }, "geometry": { "type": "LineString", "coordinates": [ [ 79.0835894, 14.7455327 ], [ 79.0652903, 14.7539574 ], [ 79.0574282, 14.7541732 ], [ 79.0520586, 14.7522995 ] ] } },
{ "type": "Feature", "properties": { "name": null, "highway": "trunk", "ref": "NH67", "maxspeed": null }, "geometry": { "type": "LineString", "coordinates": [ [ 79.0849354, 14.7454493 ], [ 79.089336, 14.744896 ] ] } },
{ "type": "Feature", "properties": { "name": null, "highway": "trunk", "ref": "NH67", "maxspeed": null }, "geometry": { "type": "LineString", "coordinates": [ [ 79.089336, 14.744896 ], [ 79.0845499, 14.7453853 ] ] } },
{ "type": "Feature", "properties": { "name": null, "highway": "trunk", "ref": "NH67", "maxspeed": null }, "geometry": { "type": "LineString", "coordinates": [ [ 79.0375154, 14.7274743 ], [ 79.0378529, 14.7282478 ] ] } },
{ "type": "Feature", "properties": { "name": null, "highway": "trunk", "ref": "NH67", "maxspeed": null }, "geometry": { "type": "LineString", "coordinates": [ [ 79.0373983, 14.7272849 ], [ 79.0375154, 14.7274743 ] ] } },
{ "type": "Feature", "properties": { "name": null, "highway": "trunk", "ref": "NH67", "maxspeed": null }, "geometry": { "type": "LineString", "coordinates": [ [ 79.0401885, 14.734795 ], [ 79.0401391, 14.7346509 ] ] } },
{ "type": "Feature", "properties": { "name": null, "highway": "trunk", "ref": "NH67", "maxspeed": null }, "geometry": { "type": "LineString", "coordinates": [ [ 79.0378529, 14.7282478 ], [ 79.0400241, 14.7349056 ] ] } },
{ "type": "Feature", "properties": { "name": null, "highway": "trunk", "ref": "NH67", "maxspeed": null }, "geometry": { "type": "LineString", "coordinates": [ [ 79.0400241, 14.7349056 ], [ 79.0400641, 14.7350249 ] ] } },
{ "type": "Feature", "properties": { "name": null, "highway": "trunk", "ref": "NH67", "maxspeed": null }, "geometry": { "type": "LineString", "coordinates": [ [ 79.0402765, 14.7350514 ], [ 79.0401885, 14.734795 ] ] } },
{ "type": "Feature", "properties": { "name": null, "highway": "trunk", "ref": "NH67", "maxspeed": null }, "geometry": { "type": "LineString", "coordinates": [ [ 79.0403089, 14.735146 ], [ 79.0402765, 14.7350514 ] ] } },
{ "type": "Feature", "properties": { "name": null, "highway": "trunk", "ref": "NH67", "maxspeed": null }, "geometry": { "type": "LineString", "coordinates": [ [ 79.0400821, 14.7350782 ], [ 79.0401142, 14.7351739 ] ] } },
{ "type": "Feature", "properties": { "name": null, "highway": "trunk", "ref": "NH67", "maxspeed": null }, "geometry": { "type": "LineString", "coordinates": [ [ 79.0400641, 14.7350249 ], [ 79.0400821, 14.7350782 ] ] } },
{ "type": "Feature", "properties": { "name": null, "highway": "trunk", "ref": "NH67", "maxspeed": null }, "geometry": { "type": "LineString", "coordinates": [ [ 79.0411779, 14.7374581 ], [ 79.0403089, 14.735146 ] ] } },
{ "type": "Feature", "properties": { "name": null, "highway": "trunk", "ref": "NH67", "maxspeed": null }, "geometry": { "type": "LineString", "coordinates": [ [ 79.0412193, 14.7375588 ], [ 79.0411779, 14.7374581 ] ] } },
{ "type": "Feature", "properties": { "name": null, "highway": "trunk", "ref": "NH67", "maxspeed": null }, "geometry": { "type": "LineString", "coordinates": [ [ 79.0401142, 14.7351739 ], [ 79.0409674, 14.7375209 ] ] } },
{ "type": "Feature", "properties": { "name": null, "highway": "trunk", "ref": "NH67", "maxspeed": null }, "geometry": { "type": "LineString", "coordinates": [ [ 79.0409674, 14.7375209 ], [ 79.0410083, 14.7376218 ] ] } },
{ "type": "Feature", "properties": { "name": null, "highway": "trunk", "ref": "NH67", "maxspeed": null }, "geometry": { "type": "LineString", "coordinates": [ [ 79.0376154, 14.7274649 ], [ 79.0360817, 14.7260254 ] ] } },
{ "type": "Feature", "properties": { "name": null, "highway": "trunk", "ref": "NH67", "maxspeed": null }, "geometry": { "type": "LineString", "coordinates": [ [ 79.037957, 14.7281747 ], [ 79.0376154, 14.7274649 ] ] } },
{ "type": "Feature", "properties": { "name": null, "highway": "trunk", "ref": "NH67", "maxspeed": null }, "geometry": { "type": "LineString", "coordinates": [ [ 79.0835722, 14.7456821 ], [ 79.0845359, 14.7455175 ] ] } },
{ "type": "Feature", "properties": { "name": null, "highway": "trunk", "ref": "NH67", "maxspeed": null }, "geometry": { "type": "LineString", "coordinates": [ [ 79.0845499, 14.7453853 ], [ 79.0835894, 14.7455327 ] ] } },
{ "type": "Feature", "properties": { "name": null, "highway": "primary", "ref": null, "maxspeed": null }, "geometry": { "type": "LineString", "coordinates": [ [ 79.0311742, 14.7249236 ], [ 79.0359526, 14.7261598 ], [ 79.0376547, 14.7280597 ] ] } },
{ "type": "Feature", "properties": { "name": "Badvel Main Road", "highway": "primary", "ref": null, "maxspeed": null }, "geometry": { "type": "LineString", "coordinates": [ [ 79.0376547, 14.7280597 ], [ 79.0380058, 14.7279359 ] ] } },
{ "type": "Feature", "properties": { "name": null, "highway": "primary", "ref": null, "maxspeed": null }, "geometry": { "type": "LineString", "coordinates": [ [ 79.0380058, 14.7279359 ], [ 79.0357028, 14.7257712 ], [ 79.0311972, 14.7248565 ] ] } },
{ "type": "Feature", "properties": { "name": "Kadapa - Porumamilla Road", "highway": "primary", "ref": "SH56", "maxspeed": null }, "geometry": { "type": "LineString", "coordinates": [ [ 79.0438921, 14.6012223 ], [ 79.0476078, 14.6281133 ], [ 79.0449514, 14.6353461 ], [ 79.0433297, 14.6467628 ], [ 79.0429926, 14.6567307 ], [ 79.0442674, 14.6611395 ] ] } },
{ "type": "Feature", "properties": { "name": "Kadapa - Porumamilla Road", "highway": "primary", "ref": "SH56", "maxspeed": null }, "geometry": { "type": "LineString", "coordinates": [ [ 79.0438295, 14.6009679 ], [ 79.0438921, 14.6012223 ] ] } },
{ "type": "Feature", "properties": { "name": null, "highway": "trunk", "ref": "NH67", "maxspeed": null }, "geometry": { "type": "LineString", "coordinates": [ [ 79.0845359, 14.7455175 ], [ 79.0849354, 14.7454493 ] ] } },
{ "type": "Feature", "properties": { "name": null, "highway": "trunk", "ref": "NH67", "maxspeed": null }, "geometry": { "type": "LineString", "coordinates": [ [ 79.0410083, 14.7376218 ], [ 79.0453175, 14.746703 ], [ 79.0491112, 14.7506706 ], [ 79.0519417, 14.7524181 ] ] } },
{ "type": "Feature", "properties": { "name": null, "highway": "trunk", "ref": "NH67", "maxspeed": null }, "geometry": { "type": "LineString", "coordinates": [ [ 79.0519417, 14.7524181 ], [ 79.0520475, 14.7524674 ] ] } },
{ "type": "Feature", "properties": { "name": null, "highway": "trunk", "ref": "NH67", "maxspeed": null }, "geometry": { "type": "LineString", "coordinates": [ [ 79.0519526, 14.7522516 ], [ 79.0472572, 14.7488196 ], [ 79.045266, 14.7464042 ], [ 79.0412193, 14.7375588 ] ] } },
{ "type": "Feature", "properties": { "name": null, "highway": "trunk", "ref": "NH67", "maxspeed": null }, "geometry": { "type": "LineString", "coordinates": [ [ 79.0520586, 14.7522995 ], [ 79.0519526, 14.7522516 ] ] } },
{ "type": "Feature", "properties": { "name": null, "highway": "trunk", "ref": "NH167B", "maxspeed": null }, "geometry": { "type": "LineString", "coordinates": [ [ 78.792963, 14.8556666 ], [ 78.7995043, 14.8568357 ], [ 78.8127897, 14.8638559 ], [ 78.8275428, 14.8700007 ], [ 78.8298813, 14.8695496 ], [ 78.8362204, 14.873584 ], [ 78.839976, 14.8729124 ], [ 78.8438666, 14.8703705 ], [ 78.8466118, 14.8702592 ], [ 78.8672407, 14.8807308 ] ] } },
{ "type": "Feature", "properties": { "name": "Mydukuru - Thaticherla Road", "highway": "primary", "ref": "SH54", "maxspeed": null }, "geometry": { "type": "LineString", "coordinates": [ [ 78.9893987, 15.0087848 ], [ 78.9889287, 15.0202123 ], [ 78.9907306, 15.034524 ] ] } },
{ "type": "Feature", "properties": { "name": "Mydukuru - Thaticherla Road", "highway": "primary", "ref": "SH54", "maxspeed": null }, "geometry": { "type": "LineString", "coordinates": [ [ 78.9907306, 15.034524 ], [ 78.9927864, 15.0355186 ], [ 78.9977438, 15.0414197 ], [ 79.0011303, 15.0476886 ], [ 79.0020829, 15.0516026 ], [ 79.003644, 15.0530142 ], [ 79.0102351, 15.0553327 ], [ 79.0121046, 15.0570421 ], [ 79.0115553, 15.0734622 ], [ 79.0127846, 15.083863 ], [ 79.0152097, 15.0926003 ], [ 79.0152601, 15.0991557 ], [ 79.0182663, 15.1068068 ], [ 79.0199196, 15.1373474 ], [ 79.019074, 15.1465688 ], [ 79.0194896, 15.1501895 ], [ 79.0174872, 15.1574672 ], [ 79.017068, 15.1672607 ], [ 79.0138855, 15.177493 ], [ 79.0153733, 15.1798822 ], [ 79.0139755, 15.1831203 ], [ 79.0134774, 15.1875926 ], [ 79.0122756, 15.1882767 ], [ 79.0103902, 15.1917543 ], [ 79.0103039, 15.197902 ], [ 79.0084499, 15.203163 ], [ 79.0095134, 15.2072878 ], [ 79.0091852, 15.210887 ], [ 79.013541, 15.2240706 ], [ 79.0094396, 15.2343076 ], [ 79.0071506, 15.24906 ], [ 79.003174, 15.2573787 ], [ 79.0004699, 15.2688372 ] ] } },
{ "type": "Feature", "properties": { "name": "Porumamilla - Konarajupalli - Narsapuram - Kasinayunipalli Road", "highway": "primary", "ref": "SH43", "maxspeed": null }, "geometry": { "type": "LineString", "coordinates": [ [ 78.9907306, 15.034524 ], [ 78.9885005, 15.0351568 ], [ 78.9865217, 15.0370382 ], [ 78.9832711, 15.0433948 ], [ 78.9758818, 15.0528093 ], [ 78.9724503, 15.0529994 ], [ 78.9669356, 15.0518954 ], [ 78.9634724, 15.0531941 ], [ 78.9576428, 15.0590798 ] ] } },
{ "type": "Feature", "properties": { "name": null, "highway": "trunk", "ref": "NH167B", "maxspeed": null }, "geometry": { "type": "LineString", "coordinates": [ [ 78.8672407, 14.8807308 ], [ 78.8674738, 14.8808386 ] ] } },
{ "type": "Feature", "properties": { "name": null, "highway": "trunk", "ref": "NH167B", "maxspeed": null }, "geometry": { "type": "LineString", "coordinates": [ [ 78.8858623, 14.893705 ], [ 78.8964518, 14.909939 ], [ 78.9027037, 14.9179235 ], [ 78.9115417, 14.9231051 ], [ 78.9360902, 14.9349733 ], [ 78.9406725, 14.9381753 ], [ 78.944307, 14.9392577 ] ] } },
{ "type": "Feature", "properties": { "name": null, "highway": "primary", "ref": "SH43", "maxspeed": null }, "geometry": { "type": "LineString", "coordinates": [ [ 78.9368951, 15.1143014 ], [ 78.9359658, 15.1170996 ], [ 78.933534, 15.1190514 ], [ 78.9331124, 15.12211 ], [ 78.9292061, 15.1259194 ], [ 78.9288778, 15.1286066 ], [ 78.9261701, 15.1327788 ], [ 78.9215714, 15.1378623 ], [ 78.9128336, 15.1505879 ], [ 78.9072827, 15.1563528 ], [ 78.9052479, 15.1616531 ], [ 78.9061106, 15.1677637 ], [ 78.9054074, 15.1698855 ], [ 78.9021173, 15.1728981 ], [ 78.8985624, 15.1734499 ], [ 78.8963101, 15.1811338 ], [ 78.8970065, 15.1861457 ], [ 78.8963274, 15.1905059 ], [ 78.8971868, 15.1929979 ], [ 78.8968952, 15.1975171 ], [ 78.8957864, 15.1994759 ], [ 78.8949039, 15.2116537 ], [ 78.8959313, 15.2152463 ], [ 78.8957267, 15.218552 ] ] } },
{ "type": "Feature", "properties": { "name": null, "highway": "primary", "ref": "SH43", "maxspeed": null }, "geometry": { "type": "LineString", "coordinates": [ [ 78.9368597, 15.1140858 ], [ 78.9368951, 15.1143014 ] ] } },
{ "type": "Feature", "properties": { "name": null, "highway": "trunk", "ref": "NH167B", "maxspeed": null }, "geometry": { "type": "LineString", "coordinates": [ [ 78.944307, 14.9392577 ], [ 78.9461685, 14.9396429 ] ] } },
{ "type": "Feature", "properties": { "name": null, "highway": "trunk", "ref": "NH167B", "maxspeed": null }, "geometry": { "type": "LineString", "coordinates": [ [ 78.9526181, 14.9458953 ], [ 78.9572378, 14.9518282 ], [ 78.9686571, 14.9572605 ], [ 78.9725765, 14.9624019 ], [ 78.9907751, 14.9974396 ] ] } },
{ "type": "Feature", "properties": { "name": null, "highway": "trunk", "ref": "NH167B", "maxspeed": null }, "geometry": { "type": "LineString", "coordinates": [ [ 79.0339898, 14.9986333 ], [ 79.0337805, 14.9896166 ], [ 79.0308615, 14.9794185 ], [ 79.0245589, 14.9780859 ] ] } },
{ "type": "Feature", "properties": { "name": "Porumamilla - Konarajupalli - Narsapuram - Kasinayunipalli Road", "highway": "primary", "ref": "SH43", "maxspeed": null }, "geometry": { "type": "LineString", "coordinates": [ [ 78.9893506, 15.0097226 ], [ 78.9851258, 15.0112227 ], [ 78.9787478, 15.0111952 ], [ 78.9768116, 15.0060454 ], [ 78.9717006, 15.003914 ], [ 78.9705192, 15.0040853 ], [ 78.9704679, 15.0058942 ] ] } },
{ "type": "Feature", "properties": { "name": null, "highway": "secondary", "ref": "MDR0102", "maxspeed": null }, "geometry": { "type": "LineString", "coordinates": [ [ 78.914519, 15.0970386 ], [ 78.9148721, 15.0971086 ] ] } },
{ "type": "Feature", "properties": { "name": null, "highway": "secondary", "ref": "MDR0102", "maxspeed": null }, "geometry": { "type": "LineString", "coordinates": [ [ 78.9298036, 15.1040956 ], [ 78.9300294, 15.1042112 ] ] } },
{ "type": "Feature", "properties": { "name": null, "highway": "secondary", "ref": "MDR0102", "maxspeed": null }, "geometry": { "type": "LineString", "coordinates": [ [ 78.9300294, 15.1042112 ], [ 78.932865, 15.1056681 ], [ 78.9352322, 15.1050572 ], [ 78.9368418, 15.1058907 ] ] } },
{ "type": "Feature", "properties": { "name": null, "highway": "secondary", "ref": "MDR0102", "maxspeed": null }, "geometry": { "type": "LineString", "coordinates": [ [ 78.9148721, 15.0971086 ], [ 78.9217716, 15.0964004 ], [ 78.9246006, 15.101764 ], [ 78.9298036, 15.1040956 ] ] } },
{ "type": "Feature", "properties": { "name": null, "highway": "secondary", "ref": "MDR0114", "maxspeed": null }, "geometry": { "type": "LineString", "coordinates": [ [ 78.9365171, 15.0713429 ], [ 78.932493, 15.0775453 ], [ 78.9306746, 15.0843627 ], [ 78.9254884, 15.0872057 ], [ 78.9254185, 15.0883234 ], [ 78.9234461, 15.0904472 ], [ 78.9236944, 15.0922941 ], [ 78.9215972, 15.096374 ] ] } },
{ "type": "Feature", "properties": { "name": null, "highway": "secondary", "ref": "MDR097", "maxspeed": null }, "geometry": { "type": "LineString", "coordinates": [ [ 78.9435459, 15.1038757 ], [ 78.942444, 15.1068143 ] ] } },
{ "type": "Feature", "properties": { "name": null, "highway": "secondary", "ref": "MDR095", "maxspeed": null }, "geometry": { "type": "LineString", "coordinates": [ [ 78.8898495, 15.0674568 ], [ 78.8900978, 15.0681376 ], [ 78.8913605, 15.067977 ], [ 78.900803, 15.0839782 ], [ 78.9045073, 15.0874068 ], [ 78.9050909, 15.0932037 ], [ 78.9075791, 15.0953598 ] ] } },
{ "type": "Feature", "properties": { "name": null, "highway": "primary", "ref": "SH43", "maxspeed": null }, "geometry": { "type": "LineString", "coordinates": [ [ 78.9385981, 15.1045709 ], [ 78.9379193, 15.104901 ] ] } },
{ "type": "Feature", "properties": { "name": null, "highway": "primary", "ref": "SH43", "maxspeed": null }, "geometry": { "type": "LineString", "coordinates": [ [ 78.9379193, 15.104901 ], [ 78.9364255, 15.1072911 ], [ 78.9368597, 15.1140858 ] ] } },
{ "type": "Feature", "properties": { "name": null, "highway": "trunk", "ref": "NH167B", "maxspeed": null }, "geometry": { "type": "LineString", "coordinates": [ [ 79.1443267, 15.012809 ], [ 79.1427775, 15.0087567 ], [ 79.1397128, 15.0042211 ], [ 79.1273401, 14.9993011 ], [ 79.1200243, 14.9991825 ], [ 79.1181253, 15.0000427 ], [ 79.1094349, 14.9969959 ], [ 79.1059803, 14.9936588 ], [ 79.1057764, 14.9907674 ], [ 79.1020321, 14.995317 ], [ 79.1016034, 14.9969516 ], [ 79.1021673, 14.9976705 ], [ 79.100383, 14.9972534 ], [ 79.0994543, 14.9952545 ], [ 79.0966462, 15.0029444 ], [ 79.0928696, 15.0046854 ], [ 79.0902732, 15.004188 ], [ 79.0870117, 15.0023019 ], [ 79.0852951, 14.9995556 ], [ 79.0846834, 14.9954197 ], [ 79.083178, 14.9920477 ], [ 79.0810919, 14.9914945 ], [ 79.0796732, 14.9931821 ], [ 79.0785666, 14.9976278 ], [ 79.0766481, 14.9967203 ], [ 79.07651, 14.9978512 ], [ 79.0758716, 14.9960681 ], [ 79.0768875, 14.9957073 ], [ 79.0765985, 14.9952779 ], [ 79.0743723, 14.9951503 ], [ 79.0734288, 14.9960324 ], [ 79.0735388, 14.9991913 ], [ 79.072073, 15.0036954 ], [ 79.0690856, 15.0000593 ], [ 79.0677593, 14.9944695 ], [ 79.0673536, 14.9966983 ], [ 79.0652, 14.9976695 ], [ 79.0608226, 14.9972653 ], [ 79.0574108, 15.0008717 ], [ 79.0530013, 15.0007578 ], [ 79.0477656, 14.9991929 ], [ 79.0396224, 15.0001256 ], [ 79.0372943, 15.0013692 ], [ 79.0346549, 15.0011732 ] ] } },
{ "type": "Feature", "properties": { "name": null, "highway": "secondary", "ref": "MDR0112", "maxspeed": null }, "geometry": { "type": "LineString", "coordinates": [ [ 79.0343766, 15.0064366 ], [ 79.0346549, 15.0011732 ] ] } },
{ "type": "Feature", "properties": { "name": null, "highway": "trunk", "ref": "NH167B", "maxspeed": null }, "geometry": { "type": "LineString", "coordinates": [ [ 79.0346549, 15.0011732 ], [ 79.0339898, 14.9986333 ] ] } },
{ "type": "Feature", "properties": { "name": null, "highway": "trunk", "ref": "NH167B", "maxspeed": null }, "geometry": { "type": "LineString", "coordinates": [ [ 78.9943521, 14.9815302 ], [ 78.9907751, 14.9974396 ] ] } },
{ "type": "Feature", "properties": { "name": null, "highway": "secondary", "ref": "MDR0241", "maxspeed": null }, "geometry": { "type": "LineString", "coordinates": [ [ 78.8839243, 14.8911989 ], [ 78.8877033, 14.8910023 ], [ 78.8892777, 14.890121 ], [ 78.8963668, 14.8922634 ], [ 78.9035384, 14.8971624 ], [ 78.9142678, 14.8989405 ], [ 78.9196678, 14.8988576 ] ] } },
{ "type": "Feature", "properties": { "name": "Porumamilla - Konarajupalli - Narsapuram - Kasinayunipalli Road", "highway": "primary", "ref": "SH43", "maxspeed": null }, "geometry": { "type": "LineString", "coordinates": [ [ 78.8654189, 15.0515658 ], [ 78.8681205, 15.0514409 ], [ 78.8742857, 15.0535802 ], [ 78.875059, 15.0549637 ], [ 78.8750036, 15.0604798 ], [ 78.8837445, 15.0663974 ], [ 78.886881, 15.067647 ], [ 78.891679, 15.0666056 ], [ 78.8932045, 15.0653287 ], [ 78.8938817, 15.0631155 ], [ 78.8980311, 15.0611918 ], [ 78.9070896, 15.0603675 ], [ 78.907565, 15.0574731 ], [ 78.9103103, 15.0558186 ], [ 78.9148459, 15.0566798 ] ] } },
{ "type": "Feature", "properties": { "name": null, "highway": "secondary", "ref": "MDR0211", "maxspeed": null }, "geometry": { "type": "LineString", "coordinates": [ [ 78.9868551, 15.103324 ], [ 78.9868645, 15.1058853 ], [ 78.9901462, 15.1124386 ], [ 78.9943358, 15.1118625 ], [ 79.0016066, 15.113776 ], [ 79.0051103, 15.1172756 ], [ 79.0072507, 15.1219896 ], [ 79.0113323, 15.12329 ], [ 79.0127492, 15.1281081 ], [ 79.0171252, 15.1335195 ], [ 79.0194271, 15.1331767 ] ] } },
{ "type": "Feature", "properties": { "name": null, "highway": "secondary", "ref": "MDR0113", "maxspeed": null }, "geometry": { "type": "LineString", "coordinates": [ [ 78.8716391, 15.0245787 ], [ 78.8722231, 15.0227705 ], [ 78.8786656, 15.0203177 ], [ 78.8818789, 15.0200017 ] ] } },
{ "type": "Feature", "properties": { "name": "Porumamilla - Konarajupalli - Narsapuram - Kasinayunipalli Road", "highway": "primary", "ref": "SH43", "maxspeed": null }, "geometry": { "type": "LineString", "coordinates": [ [ 78.8659818, 15.0439825 ], [ 78.8653075, 15.0399703 ], [ 78.8697032, 15.0374069 ], [ 78.8690449, 15.0347066 ], [ 78.8696005, 15.0336778 ], [ 78.8723047, 15.0333207 ], [ 78.872938, 15.0294017 ], [ 78.8715896, 15.0244864 ], [ 78.8695957, 15.0215011 ], [ 78.8681969, 15.021049 ], [ 78.8673761, 15.0160012 ], [ 78.8692617, 15.0140362 ], [ 78.8694562, 15.0102642 ], [ 78.8721666, 14.9992911 ] ] } },
{ "type": "Feature", "properties": { "name": null, "highway": "primary", "ref": "SH43", "maxspeed": null }, "geometry": { "type": "LineString", "coordinates": [ [ 78.9576428, 15.0590798 ], [ 78.9561232, 15.0631323 ], [ 78.9563333, 15.0747091 ], [ 78.9553612, 15.0787015 ] ] } },
{ "type": "Feature", "properties": { "name": "Porumamilla - Konarajupalli - Narsapuram - Kasinayunipalli Road", "highway": "primary", "ref": "SH43", "maxspeed": null }, "geometry": { "type": "LineString", "coordinates": [ [ 78.9562364, 15.0127241 ], [ 78.9608511, 15.0133083 ], [ 78.965266, 15.0158795 ], [ 78.9686497, 15.0158601 ], [ 78.969343, 15.0149054 ], [ 78.9691633, 15.0122616 ], [ 78.9704679, 15.0058942 ] ] } },
{ "type": "Feature", "properties": { "name": "Porumamilla - Konarajupalli - Narsapuram - Kasinayunipalli Road", "highway": "primary", "ref": "SH43", "maxspeed": null }, "geometry": { "type": "LineString", "coordinates": [ [ 78.9553969, 15.0128769 ], [ 78.9562364, 15.0127241 ] ] } },
{ "type": "Feature", "properties": { "name": null, "highway": "secondary", "ref": "MDR0113", "maxspeed": null }, "geometry": { "type": "LineString", "coordinates": [ [ 78.9083496, 15.0147542 ], [ 78.9130622, 15.0138617 ], [ 78.9277862, 15.0134197 ] ] } },
{ "type": "Feature", "properties": { "name": "Porumamilla - Konarajupalli - Narsapuram - Kasinayunipalli Road", "highway": "primary", "ref": "SH43", "maxspeed": null }, "geometry": { "type": "LineString", "coordinates": [ [ 78.9071412, 14.993244 ], [ 78.9137945, 14.9938347 ], [ 78.9200789, 14.9958362 ], [ 78.9204517, 14.9997497 ], [ 78.930219, 14.997208 ], [ 78.9275233, 15.0108497 ], [ 78.9277862, 15.0134197 ], [ 78.9376742, 15.0114184 ], [ 78.9403644, 15.0116399 ], [ 78.9467508, 15.0141658 ], [ 78.9518268, 15.0120026 ], [ 78.9553969, 15.0128769 ] ] } },
{ "type": "Feature", "properties": { "name": "Porumamilla - Konarajupalli - Narsapuram - Kasinayunipalli Road", "highway": "primary", "ref": "SH43", "maxspeed": null }, "geometry": { "type": "LineString", "coordinates": [ [ 78.906747, 14.9929823 ], [ 78.9071412, 14.993244 ] ] } },
{ "type": "Feature", "properties": { "name": "Porumamilla - Konarajupalli - Narsapuram - Kasinayunipalli Road", "highway": "primary", "ref": "SH43", "maxspeed": null }, "geometry": { "type": "LineString", "coordinates": [ [ 78.898766, 14.9910197 ], [ 78.906747, 14.9929823 ] ] } },
{ "type": "Feature", "properties": { "name": "Porumamilla - Konarajupalli - Narsapuram - Kasinayunipalli Road", "highway": "primary", "ref": "SH43", "maxspeed": null }, "geometry": { "type": "LineString", "coordinates": [ [ 78.8984522, 14.9911065 ], [ 78.898766, 14.9910197 ] ] } },
{ "type": "Feature", "properties": { "name": null, "highway": "secondary", "ref": "MDR0103", "maxspeed": null }, "geometry": { "type": "LineString", "coordinates": [ [ 78.8809615, 14.9783384 ], [ 78.8825695, 14.9688247 ] ] } },
{ "type": "Feature", "properties": { "name": "Porumamilla - Konarajupalli - Narsapuram - Kasinayunipalli Road", "highway": "primary", "ref": "SH43", "maxspeed": null }, "geometry": { "type": "LineString", "coordinates": [ [ 78.8809615, 14.9783384 ], [ 78.8827667, 14.984449 ], [ 78.882477, 14.9868587 ], [ 78.8829504, 14.9879715 ], [ 78.8842499, 14.9882668 ], [ 78.8848454, 14.9904562 ], [ 78.8984522, 14.9911065 ] ] } },
{ "type": "Feature", "properties": { "name": "Porumamilla - Konarajupalli - Narsapuram - Kasinayunipalli Road", "highway": "primary", "ref": "SH43", "maxspeed": null }, "geometry": { "type": "LineString", "coordinates": [ [ 78.8719963, 14.9878154 ], [ 78.8718487, 14.985536 ], [ 78.8791403, 14.9816766 ], [ 78.8809615, 14.9783384 ] ] } },
{ "type": "Feature", "properties": { "name": "Porumamilla - Konarajupalli - Narsapuram - Kasinayunipalli Road", "highway": "primary", "ref": "SH43", "maxspeed": null }, "geometry": { "type": "LineString", "coordinates": [ [ 78.8722216, 14.9881192 ], [ 78.8719963, 14.9878154 ] ] } },
{ "type": "Feature", "properties": { "name": "Porumamilla - Konarajupalli - Narsapuram - Kasinayunipalli Road", "highway": "primary", "ref": "SH43", "maxspeed": null }, "geometry": { "type": "LineString", "coordinates": [ [ 78.8722162, 14.9989737 ], [ 78.87253, 14.9939863 ], [ 78.8740025, 14.9913747 ], [ 78.8722216, 14.9881192 ] ] } },
{ "type": "Feature", "properties": { "name": "Porumamilla - Konarajupalli - Narsapuram - Kasinayunipalli Road", "highway": "primary", "ref": "SH43", "maxspeed": null }, "geometry": { "type": "LineString", "coordinates": [ [ 78.8721666, 14.9992911 ], [ 78.8722162, 14.9989737 ] ] } },
{ "type": "Feature", "properties": { "name": null, "highway": "trunk", "ref": "NH167B", "maxspeed": null }, "geometry": { "type": "LineString", "coordinates": [ [ 78.9525416, 14.9457943 ], [ 78.9526181, 14.9458953 ] ] } },
{ "type": "Feature", "properties": { "name": null, "highway": "trunk", "ref": "NH167B", "maxspeed": null }, "geometry": { "type": "LineString", "coordinates": [ [ 78.9461685, 14.9396429 ], [ 78.948336, 14.9405473 ], [ 78.9525416, 14.9457943 ] ] } },
{ "type": "Feature", "properties": { "name": null, "highway": "secondary", "ref": "MDR0110", "maxspeed": null }, "geometry": { "type": "LineString", "coordinates": [ [ 78.9855865, 14.9145363 ], [ 78.9860331, 14.9149782 ], [ 78.9903876, 14.9137924 ], [ 78.9935191, 14.9177475 ], [ 78.9961651, 14.917767 ], [ 79.0002836, 14.9155069 ], [ 79.0006538, 14.9178253 ], [ 79.0032877, 14.9190279 ], [ 79.0054347, 14.9188011 ] ] } },
{ "type": "Feature", "properties": { "name": null, "highway": "secondary", "ref": "MDR0110", "maxspeed": null }, "geometry": { "type": "LineString", "coordinates": [ [ 78.9828399, 14.9126973 ], [ 78.9829901, 14.913563 ], [ 78.9844452, 14.9132766 ], [ 78.9855865, 14.9145363 ] ] } },
{ "type": "Feature", "properties": { "name": null, "highway": "secondary", "ref": "MDR0108", "maxspeed": null }, "geometry": { "type": "LineString", "coordinates": [ [ 78.9539337, 14.9033508 ], [ 78.9519972, 14.9030696 ], [ 78.9512837, 14.9051276 ], [ 78.9523754, 14.9087356 ], [ 78.9523646, 14.9163518 ], [ 78.9537379, 14.9195307 ], [ 78.95594, 14.9211998 ] ] } },
{ "type": "Feature", "properties": { "name": null, "highway": "secondary", "ref": "MDR0147", "maxspeed": null }, "geometry": { "type": "LineString", "coordinates": [ [ 78.95594, 14.9211998 ], [ 78.9578752, 14.9178907 ], [ 78.966701, 14.9076453 ], [ 78.9717328, 14.8995818 ] ] } },
{ "type": "Feature", "properties": { "name": null, "highway": "secondary", "ref": "MDR0108", "maxspeed": null }, "geometry": { "type": "LineString", "coordinates": [ [ 78.95594, 14.9211998 ], [ 78.9658602, 14.9200698 ], [ 78.9716564, 14.9200348 ], [ 78.9768934, 14.9213527 ], [ 78.9786006, 14.9205868 ] ] } },
{ "type": "Feature", "properties": { "name": null, "highway": "secondary", "ref": "MDR0149", "maxspeed": null }, "geometry": { "type": "LineString", "coordinates": [ [ 78.9561483, 14.9481367 ], [ 78.9562163, 14.9480864 ] ] } },
{ "type": "Feature", "properties": { "name": null, "highway": "secondary", "ref": "MDR0149", "maxspeed": null }, "geometry": { "type": "LineString", "coordinates": [ [ 78.9549833, 14.9489491 ], [ 78.9561483, 14.9481367 ] ] } },
{ "type": "Feature", "properties": { "name": null, "highway": "secondary", "ref": "MDR0149", "maxspeed": null }, "geometry": { "type": "LineString", "coordinates": [ [ 78.965608, 14.9350407 ], [ 78.9679791, 14.9335984 ], [ 78.9666823, 14.9297887 ], [ 78.9636581, 14.9260308 ], [ 78.9641342, 14.9206866 ] ] } },
{ "type": "Feature", "properties": { "name": null, "highway": "secondary", "ref": "MDR0149", "maxspeed": null }, "geometry": { "type": "LineString", "coordinates": [ [ 78.9656791, 14.9351832 ], [ 78.965608, 14.9350407 ] ] } },
{ "type": "Feature", "properties": { "name": null, "highway": "secondary", "ref": "MDR0149", "maxspeed": null }, "geometry": { "type": "LineString", "coordinates": [ [ 78.9562163, 14.9480864 ], [ 78.9623746, 14.9440074 ], [ 78.9654057, 14.9440921 ], [ 78.9646518, 14.9382102 ], [ 78.9656, 14.9371852 ], [ 78.9656791, 14.9351832 ] ] } },
{ "type": "Feature", "properties": { "name": null, "highway": "secondary", "ref": "MDR0220", "maxspeed": null }, "geometry": { "type": "LineString", "coordinates": [ [ 78.9229542, 14.8986762 ], [ 78.9245514, 14.893654 ] ] } },
{ "type": "Feature", "properties": { "name": null, "highway": "secondary", "ref": "MDR0241", "maxspeed": null }, "geometry": { "type": "LineString", "coordinates": [ [ 78.9196678, 14.8988576 ], [ 78.9198026, 14.8988796 ] ] } },
{ "type": "Feature", "properties": { "name": null, "highway": "secondary", "ref": "MDR0130", "maxspeed": null }, "geometry": { "type": "LineString", "coordinates": [ [ 78.9324358, 14.8676718 ], [ 78.9336898, 14.867968 ] ] } },
{ "type": "Feature", "properties": { "name": null, "highway": "secondary", "ref": "MDR0220", "maxspeed": null }, "geometry": { "type": "LineString", "coordinates": [ [ 78.9324238, 14.8699874 ], [ 78.9322212, 14.8741531 ], [ 78.9309043, 14.8760001 ], [ 78.9299226, 14.8814076 ], [ 78.925159, 14.8889769 ], [ 78.9245514, 14.893654 ] ] } },
{ "type": "Feature", "properties": { "name": null, "highway": "secondary", "ref": "MDR0220", "maxspeed": null }, "geometry": { "type": "LineString", "coordinates": [ [ 78.9324238, 14.8699874 ], [ 78.932063, 14.8689751 ] ] } },
{ "type": "Feature", "properties": { "name": null, "highway": "secondary", "ref": "MDR0130", "maxspeed": null }, "geometry": { "type": "LineString", "coordinates": [ [ 78.9449658, 14.8653213 ], [ 78.9444464, 14.8646726 ], [ 78.9373899, 14.8656 ], [ 78.9336898, 14.867968 ] ] } },
{ "type": "Feature", "properties": { "name": null, "highway": "secondary", "ref": "MDR0147", "maxspeed": null }, "geometry": { "type": "LineString", "coordinates": [ [ 78.973078, 14.8964958 ], [ 78.9726073, 14.8990089 ], [ 78.9717328, 14.8995818 ] ] } },
{ "type": "Feature", "properties": { "name": null, "highway": "secondary", "ref": "MDR0110", "maxspeed": null }, "geometry": { "type": "LineString", "coordinates": [ [ 78.9726825, 14.8987487 ], [ 78.9739225, 14.8994156 ], [ 78.9793044, 14.8991508 ], [ 78.9807934, 14.9009272 ], [ 78.9811099, 14.9070958 ], [ 78.9828399, 14.9126973 ] ] } },
{ "type": "Feature", "properties": { "name": null, "highway": "secondary", "ref": "MDR090", "maxspeed": null }, "geometry": { "type": "LineString", "coordinates": [ [ 78.998563, 14.8864793 ], [ 79.0095413, 14.8878519 ], [ 79.0133272, 14.8890042 ], [ 79.0146861, 14.8905488 ] ] } },
{ "type": "Feature", "properties": { "name": null, "highway": "secondary", "ref": "MDR090", "maxspeed": null }, "geometry": { "type": "LineString", "coordinates": [ [ 78.998563, 14.8864793 ], [ 78.9962912, 14.8852752 ], [ 78.9972138, 14.8839531 ], [ 78.9976484, 14.8767622 ], [ 78.9965057, 14.8750617 ] ] } },
{ "type": "Feature", "properties": { "name": null, "highway": "secondary", "ref": "MDR090", "maxspeed": null }, "geometry": { "type": "LineString", "coordinates": [ [ 78.9656107, 14.880998 ], [ 78.9664019, 14.8823667 ] ] } },
{ "type": "Feature", "properties": { "name": null, "highway": "secondary", "ref": "MDR090", "maxspeed": null }, "geometry": { "type": "LineString", "coordinates": [ [ 78.963998, 14.8796921 ], [ 78.9656107, 14.880998 ] ] } },
{ "type": "Feature", "properties": { "name": null, "highway": "secondary", "ref": "MDR090", "maxspeed": null }, "geometry": { "type": "LineString", "coordinates": [ [ 78.9757213, 14.8824898 ], [ 78.9750212, 14.8837406 ], [ 78.9697212, 14.8844664 ] ] } },
{ "type": "Feature", "properties": { "name": null, "highway": "secondary", "ref": "MDR090", "maxspeed": null }, "geometry": { "type": "LineString", "coordinates": [ [ 78.9664019, 14.8823667 ], [ 78.9670336, 14.8846738 ], [ 78.9697212, 14.8844664 ] ] } },
{ "type": "Feature", "properties": { "name": null, "highway": "secondary", "ref": "MDR090", "maxspeed": null }, "geometry": { "type": "LineString", "coordinates": [ [ 78.9770355, 14.8790953 ], [ 78.9760955, 14.8794893 ] ] } },
{ "type": "Feature", "properties": { "name": null, "highway": "secondary", "ref": "MDR090", "maxspeed": null }, "geometry": { "type": "LineString", "coordinates": [ [ 78.9965057, 14.8750617 ], [ 78.9903206, 14.8764252 ], [ 78.9865279, 14.8754143 ], [ 78.9796025, 14.8757574 ], [ 78.9774621, 14.8778406 ] ] } },
{ "type": "Feature", "properties": { "name": null, "highway": "secondary", "ref": "MDR0147", "maxspeed": null }, "geometry": { "type": "LineString", "coordinates": [ [ 78.9757213, 14.8824898 ], [ 78.9760244, 14.8857936 ], [ 78.9726985, 14.8935497 ], [ 78.973078, 14.8964958 ] ] } },
{ "type": "Feature", "properties": { "name": "Porumamilla - Konarajupalli - Narsapuram - Kasinayunipalli Road", "highway": "primary", "ref": "SH43", "maxspeed": null }, "geometry": { "type": "LineString", "coordinates": [ [ 78.9151416, 15.0566909 ], [ 78.9178104, 15.0571732 ], [ 78.9183582, 15.0557325 ], [ 78.9212202, 15.0536461 ], [ 78.9215621, 15.0517203 ], [ 78.9269306, 15.0499409 ], [ 78.9314729, 15.0512113 ], [ 78.9323003, 15.0527693 ], [ 78.9340331, 15.0524028 ], [ 78.9461043, 15.0566196 ] ] } },
{ "type": "Feature", "properties": { "name": "Porumamilla - Konarajupalli - Narsapuram - Kasinayunipalli Road", "highway": "primary", "ref": "SH43", "maxspeed": null }, "geometry": { "type": "LineString", "coordinates": [ [ 78.9148459, 15.0566798 ], [ 78.9151416, 15.0566909 ] ] } },
{ "type": "Feature", "properties": { "name": "Porumamilla - Konarajupalli - Narsapuram - Kasinayunipalli Road", "highway": "primary", "ref": "SH43", "maxspeed": null }, "geometry": { "type": "LineString", "coordinates": [ [ 78.9475206, 15.0571027 ], [ 78.9551961, 15.0586171 ] ] } },
{ "type": "Feature", "properties": { "name": "Porumamilla - Konarajupalli - Narsapuram - Kasinayunipalli Road", "highway": "primary", "ref": "SH43", "maxspeed": null }, "geometry": { "type": "LineString", "coordinates": [ [ 78.9461043, 15.0566196 ], [ 78.9475206, 15.0571027 ] ] } },
{ "type": "Feature", "properties": { "name": null, "highway": "secondary", "ref": "MDR0114", "maxspeed": null }, "geometry": { "type": "LineString", "coordinates": [ [ 78.9342624, 15.0526308 ], [ 78.9355391, 15.0557276 ], [ 78.9360273, 15.0614519 ], [ 78.9376849, 15.0646003 ] ] } },
{ "type": "Feature", "properties": { "name": null, "highway": "secondary", "ref": "MDR0114", "maxspeed": null }, "geometry": { "type": "LineString", "coordinates": [ [ 78.9376849, 15.0646003 ], [ 78.9388115, 15.0701498 ], [ 78.9365171, 15.0713429 ] ] } },
{ "type": "Feature", "properties": { "name": null, "highway": "secondary", "ref": "MDR0113", "maxspeed": null }, "geometry": { "type": "LineString", "coordinates": [ [ 78.9080076, 15.0147619 ], [ 78.9083496, 15.0147542 ] ] } },
{ "type": "Feature", "properties": { "name": null, "highway": "secondary", "ref": "MDR0113", "maxspeed": null }, "geometry": { "type": "LineString", "coordinates": [ [ 78.8818789, 15.0200017 ], [ 78.8831341, 15.0180794 ], [ 78.8928866, 15.0169446 ], [ 78.8964111, 15.0156234 ], [ 78.9080076, 15.0147619 ] ] } },
{ "type": "Feature", "properties": { "name": null, "highway": "secondary", "ref": "MDR0100", "maxspeed": null }, "geometry": { "type": "LineString", "coordinates": [ [ 78.928206, 15.0333897 ], [ 78.9272082, 15.0198514 ], [ 78.9277862, 15.0134197 ] ] } },
{ "type": "Feature", "properties": { "name": null, "highway": "secondary", "ref": "MDR0211", "maxspeed": null }, "geometry": { "type": "LineString", "coordinates": [ [ 78.9582051, 15.0947649 ], [ 78.9526047, 15.0940022 ], [ 78.9500351, 15.0922739 ], [ 78.9475325, 15.0933169 ] ] } },
{ "type": "Feature", "properties": { "name": null, "highway": "secondary", "ref": "MDR0211", "maxspeed": null }, "geometry": { "type": "LineString", "coordinates": [ [ 78.9582051, 15.0947649 ], [ 78.9605105, 15.0929757 ], [ 78.9697548, 15.095072 ] ] } },
{ "type": "Feature", "properties": { "name": null, "highway": "secondary", "ref": "MDR0211", "maxspeed": null }, "geometry": { "type": "LineString", "coordinates": [ [ 78.9714177, 15.0957414 ], [ 78.9716176, 15.0959007 ] ] } },
{ "type": "Feature", "properties": { "name": null, "highway": "secondary", "ref": "MDR0211", "maxspeed": null }, "geometry": { "type": "LineString", "coordinates": [ [ 78.9697548, 15.095072 ], [ 78.9714177, 15.0957414 ] ] } },
{ "type": "Feature", "properties": { "name": null, "highway": "secondary", "ref": "MDR0101", "maxspeed": null }, "geometry": { "type": "LineString", "coordinates": [ [ 78.9824214, 15.0919489 ], [ 78.9835399, 15.0983855 ] ] } },
{ "type": "Feature", "properties": { "name": null, "highway": "secondary", "ref": "MDR0101", "maxspeed": null }, "geometry": { "type": "LineString", "coordinates": [ [ 78.9823544, 15.09173 ], [ 78.9824214, 15.0919489 ] ] } },
{ "type": "Feature", "properties": { "name": null, "highway": "secondary", "ref": "MDR0212", "maxspeed": null }, "geometry": { "type": "LineString", "coordinates": [ [ 78.9760431, 15.0741202 ], [ 78.9752345, 15.0703015 ], [ 78.9761692, 15.0656947 ], [ 78.9780468, 15.0594316 ], [ 78.9802676, 15.055453 ], [ 78.9801389, 15.0534171 ], [ 78.9783351, 15.0495339 ] ] } },
{ "type": "Feature", "properties": { "name": null, "highway": "secondary", "ref": "MDR0101", "maxspeed": null }, "geometry": { "type": "LineString", "coordinates": [ [ 78.9756516, 15.0791377 ], [ 78.9775801, 15.0880656 ], [ 78.9795113, 15.08877 ], [ 78.9823544, 15.09173 ] ] } },
{ "type": "Feature", "properties": { "name": null, "highway": "secondary", "ref": "MDR0212", "maxspeed": null }, "geometry": { "type": "LineString", "coordinates": [ [ 78.9757214, 15.0766515 ], [ 78.9760431, 15.0741202 ] ] } },
{ "type": "Feature", "properties": { "name": null, "highway": "secondary", "ref": "MDR0211", "maxspeed": null }, "geometry": { "type": "LineString", "coordinates": [ [ 78.9716176, 15.0959007 ], [ 78.9758313, 15.0982172 ], [ 78.9829391, 15.0979789 ], [ 78.9868551, 15.103324 ] ] } },
{ "type": "Feature", "properties": { "name": null, "highway": "secondary", "ref": "MDR089", "maxspeed": null }, "geometry": { "type": "LineString", "coordinates": [ [ 78.9842587, 15.0654162 ], [ 78.9827192, 15.0643581 ], [ 78.9829391, 15.0616591 ], [ 78.9818233, 15.0579863 ], [ 78.979286, 15.0568207 ] ] } },
{ "type": "Feature", "properties": { "name": "Mydukuru - Thaticherla Road", "highway": "primary", "ref": "SH54", "maxspeed": null }, "geometry": { "type": "LineString", "coordinates": [ [ 78.9907751, 14.9974396 ], [ 78.9893987, 15.0087848 ] ] } },
{ "type": "Feature", "properties": { "name": null, "highway": "secondary", "ref": "MDR090", "maxspeed": null }, "geometry": { "type": "LineString", "coordinates": [ [ 78.9774621, 14.8778406 ], [ 78.9770355, 14.8790953 ] ] } },
{ "type": "Feature", "properties": { "name": null, "highway": "secondary", "ref": "MDR0220", "maxspeed": null }, "geometry": { "type": "LineString", "coordinates": [ [ 78.932063, 14.8689751 ], [ 78.9324358, 14.8676718 ] ] } },
{ "type": "Feature", "properties": { "name": null, "highway": "secondary", "ref": "MDR024", "maxspeed": null }, "geometry": { "type": "LineString", "coordinates": [ [ 78.9198026, 14.8988796 ], [ 78.9229542, 14.8986762 ] ] } },
{ "type": "Feature", "properties": { "name": null, "highway": "secondary", "ref": "MDR0220", "maxspeed": null }, "geometry": { "type": "LineString", "coordinates": [ [ 78.9229542, 14.8986762 ], [ 78.9237402, 14.9014154 ], [ 78.9236219, 14.9069608 ], [ 78.9197771, 14.9123183 ], [ 78.9204052, 14.9153445 ], [ 78.9199743, 14.9179806 ], [ 78.9148963, 14.9247299 ] ] } },
{ "type": "Feature", "properties": { "name": null, "highway": "secondary", "ref": "MDR0103", "maxspeed": null }, "geometry": { "type": "LineString", "coordinates": [ [ 78.9061011, 14.9200545 ], [ 78.9060653, 14.9224194 ], [ 78.9031492, 14.9233462 ], [ 78.9029582, 14.9293486 ], [ 78.9009648, 14.930914 ], [ 78.8997675, 14.9336881 ], [ 78.897229, 14.9357344 ], [ 78.8952721, 14.9393274 ], [ 78.8940039, 14.9456113 ], [ 78.8926371, 14.947021 ], [ 78.8888672, 14.9483517 ], [ 78.8879022, 14.9496006 ], [ 78.885565, 14.9565746 ] ] } },
{ "type": "Feature", "properties": { "name": null, "highway": "secondary", "ref": "MDR0109", "maxspeed": null }, "geometry": { "type": "LineString", "coordinates": [ [ 78.88978, 14.9668922 ], [ 78.8971187, 14.9660945 ], [ 78.8988784, 14.9745773 ], [ 78.9024489, 14.9743472 ], [ 78.9051646, 14.980546 ], [ 78.9053432, 14.9825772 ], [ 78.9095944, 14.9855697 ], [ 78.9178704, 14.9884466 ] ] } },
{ "type": "Feature", "properties": { "name": null, "highway": "secondary", "ref": "MDR091", "maxspeed": null }, "geometry": { "type": "LineString", "coordinates": [ [ 78.8970702, 14.9660835 ], [ 78.9129588, 14.9625617 ], [ 78.9206454, 14.9592775 ], [ 78.937823, 14.9560909 ], [ 78.943063, 14.9561251 ], [ 78.9424063, 14.9496471 ], [ 78.9433084, 14.9462616 ], [ 78.9408906, 14.9431724 ], [ 78.9430414, 14.9408084 ], [ 78.9418516, 14.9386644 ] ] } },
{ "type": "Feature", "properties": { "name": null, "highway": "secondary", "ref": "MDR0104", "maxspeed": null }, "geometry": { "type": "LineString", "coordinates": [ [ 78.9667688, 14.9564415 ], [ 78.9666393, 14.9591017 ], [ 78.9642146, 14.9611623 ], [ 78.9649999, 14.9629866 ], [ 78.9648926, 14.9659883 ], [ 78.962249, 14.9756191 ], [ 78.9615109, 14.981535 ], [ 78.9657054, 14.9809987 ], [ 78.9694347, 14.9834861 ], [ 78.9715103, 14.9835688 ], [ 78.9717333, 14.9846842 ], [ 78.9731747, 14.9853232 ], [ 78.974504, 14.9848916 ], [ 78.9759534, 14.985784 ], [ 78.9824884, 14.9864941 ], [ 78.9841544, 14.9863534 ], [ 78.9845864, 14.9854619 ] ] } },
{ "type": "Feature", "properties": { "name": null, "highway": "secondary", "ref": "MDR093", "maxspeed": null }, "geometry": { "type": "LineString", "coordinates": [ [ 78.9305068, 14.9970706 ], [ 78.9340271, 14.9960466 ], [ 78.9444347, 14.9957481 ], [ 78.9501041, 14.9975224 ], [ 78.9547192, 14.9980203 ] ] } },
{ "type": "Feature", "properties": { "name": null, "highway": "secondary", "ref": "MDR092", "maxspeed": null }, "geometry": { "type": "LineString", "coordinates": [ [ 78.8996313, 14.9984007 ], [ 78.8925569, 14.9979385 ], [ 78.892514, 14.9990163 ], [ 78.8877632, 15.0002184 ], [ 78.8800213, 15.0009066 ], [ 78.8749741, 15.0027555 ], [ 78.8714071, 15.0031657 ] ] } },
{ "type": "Feature", "properties": { "name": null, "highway": "secondary", "ref": "MDR0102", "maxspeed": null }, "geometry": { "type": "LineString", "coordinates": [ [ 78.9075791, 15.0953598 ], [ 78.9106065, 15.0945348 ], [ 78.9118848, 15.0962516 ], [ 78.914519, 15.0970386 ] ] } },
{ "type": "Feature", "properties": { "name": null, "highway": "secondary", "ref": "MDR088", "maxspeed": null }, "geometry": { "type": "LineString", "coordinates": [ [ 78.9369174, 15.1144406 ], [ 78.9376716, 15.1143095 ], [ 78.9394976, 15.1179202 ], [ 78.9400555, 15.1360525 ] ] } },
{ "type": "Feature", "properties": { "name": null, "highway": "secondary", "ref": "MDR088", "maxspeed": null }, "geometry": { "type": "LineString", "coordinates": [ [ 78.9401945, 15.1363164 ], [ 78.9417963, 15.1379095 ], [ 78.940865, 15.1444671 ], [ 78.9434138, 15.1502694 ], [ 78.9427379, 15.1546996 ], [ 78.9410191, 15.1574024 ] ] } },
{ "type": "Feature", "properties": { "name": null, "highway": "secondary", "ref": "MDR088", "maxspeed": null }, "geometry": { "type": "LineString", "coordinates": [ [ 78.9410191, 15.1574024 ], [ 78.9392081, 15.1593037 ], [ 78.9374963, 15.162914 ], [ 78.9350565, 15.1625596 ], [ 78.9326227, 15.166991 ], [ 78.9328352, 15.1691261 ], [ 78.9316183, 15.1716566 ], [ 78.9322222, 15.1750423 ], [ 78.9308748, 15.1775991 ], [ 78.9305064, 15.183734 ], [ 78.9319827, 15.1836615 ], [ 78.9313957, 15.1897646 ], [ 78.9339024, 15.1945206 ], [ 78.9341586, 15.2018269 ], [ 78.9366883, 15.2078271 ], [ 78.9355768, 15.2112119 ], [ 78.9372765, 15.214642 ], [ 78.9359124, 15.2190748 ], [ 78.9362625, 15.2214497 ], [ 78.9367063, 15.2226057 ], [ 78.9393299, 15.2238871 ], [ 78.941921, 15.2276269 ], [ 78.9419787, 15.2315929 ], [ 78.9441367, 15.2310497 ] ] } },
{ "type": "Feature", "properties": { "name": null, "highway": "secondary", "ref": "MDR094", "maxspeed": null }, "geometry": { "type": "LineString", "coordinates": [ [ 78.9789527, 15.0486084 ], [ 78.9814767, 15.0498592 ], [ 78.986991, 15.0497064 ], [ 78.9907294, 15.0485236 ], [ 78.9962284, 15.0494723 ], [ 78.9984807, 15.048869 ], [ 78.9989405, 15.0504394 ], [ 79.0013249, 15.0497085 ] ] } },
{ "type": "Feature", "properties": { "name": null, "highway": "secondary", "ref": "MDR094", "maxspeed": null }, "geometry": { "type": "LineString", "coordinates": [ [ 79.0012492, 15.049567 ], [ 79.0094416, 15.0484642 ], [ 79.0111986, 15.0501463 ], [ 79.0115615, 15.0432557 ] ] } },
{ "type": "Feature", "properties": { "name": null, "highway": "secondary", "ref": "MDR0101", "maxspeed": null }, "geometry": { "type": "LineString", "coordinates": [ [ 78.9756516, 15.0791377 ], [ 78.9757214, 15.0766515 ] ] } },
{ "type": "Feature", "properties": { "name": null, "highway": "secondary", "ref": "MDR0148", "maxspeed": null }, "geometry": { "type": "LineString", "coordinates": [ [ 79.0194271, 15.1331767 ], [ 79.0222093, 15.1329831 ] ] } },
{ "type": "Feature", "properties": { "name": null, "highway": "secondary", "ref": "MDR0148", "maxspeed": null }, "geometry": { "type": "LineString", "coordinates": [ [ 79.0222093, 15.1329831 ], [ 79.0244038, 15.1349611 ], [ 79.0269352, 15.1340128 ], [ 79.029911, 15.1347065 ] ] } },
{ "type": "Feature", "properties": { "name": null, "highway": "secondary", "ref": "MDR098", "maxspeed": null }, "geometry": { "type": "LineString", "coordinates": [ [ 79.0189111, 15.1237089 ], [ 79.022811, 15.1270407 ], [ 79.0244386, 15.1267651 ], [ 79.026799, 15.1276869 ], [ 79.0274449, 15.1306966 ], [ 79.029911, 15.1347065 ] ] } },
{ "type": "Feature", "properties": { "name": null, "highway": "secondary", "ref": "MDR0148", "maxspeed": null }, "geometry": { "type": "LineString", "coordinates": [ [ 79.029911, 15.1347065 ], [ 79.0316562, 15.1349505 ], [ 79.0324316, 15.1400646 ], [ 79.0279328, 15.1404365 ], [ 79.0194951, 15.1438051 ] ] } },
{ "type": "Feature", "properties": { "name": null, "highway": "secondary", "ref": "MDR0112", "maxspeed": null }, "geometry": { "type": "LineString", "coordinates": [ [ 79.0343766, 15.0064366 ], [ 79.0345062, 15.0069968 ], [ 79.0362147, 15.0058097 ], [ 79.0399654, 15.00537 ], [ 79.0415464, 15.0072283 ], [ 79.0379444, 15.0158455 ], [ 79.0381689, 15.0183779 ], [ 79.0408576, 15.0198697 ], [ 79.0408272, 15.0215227 ], [ 79.039492, 15.022698 ], [ 79.039404, 15.0240374 ], [ 79.0374164, 15.0230849 ], [ 79.0336504, 15.0235216 ], [ 79.0318479, 15.0287765 ], [ 79.031772, 15.0318128 ], [ 79.0307828, 15.0334423 ], [ 79.0315202, 15.0380551 ], [ 79.0300848, 15.0450681 ], [ 79.0289317, 15.0470433 ], [ 79.0303883, 15.0503711 ], [ 79.0293447, 15.0534661 ], [ 79.0312202, 15.0578868 ], [ 79.0299954, 15.0602401 ], [ 79.0307303, 15.0627436 ], [ 79.0295769, 15.0627904 ], [ 79.0289619, 15.0614524 ], [ 79.0265836, 15.0602623 ], [ 79.0223273, 15.0613415 ], [ 79.0218935, 15.0606122 ], [ 79.0208752, 15.0608561 ], [ 79.0206977, 15.0596986 ], [ 79.0180786, 15.0591018 ] ] } },
{ "type": "Feature", "properties": { "name": null, "highway": "secondary", "ref": "MDR099", "maxspeed": null }, "geometry": { "type": "LineString", "coordinates": [ [ 79.0208752, 15.0608561 ], [ 79.0219057, 15.0667937 ], [ 79.0211167, 15.0704125 ], [ 79.0250404, 15.0703715 ], [ 79.0263167, 15.0762129 ], [ 79.0291749, 15.0781224 ], [ 79.0288501, 15.081248 ], [ 79.0300662, 15.0824292 ], [ 79.0301384, 15.0849833 ], [ 79.0319982, 15.0870917 ], [ 79.0318723, 15.0894562 ], [ 79.0315541, 15.0905253 ], [ 79.0281371, 15.0912812 ], [ 79.027647, 15.0923622 ], [ 79.0200626, 15.0940567 ], [ 79.0169546, 15.0927509 ], [ 79.0152097, 15.0929651 ] ] } },
{ "type": "Feature", "properties": { "name": null, "highway": "secondary", "ref": "MDR0112", "maxspeed": null }, "geometry": { "type": "LineString", "coordinates": [ [ 79.0180786, 15.0591018 ], [ 79.0140091, 15.0582598 ], [ 79.0131432, 15.0570957 ], [ 79.0121559, 15.0573274 ] ] } },
{ "type": "Feature", "properties": { "name": null, "highway": "secondary", "ref": "MDR0108", "maxspeed": null }, "geometry": { "type": "LineString", "coordinates": [ [ 78.9786006, 14.9205868 ], [ 78.9823168, 14.9265095 ], [ 78.9854176, 14.9291027 ], [ 78.9869146, 14.9316133 ], [ 78.9901117, 14.9326826 ], [ 78.9909537, 14.9338294 ], [ 78.9939022, 14.9341471 ], [ 78.9942363, 14.9354488 ], [ 78.9955782, 14.9358311 ], [ 78.9954603, 14.9373578 ], [ 78.9994103, 14.9380625 ], [ 79.0029785, 14.9400033 ] ] } },
{ "type": "Feature", "properties": { "name": null, "highway": "secondary", "ref": "MDR0100", "maxspeed": null }, "geometry": { "type": "LineString", "coordinates": [ [ 78.928206, 15.0333897 ], [ 78.9258878, 15.03303 ], [ 78.9248401, 15.0365523 ], [ 78.9219028, 15.0379381 ], [ 78.9208086, 15.0395989 ], [ 78.920484, 15.0425987 ], [ 78.9212464, 15.0460533 ], [ 78.9235864, 15.0508759 ] ] } },
{ "type": "Feature", "properties": { "name": "Muddamvaripalle Road", "highway": "secondary", "ref": "MDR096", "maxspeed": null }, "geometry": { "type": "LineString", "coordinates": [ [ 78.971772, 15.0424088 ], [ 78.9728344, 15.0430845 ], [ 78.9783659, 15.0432862 ], [ 78.9785527, 15.0459819 ], [ 78.9797297, 15.0475079 ] ] } },
{ "type": "Feature", "properties": { "name": null, "highway": "secondary", "ref": "MDR097", "maxspeed": null }, "geometry": { "type": "LineString", "coordinates": [ [ 78.9467533, 15.1064925 ], [ 78.9539227, 15.1080203 ] ] } },
{ "type": "Feature", "properties": { "name": null, "highway": "secondary", "ref": "MDR097", "maxspeed": null }, "geometry": { "type": "LineString", "coordinates": [ [ 78.9539227, 15.1080203 ], [ 78.9497674, 15.1134951 ], [ 78.944739, 15.1119319 ] ] } },
{ "type": "Feature", "properties": { "name": null, "highway": "trunk", "ref": "NH167B", "maxspeed": null }, "geometry": { "type": "LineString", "coordinates": [ [ 79.0104346, 14.9761749 ], [ 78.995239, 14.9782873 ] ] } },
{ "type": "Feature", "properties": { "name": null, "highway": "trunk", "ref": "NH167B", "maxspeed": null }, "geometry": { "type": "LineString", "coordinates": [ [ 79.010703, 14.9761376 ], [ 79.0104346, 14.9761749 ] ] } },
{ "type": "Feature", "properties": { "name": null, "highway": "trunk", "ref": "NH167B", "maxspeed": null }, "geometry": { "type": "LineString", "coordinates": [ [ 79.0243311, 14.9780696 ], [ 79.0217398, 14.9785492 ], [ 79.0141018, 14.9756438 ], [ 79.010703, 14.9761376 ] ] } },
{ "type": "Feature", "properties": { "name": null, "highway": "trunk", "ref": "NH167B", "maxspeed": null }, "geometry": { "type": "LineString", "coordinates": [ [ 79.0245589, 14.9780859 ], [ 79.0243311, 14.9780696 ] ] } },
{ "type": "Feature", "properties": { "name": null, "highway": "trunk", "ref": "NH167B", "maxspeed": null }, "geometry": { "type": "LineString", "coordinates": [ [ 78.995239, 14.9782873 ], [ 78.9944231, 14.9812705 ] ] } },
{ "type": "Feature", "properties": { "name": null, "highway": "trunk", "ref": "NH167B", "maxspeed": null }, "geometry": { "type": "LineString", "coordinates": [ [ 78.9944231, 14.9812705 ], [ 78.9943521, 14.9815302 ] ] } },
{ "type": "Feature", "properties": { "name": null, "highway": "secondary", "ref": "MDR097", "maxspeed": null }, "geometry": { "type": "LineString", "coordinates": [ [ 78.9419262, 15.1121079 ], [ 78.9421263, 15.1122651 ] ] } },
{ "type": "Feature", "properties": { "name": null, "highway": "secondary", "ref": "MDR097", "maxspeed": null }, "geometry": { "type": "LineString", "coordinates": [ [ 78.9444699, 15.111911 ], [ 78.9418987, 15.112086 ] ] } },
{ "type": "Feature", "properties": { "name": null, "highway": "secondary", "ref": "MDR097", "maxspeed": null }, "geometry": { "type": "LineString", "coordinates": [ [ 78.944739, 15.1119319 ], [ 78.9444699, 15.111911 ] ] } },
{ "type": "Feature", "properties": { "name": null, "highway": "primary", "ref": "SH43", "maxspeed": null }, "geometry": { "type": "LineString", "coordinates": [ [ 78.9449976, 15.1008237 ], [ 78.9435459, 15.1038757 ], [ 78.9385981, 15.1045709 ] ] } },
{ "type": "Feature", "properties": { "name": null, "highway": "primary", "ref": "SH43", "maxspeed": null }, "geometry": { "type": "LineString", "coordinates": [ [ 78.945069, 15.1006666 ], [ 78.9449976, 15.1008237 ] ] } },
{ "type": "Feature", "properties": { "name": null, "highway": "secondary", "ref": "MDR097", "maxspeed": null }, "geometry": { "type": "LineString", "coordinates": [ [ 78.9421334, 15.1082516 ], [ 78.94649, 15.1065572 ] ] } },
{ "type": "Feature", "properties": { "name": null, "highway": "secondary", "ref": "MDR097", "maxspeed": null }, "geometry": { "type": "LineString", "coordinates": [ [ 78.94649, 15.1065572 ], [ 78.9467533, 15.1064925 ] ] } },
{ "type": "Feature", "properties": { "name": null, "highway": "primary", "ref": "SH43", "maxspeed": null }, "geometry": { "type": "LineString", "coordinates": [ [ 78.9480566, 15.0915329 ], [ 78.945069, 15.1006666 ] ] } },
{ "type": "Feature", "properties": { "name": null, "highway": "primary", "ref": "SH43", "maxspeed": null }, "geometry": { "type": "LineString", "coordinates": [ [ 78.9481083, 15.0913551 ], [ 78.9480566, 15.0915329 ] ] } },
{ "type": "Feature", "properties": { "name": "Porumamilla - Konarajupalli - Narsapuram - Kasinayunipalli Road", "highway": "primary", "ref": "SH43", "maxspeed": null }, "geometry": { "type": "LineString", "coordinates": [ [ 78.9554579, 15.0587257 ], [ 78.9576428, 15.0590798 ] ] } },
{ "type": "Feature", "properties": { "name": "Porumamilla - Konarajupalli - Narsapuram - Kasinayunipalli Road", "highway": "primary", "ref": "SH43", "maxspeed": null }, "geometry": { "type": "LineString", "coordinates": [ [ 78.9551961, 15.0586171 ], [ 78.9554579, 15.0587257 ] ] } },
{ "type": "Feature", "properties": { "name": null, "highway": "primary", "ref": "SH43", "maxspeed": null }, "geometry": { "type": "LineString", "coordinates": [ [ 78.9552078, 15.0789209 ], [ 78.9492035, 15.0876017 ], [ 78.9481083, 15.0913551 ] ] } },
{ "type": "Feature", "properties": { "name": null, "highway": "primary", "ref": "SH43", "maxspeed": null }, "geometry": { "type": "LineString", "coordinates": [ [ 78.9553612, 15.0787015 ], [ 78.9552078, 15.0789209 ] ] } },
{ "type": "Feature", "properties": { "name": null, "highway": "secondary", "ref": "MDR0103", "maxspeed": null }, "geometry": { "type": "LineString", "coordinates": [ [ 78.8854682, 14.957066 ], [ 78.8825695, 14.9688247 ] ] } },
{ "type": "Feature", "properties": { "name": null, "highway": "secondary", "ref": "MDR0103", "maxspeed": null }, "geometry": { "type": "LineString", "coordinates": [ [ 78.885565, 14.9565746 ], [ 78.8854682, 14.957066 ] ] } },
{ "type": "Feature", "properties": { "name": null, "highway": "secondary", "ref": "MDR097", "maxspeed": null }, "geometry": { "type": "LineString", "coordinates": [ [ 78.9421263, 15.1122651 ], [ 78.9443459, 15.1138549 ], [ 78.9459013, 15.1171124 ], [ 78.9514768, 15.1200632 ], [ 78.953855, 15.122251 ], [ 78.9522346, 15.1266579 ], [ 78.9525161, 15.1303576 ], [ 78.9515382, 15.1343667 ], [ 78.9500367, 15.1346927 ] ] } },
{ "type": "Feature", "properties": { "name": null, "highway": "secondary", "ref": "MDR097", "maxspeed": null }, "geometry": { "type": "LineString", "coordinates": [ [ 78.9500367, 15.1346927 ], [ 78.9495715, 15.1347049 ] ] } },
{ "type": "Feature", "properties": { "name": null, "highway": "secondary", "ref": "MDR097", "maxspeed": null }, "geometry": { "type": "LineString", "coordinates": [ [ 78.9495715, 15.1347049 ], [ 78.9475036, 15.1315594 ], [ 78.9459013, 15.1306119 ], [ 78.945046, 15.1328309 ], [ 78.9460024, 15.1333674 ], [ 78.9459771, 15.134618 ], [ 78.9400555, 15.1360525 ] ] } },
{ "type": "Feature", "properties": { "name": null, "highway": "secondary", "ref": "MDR088", "maxspeed": null }, "geometry": { "type": "LineString", "coordinates": [ [ 78.9400555, 15.1360525 ], [ 78.9401945, 15.1363164 ] ] } },
{ "type": "Feature", "properties": { "name": "Porumamilla - Konarajupalli - Narsapuram - Kasinayunipalli Road", "highway": "primary", "ref": "SH43", "maxspeed": null }, "geometry": { "type": "LineString", "coordinates": [ [ 78.8654189, 15.0515658 ], [ 78.8664983, 15.0477652 ], [ 78.8659481, 15.0442701 ] ] } },
{ "type": "Feature", "properties": { "name": "Porumamilla - Konarajupalli - Narsapuram - Kasinayunipalli Road", "highway": "primary", "ref": "SH43", "maxspeed": null }, "geometry": { "type": "LineString", "coordinates": [ [ 78.8659481, 15.0442701 ], [ 78.8659818, 15.0439825 ] ] } },
{ "type": "Feature", "properties": { "name": "Kasinayana Ashramam Jyothi Main Road", "highway": "secondary", "ref": "MDR026", "maxspeed": null }, "geometry": { "type": "LineString", "coordinates": [ [ 78.8335113, 15.0482266 ], [ 78.8407533, 15.0495321 ], [ 78.8449053, 15.0516975 ], [ 78.8506399, 15.0528372 ], [ 78.854336, 15.0530754 ], [ 78.8565354, 15.0523295 ], [ 78.8592551, 15.0529252 ], [ 78.8654189, 15.0515658 ] ] } },
{ "type": "Feature", "properties": { "name": null, "highway": "secondary", "ref": "MDR0111", "maxspeed": null }, "geometry": { "type": "LineString", "coordinates": [ [ 78.9760955, 14.8794893 ], [ 78.9757213, 14.8824898 ] ] } },
{ "type": "Feature", "properties": { "name": null, "highway": "secondary", "ref": "MDR097", "maxspeed": null }, "geometry": { "type": "LineString", "coordinates": [ [ 78.942444, 15.1068143 ], [ 78.9421334, 15.1082516 ] ] } },
{ "type": "Feature", "properties": { "name": null, "highway": "secondary", "ref": null, "maxspeed": null }, "geometry": { "type": "LineString", "coordinates": [ [ 78.9418987, 15.112086 ], [ 78.9419262, 15.1121079 ] ] } },
{ "type": "Feature", "properties": { "name": null, "highway": "secondary", "ref": "MDR092", "maxspeed": null }, "geometry": { "type": "LineString", "coordinates": [ [ 78.9201285, 14.9993209 ], [ 78.9174425, 15.0001294 ], [ 78.9172238, 15.0014493 ], [ 78.9156917, 15.0015571 ], [ 78.9128507, 14.9989 ], [ 78.8999005, 14.99838 ] ] } },
{ "type": "Feature", "properties": { "name": null, "highway": "secondary", "ref": "MDR092", "maxspeed": null }, "geometry": { "type": "LineString", "coordinates": [ [ 78.8999005, 14.99838 ], [ 78.8996313, 14.9984007 ] ] } },
{ "type": "Feature", "properties": { "name": null, "highway": "trunk", "ref": "NH167B", "maxspeed": null }, "geometry": { "type": "LineString", "coordinates": [ [ 78.8674738, 14.8808386 ], [ 78.875579, 14.8850057 ], [ 78.8838825, 14.8911565 ], [ 78.8858177, 14.8936362 ] ] } },
{ "type": "Feature", "properties": { "name": null, "highway": "trunk", "ref": "NH167B", "maxspeed": null }, "geometry": { "type": "LineString", "coordinates": [ [ 78.8858177, 14.8936362 ], [ 78.8858623, 14.893705 ] ] } },
{ "type": "Feature", "properties": { "name": null, "highway": "secondary", "ref": "MDR0109", "maxspeed": null }, "geometry": { "type": "LineString", "coordinates": [ [ 78.8827044, 14.9682347 ], [ 78.88952, 14.9669636 ] ] } },
{ "type": "Feature", "properties": { "name": null, "highway": "secondary", "ref": "MDR0109", "maxspeed": null }, "geometry": { "type": "LineString", "coordinates": [ [ 78.88952, 14.9669636 ], [ 78.88978, 14.9668922 ] ] } },
{ "type": "Feature", "properties": { "name": null, "highway": "secondary", "ref": "MDR0109", "maxspeed": null }, "geometry": { "type": "LineString", "coordinates": [ [ 78.9179458, 14.9885059 ], [ 78.9226161, 14.989102 ], [ 78.925474, 14.9906278 ], [ 78.9286025, 14.9897995 ], [ 78.930182, 14.9905316 ], [ 78.9310304, 14.9947844 ], [ 78.9301823, 14.9971858 ] ] } },
{ "type": "Feature", "properties": { "name": null, "highway": "secondary", "ref": "MDR0109", "maxspeed": null }, "geometry": { "type": "LineString", "coordinates": [ [ 78.9178704, 14.9884466 ], [ 78.9179458, 14.9885059 ] ] } },
{ "type": "Feature", "properties": { "name": "Rayachoti - Vempalle Road", "highway": "trunk", "ref": "NH440", "maxspeed": null }, "geometry": { "type": "LineString", "coordinates": [ [ 78.6555733, 14.2067938 ], [ 78.6508976, 14.2092477 ], [ 78.6419685, 14.2115462 ], [ 78.6217587, 14.2143712 ], [ 78.6188871, 14.216189 ], [ 78.6184609, 14.2177025 ], [ 78.6119765, 14.2175204 ], [ 78.6075445, 14.2153743 ], [ 78.5999011, 14.214627 ], [ 78.5839238, 14.2152842 ], [ 78.5456178, 14.2199649 ], [ 78.5431784, 14.2212532 ], [ 78.5376061, 14.2224258 ], [ 78.5317066, 14.2225246 ], [ 78.5294327, 14.2237616 ], [ 78.5257876, 14.2277174 ], [ 78.518326, 14.2377162 ], [ 78.5065619, 14.2503126 ], [ 78.5009073, 14.2588269 ] ] } },
{ "type": "Feature", "properties": { "name": "Kadapa - Pulivendula Road", "highway": "trunk", "ref": "NH440", "maxspeed": null }, "geometry": { "type": "LineString", "coordinates": [ [ 78.4712721, 14.3886541 ], [ 78.468193, 14.3860278 ] ] } },
{ "type": "Feature", "properties": { "name": "Yerraguntla - Vempalle Road", "highway": "trunk", "ref": "NH440", "maxspeed": null }, "geometry": { "type": "LineString", "coordinates": [ [ 78.4712721, 14.3886541 ], [ 78.4703151, 14.3944497 ], [ 78.471189, 14.3994067 ] ] } },
{ "type": "Feature", "properties": { "name": null, "highway": "trunk", "ref": "NH440", "maxspeed": null }, "geometry": { "type": "LineString", "coordinates": [ [ 78.468193, 14.3860278 ], [ 78.4637223, 14.3838133 ] ] } },
{ "type": "Feature", "properties": { "name": "Kadapa - Pulivendula Road", "highway": "trunk", "ref": "NH440", "maxspeed": null }, "geometry": { "type": "LineString", "coordinates": [ [ 78.4637223, 14.3838133 ], [ 78.4414276, 14.3692909 ], [ 78.4392046, 14.3685663 ] ] } },
{ "type": "Feature", "properties": { "name": "Yerraguntla - Vempalle Road", "highway": "trunk", "ref": "NH440", "maxspeed": null }, "geometry": { "type": "LineString", "coordinates": [ [ 78.471189, 14.3994067 ], [ 78.4718993, 14.4028141 ] ] } },
{ "type": "Feature", "properties": { "name": "Yerraguntla - Vempalle Road", "highway": "trunk", "ref": "NH440", "maxspeed": null }, "geometry": { "type": "LineString", "coordinates": [ [ 78.4562606, 14.413569 ], [ 78.4612387, 14.4189724 ], [ 78.4664288, 14.4223052 ], [ 78.4666407, 14.4290448 ], [ 78.4688568, 14.4309747 ], [ 78.4701596, 14.4389636 ], [ 78.4690971, 14.4484342 ], [ 78.4694988, 14.4509422 ] ] } },
{ "type": "Feature", "properties": { "name": "Arts College Road", "highway": "secondary", "ref": "MDR0119", "maxspeed": "30" }, "geometry": { "type": "LineString", "coordinates": [ [ 78.8275595, 14.4565476 ], [ 78.8347385, 14.4530883 ], [ 78.8414945, 14.4509145 ], [ 78.845009, 14.4480463 ], [ 78.8472055, 14.447613 ], [ 78.8480979, 14.4455922 ] ] } },
{ "type": "Feature", "properties": { "name": null, "highway": "secondary", "ref": "MDR0382", "maxspeed": null }, "geometry": { "type": "LineString", "coordinates": [ [ 78.8366662, 14.4821495 ], [ 78.8414465, 14.4814782 ], [ 78.8500357, 14.4784912 ], [ 78.8562047, 14.4777484 ] ] } },
{ "type": "Feature", "properties": { "name": null, "highway": "primary", "ref": "SH51", "maxspeed": null }, "geometry": { "type": "LineString", "coordinates": [ [ 78.7903351, 14.4817861 ], [ 78.7946594, 14.4815381 ] ] } },
{ "type": "Feature", "properties": { "name": null, "highway": "primary", "ref": "SH51", "maxspeed": null }, "geometry": { "type": "LineString", "coordinates": [ [ 78.7886896, 14.4817451 ], [ 78.7888431, 14.4818965 ] ] } },
{ "type": "Feature", "properties": { "name": null, "highway": "secondary", "ref": "MDR0383", "maxspeed": "30" }, "geometry": { "type": "LineString", "coordinates": [ [ 78.8356838, 14.4658981 ], [ 78.8364558, 14.4741558 ], [ 78.8380272, 14.4760741 ] ] } },
{ "type": "Feature", "properties": { "name": null, "highway": "secondary", "ref": "MDR0379", "maxspeed": null }, "geometry": { "type": "LineString", "coordinates": [ [ 78.8321375, 14.4653004 ], [ 78.8243138, 14.4671777 ] ] } },
{ "type": "Feature", "properties": { "name": "Kadapa Bypass", "highway": "trunk", "ref": "NH40", "maxspeed": null }, "geometry": { "type": "LineString", "coordinates": [ [ 78.7836893, 14.4820568 ], [ 78.7834745, 14.4767938 ], [ 78.7936306, 14.4520725 ], [ 78.8059108, 14.4443917 ] ] } },
{ "type": "Feature", "properties": { "name": null, "highway": "secondary", "ref": "MDR0121", "maxspeed": null }, "geometry": { "type": "LineString", "coordinates": [ [ 78.8303053, 14.4783193 ], [ 78.8278168, 14.4717972 ] ] } },
{ "type": "Feature", "properties": { "name": "Old Bus Stand Road", "highway": "secondary", "ref": "MDR0380", "maxspeed": null }, "geometry": { "type": "LineString", "coordinates": [ [ 78.8238262, 14.4695757 ], [ 78.8227374, 14.4710258 ], [ 78.8221384, 14.4757254 ], [ 78.8234224, 14.4768085 ] ] } },
{ "type": "Feature", "properties": { "name": "old bus stand rd", "highway": "secondary", "ref": "MDR0380", "maxspeed": null }, "geometry": { "type": "LineString", "coordinates": [ [ 78.8236194, 14.4770232 ], [ 78.8237213, 14.4768116 ], [ 78.8235262, 14.476721 ], [ 78.8234132, 14.476911 ], [ 78.8236194, 14.4770232 ] ] } },
{ "type": "Feature", "properties": { "name": null, "highway": "primary", "ref": null, "maxspeed": null }, "geometry": { "type": "LineString", "coordinates": [ [ 78.8167671, 14.4655405 ], [ 78.8204363, 14.4645588 ] ] } },
{ "type": "Feature", "properties": { "name": "old rims road", "highway": "secondary", "ref": "MDR0380", "maxspeed": null }, "geometry": { "type": "LineString", "coordinates": [ [ 78.824683, 14.4764732 ], [ 78.8247441, 14.476576 ], [ 78.8248566, 14.4765006 ], [ 78.8247829, 14.4764095 ], [ 78.824683, 14.4764732 ] ] } },
{ "type": "Feature", "properties": { "name": null, "highway": "secondary", "ref": "MDR0431", "maxspeed": null }, "geometry": { "type": "LineString", "coordinates": [ [ 78.821506, 14.4508807 ], [ 78.8191742, 14.4463117 ], [ 78.8166046, 14.4448416 ], [ 78.8160521, 14.4420155 ], [ 78.8165865, 14.4389021 ], [ 78.8185129, 14.4376177 ] ] } },
{ "type": "Feature", "properties": { "name": null, "highway": "secondary", "ref": "MDR0435", "maxspeed": null }, "geometry": { "type": "LineString", "coordinates": [ [ 78.831588, 14.4347656 ], [ 78.829334, 14.4408481 ], [ 78.8277435, 14.4412968 ], [ 78.8283554, 14.4492759 ], [ 78.8221383, 14.4503319 ], [ 78.821506, 14.4508807 ], [ 78.8219757, 14.4538362 ] ] } },
{ "type": "Feature", "properties": { "name": null, "highway": "trunk", "ref": "NH40", "maxspeed": null }, "geometry": { "type": "LineString", "coordinates": [ [ 78.7590382, 14.3001623 ], [ 78.7605692, 14.3018125 ], [ 78.760759, 14.3038442 ], [ 78.7613008, 14.3024686 ], [ 78.7613158, 14.303813 ], [ 78.7633775, 14.3073607 ], [ 78.7639309, 14.3114917 ], [ 78.7621859, 14.3138428 ], [ 78.7654982, 14.3141585 ], [ 78.7707067, 14.3164557 ], [ 78.768298, 14.3180547 ], [ 78.7696177, 14.3199045 ], [ 78.7679607, 14.3227457 ], [ 78.7727699, 14.3202722 ], [ 78.7711025, 14.3221949 ], [ 78.7728962, 14.3222267 ], [ 78.7724435, 14.3246452 ], [ 78.7764227, 14.3361866 ], [ 78.7780245, 14.3388901 ], [ 78.7787773, 14.3430375 ], [ 78.7783225, 14.3487354 ], [ 78.7803801, 14.3563346 ], [ 78.7837314, 14.3591599 ], [ 78.7881468, 14.3653664 ], [ 78.7926306, 14.3730719 ], [ 78.7944255, 14.3778153 ], [ 78.8014018, 14.4072784 ], [ 78.8015807, 14.4178754 ], [ 78.8040798, 14.4258229 ], [ 78.8030215, 14.4310031 ] ] } },
{ "type": "Feature", "properties": { "name": null, "highway": "primary", "ref": null, "maxspeed": null }, "geometry": { "type": "LineString", "coordinates": [ [ 78.809146, 14.4796941 ], [ 78.8079305, 14.4873701 ], [ 78.8047594, 14.4913808 ] ] } },
{ "type": "Feature", "properties": { "name": null, "highway": "secondary", "ref": "MDR0380", "maxspeed": null }, "geometry": { "type": "LineString", "coordinates": [ [ 78.8183615, 14.4701397 ], [ 78.8168165, 14.4657244 ] ] } },
{ "type": "Feature", "properties": { "name": null, "highway": "secondary", "ref": "MDR0124", "maxspeed": null }, "geometry": { "type": "LineString", "coordinates": [ [ 78.8161554, 14.486683 ], [ 78.8164841, 14.4893828 ], [ 78.813369, 14.4999835 ], [ 78.8135493, 14.5079477 ] ] } },
{ "type": "Feature", "properties": { "name": null, "highway": "secondary", "ref": "MDR0388", "maxspeed": null }, "geometry": { "type": "LineString", "coordinates": [ [ 78.4141552, 14.4659394 ], [ 78.3989632, 14.4730789 ], [ 78.3949131, 14.4738554 ], [ 78.3942962, 14.4749852 ], [ 78.3906323, 14.4770628 ], [ 78.381038, 14.4803325 ], [ 78.3804721, 14.4812128 ], [ 78.3816925, 14.4866483 ], [ 78.3828428, 14.4878187 ], [ 78.3821235, 14.4884533 ], [ 78.3794287, 14.4887102 ], [ 78.3784604, 14.4864899 ], [ 78.3747107, 14.4842435 ] ] } },
{ "type": "Feature", "properties": { "name": null, "highway": "secondary", "ref": "MDR0379", "maxspeed": null }, "geometry": { "type": "LineString", "coordinates": [ [ 78.8357741, 14.4658689 ], [ 78.8378639, 14.4671958 ], [ 78.842162, 14.4657005 ], [ 78.8476094, 14.4698961 ] ] } },
{ "type": "Feature", "properties": { "name": null, "highway": "secondary", "ref": "MDR0380", "maxspeed": null }, "geometry": { "type": "LineString", "coordinates": [ [ 78.824384, 14.4673439 ], [ 78.8242224, 14.4671486 ], [ 78.8240409, 14.4673137 ], [ 78.8242363, 14.4674826 ], [ 78.824384, 14.4673439 ] ] } },
{ "type": "Feature", "properties": { "name": null, "highway": "secondary", "ref": "MDR02", "maxspeed": null }, "geometry": { "type": "LineString", "coordinates": [ [ 78.8216718, 14.4792934 ], [ 78.8203261, 14.4805078 ], [ 78.8200839, 14.4823076 ] ] } },
{ "type": "Feature", "properties": { "name": null, "highway": "primary", "ref": null, "maxspeed": null }, "geometry": { "type": "LineString", "coordinates": [ [ 78.8242765, 14.4671599 ], [ 78.8238759, 14.4640292 ] ] } },
{ "type": "Feature", "properties": { "name": "Kadapa - Tadipatri Road", "highway": "secondary", "ref": "MDR02", "maxspeed": null }, "geometry": { "type": "LineString", "coordinates": [ [ 78.8221021, 14.4781216 ], [ 78.8235188, 14.4770219 ] ] } },
{ "type": "Feature", "properties": { "name": null, "highway": "secondary", "ref": "MDR0380", "maxspeed": null }, "geometry": { "type": "LineString", "coordinates": [ [ 78.8247441, 14.476576 ], [ 78.8237161, 14.4769446 ] ] } },
{ "type": "Feature", "properties": { "name": null, "highway": "secondary", "ref": null, "maxspeed": null }, "geometry": { "type": "LineString", "coordinates": [ [ 78.8236852, 14.4765407 ], [ 78.824683, 14.4764732 ] ] } },
{ "type": "Feature", "properties": { "name": null, "highway": "primary", "ref": null, "maxspeed": null }, "geometry": { "type": "LineString", "coordinates": [ [ 78.8061311, 14.4448016 ], [ 78.8060821, 14.4443163 ] ] } },
{ "type": "Feature", "properties": { "name": null, "highway": "secondary", "ref": "MDR0390", "maxspeed": null }, "geometry": { "type": "LineString", "coordinates": [ [ 78.436227, 14.3948504 ], [ 78.4359537, 14.3965973 ], [ 78.4390884, 14.4008712 ], [ 78.4400409, 14.4048517 ], [ 78.4417787, 14.4057262 ], [ 78.4416055, 14.4107436 ], [ 78.4446517, 14.41274 ], [ 78.4444835, 14.4162573 ], [ 78.4454885, 14.4178362 ], [ 78.4439436, 14.4206437 ], [ 78.4439366, 14.4277392 ], [ 78.4454228, 14.4345107 ], [ 78.4518671, 14.4319112 ], [ 78.4584278, 14.4309034 ], [ 78.4644359, 14.4321333 ], [ 78.4670185, 14.4296205 ] ] } },
{ "type": "Feature", "properties": { "name": null, "highway": "secondary", "ref": "MDR069", "maxspeed": null }, "geometry": { "type": "LineString", "coordinates": [ [ 78.432728, 14.3965702 ], [ 78.4224505, 14.4031241 ], [ 78.4209829, 14.408038 ], [ 78.4143, 14.4174489 ], [ 78.414426, 14.4232596 ] ] } },
{ "type": "Feature", "properties": { "name": null, "highway": "secondary", "ref": "MDR069", "maxspeed": null }, "geometry": { "type": "LineString", "coordinates": [ [ 78.3871005, 14.4201779 ], [ 78.3900516, 14.4217311 ], [ 78.3952558, 14.4218932 ], [ 78.39574, 14.416969 ], [ 78.3988111, 14.4170646 ], [ 78.4037422, 14.4177274 ], [ 78.4095599, 14.4223346 ], [ 78.414426, 14.4232596 ] ] } },
{ "type": "Feature", "properties": { "name": null, "highway": "secondary", "ref": "MDR0357", "maxspeed": null }, "geometry": { "type": "LineString", "coordinates": [ [ 78.4178178, 14.4648771 ], [ 78.4150999, 14.4591428 ] ] } },
{ "type": "Feature", "properties": { "name": "Rayachoti - Vempalle Road", "highway": "trunk", "ref": "NH440", "maxspeed": null }, "geometry": { "type": "LineString", "coordinates": [ [ 78.4823063, 14.3363677 ], [ 78.4815968, 14.336634 ] ] } },
{ "type": "Feature", "properties": { "name": "Rayachoti - Vempalle Road", "highway": "trunk", "ref": "NH440", "maxspeed": null }, "geometry": { "type": "LineString", "coordinates": [ [ 78.4847311, 14.3354891 ], [ 78.4823063, 14.3363677 ] ] } },
{ "type": "Feature", "properties": { "name": "IIIT RK Valley Road", "highway": "secondary", "ref": "MDR022", "maxspeed": null }, "geometry": { "type": "LineString", "coordinates": [ [ 78.485428, 14.3351746 ], [ 78.5071768, 14.3297438 ], [ 78.5118832, 14.3295813 ], [ 78.5159827, 14.3284493 ], [ 78.5351649, 14.3297176 ], [ 78.5381505, 14.3308433 ], [ 78.5391504, 14.3328764 ], [ 78.5414992, 14.332747 ], [ 78.547693, 14.3350687 ], [ 78.5550001, 14.3338308 ] ] } },
{ "type": "Feature", "properties": { "name": null, "highway": "secondary", "ref": "MDR0316", "maxspeed": null }, "geometry": { "type": "LineString", "coordinates": [ [ 78.4674033, 14.2508619 ], [ 78.4675616, 14.250605 ] ] } },
{ "type": "Feature", "properties": { "name": null, "highway": "secondary", "ref": "MDR0316", "maxspeed": null }, "geometry": { "type": "LineString", "coordinates": [ [ 78.4675616, 14.250605 ], [ 78.4682185, 14.24766 ], [ 78.4640444, 14.2433193 ], [ 78.4637532, 14.2411604 ], [ 78.4661817, 14.2412868 ], [ 78.4679603, 14.2399953 ], [ 78.4677276, 14.237848 ], [ 78.4666399, 14.2367128 ], [ 78.4671099, 14.2353743 ], [ 78.4661504, 14.2311185 ], [ 78.4674709, 14.2299643 ], [ 78.4672451, 14.2276773 ], [ 78.4683799, 14.2258919 ], [ 78.4680343, 14.2238837 ], [ 78.4705135, 14.217677 ], [ 78.4688474, 14.2151149 ] ] } },
{ "type": "Feature", "properties": { "name": "Kadiri - Vempalle Road", "highway": "primary", "ref": "SH359", "maxspeed": null }, "geometry": { "type": "LineString", "coordinates": [ [ 78.4882414, 14.31057 ], [ 78.4906586, 14.3102665 ] ] } },
{ "type": "Feature", "properties": { "name": "Kadiri - Vempalle Road", "highway": "primary", "ref": "SH359", "maxspeed": null }, "geometry": { "type": "LineString", "coordinates": [ [ 78.4906586, 14.3102665 ], [ 78.4940041, 14.3098371 ] ] } },
{ "type": "Feature", "properties": { "name": "Batrepalli - Gandi Road", "highway": "primary", "ref": "SH365", "maxspeed": null }, "geometry": { "type": "LineString", "coordinates": [ [ 78.2659036, 14.244863 ], [ 78.2698951, 14.2469459 ], [ 78.2719964, 14.2491949 ], [ 78.2834152, 14.2566729 ], [ 78.2877686, 14.2580829 ], [ 78.2997765, 14.2649374 ], [ 78.300969, 14.2665805 ], [ 78.3088803, 14.2646711 ], [ 78.3167497, 14.2609446 ], [ 78.3221966, 14.256909 ], [ 78.3259235, 14.2567434 ], [ 78.3380928, 14.2536387 ], [ 78.3399777, 14.2542742 ], [ 78.3438371, 14.2521376 ], [ 78.3554058, 14.2512174 ], [ 78.3675425, 14.2464334 ], [ 78.3799526, 14.2462584 ], [ 78.3875104, 14.2453405 ], [ 78.3939791, 14.2426233 ], [ 78.4001778, 14.2415125 ], [ 78.4058272, 14.2430777 ], [ 78.4084081, 14.24473 ], [ 78.4181158, 14.2457857 ], [ 78.4226855, 14.24294 ], [ 78.4243003, 14.2409158 ], [ 78.4275347, 14.243096 ], [ 78.4283823, 14.2476675 ], [ 78.4370239, 14.2541685 ], [ 78.4412408, 14.2556364 ], [ 78.4575101, 14.2640386 ], [ 78.461058, 14.2640474 ] ] } },
{ "type": "Feature", "properties": { "name": null, "highway": "secondary", "ref": "MDR075", "maxspeed": null }, "geometry": { "type": "LineString", "coordinates": [ [ 78.41821, 14.4650107 ], [ 78.4182109, 14.4732867 ], [ 78.4160416, 14.4840408 ], [ 78.4222145, 14.4874036 ], [ 78.4239455, 14.4903375 ], [ 78.427971, 14.4927173 ] ] } },
{ "type": "Feature", "properties": { "name": null, "highway": "secondary", "ref": "MDR068", "maxspeed": null }, "geometry": { "type": "LineString", "coordinates": [ [ 78.4165695, 14.465345 ], [ 78.4237335, 14.4644791 ], [ 78.4302753, 14.4610385 ], [ 78.4391803, 14.4588048 ], [ 78.4429344, 14.4562996 ], [ 78.4455478, 14.4561219 ], [ 78.4476252, 14.4575075 ], [ 78.464857, 14.4518441 ], [ 78.4668626, 14.452169 ], [ 78.4699352, 14.4548649 ] ] } },
{ "type": "Feature", "properties": { "name": "Kadapa - Pulivendula Road", "highway": "primary", "ref": "SH51", "maxspeed": null }, "geometry": { "type": "LineString", "coordinates": [ [ 78.4383479, 14.3685982 ], [ 78.4302825, 14.3695155 ], [ 78.41708, 14.3743537 ], [ 78.3967596, 14.376622 ], [ 78.3917626, 14.3753904 ], [ 78.3784696, 14.3764531 ], [ 78.3551592, 14.369587 ], [ 78.3456499, 14.3689152 ], [ 78.3265566, 14.3718371 ], [ 78.3171612, 14.3688255 ] ] } },
{ "type": "Feature", "properties": { "name": null, "highway": "primary", "ref": null, "maxspeed": null }, "geometry": { "type": "LineString", "coordinates": [ [ 78.8204363, 14.4645588 ], [ 78.8215682, 14.4644887 ] ] } },
{ "type": "Feature", "properties": { "name": null, "highway": "primary", "ref": null, "maxspeed": null }, "geometry": { "type": "LineString", "coordinates": [ [ 78.8215682, 14.4644887 ], [ 78.8237094, 14.4640654 ] ] } },
{ "type": "Feature", "properties": { "name": null, "highway": "secondary", "ref": "MDR0379", "maxspeed": null }, "geometry": { "type": "LineString", "coordinates": [ [ 78.8328432, 14.4653285 ], [ 78.8346561, 14.4650909 ], [ 78.8356564, 14.4657926 ] ] } },
{ "type": "Feature", "properties": { "name": null, "highway": "secondary", "ref": "MDR0379", "maxspeed": null }, "geometry": { "type": "LineString", "coordinates": [ [ 78.8323143, 14.4652508 ], [ 78.8321777, 14.4652247 ], [ 78.8321572, 14.4653564 ], [ 78.8323004, 14.4653662 ], [ 78.8323143, 14.4652508 ] ] } },
{ "type": "Feature", "properties": { "name": null, "highway": "secondary", "ref": "MDR0379", "maxspeed": null }, "geometry": { "type": "LineString", "coordinates": [ [ 78.8322867, 14.4653754 ], [ 78.8328432, 14.4653285 ] ] } },
{ "type": "Feature", "properties": { "name": null, "highway": "secondary", "ref": "MDR0379", "maxspeed": null }, "geometry": { "type": "LineString", "coordinates": [ [ 78.8243839, 14.467287 ], [ 78.8321798, 14.465377 ] ] } },
{ "type": "Feature", "properties": { "name": null, "highway": "secondary", "ref": "MDR0380", "maxspeed": null }, "geometry": { "type": "LineString", "coordinates": [ [ 78.8239316, 14.4694721 ], [ 78.8242363, 14.4674826 ] ] } },
{ "type": "Feature", "properties": { "name": null, "highway": "primary", "ref": null, "maxspeed": null }, "geometry": { "type": "LineString", "coordinates": [ [ 78.8238855, 14.4639277 ], [ 78.8237387, 14.4638593 ], [ 78.8236612, 14.4640039 ], [ 78.8238161, 14.4640769 ], [ 78.8238855, 14.4639277 ] ] } },
{ "type": "Feature", "properties": { "name": null, "highway": "primary", "ref": null, "maxspeed": null }, "geometry": { "type": "LineString", "coordinates": [ [ 78.8237386, 14.4640788 ], [ 78.8240767, 14.4672137 ] ] } },
{ "type": "Feature", "properties": { "name": null, "highway": "primary", "ref": null, "maxspeed": null }, "geometry": { "type": "LineString", "coordinates": [ [ 78.8239415, 14.4655159 ], [ 78.8240498, 14.4655028 ] ] } },
{ "type": "Feature", "properties": { "name": null, "highway": "secondary", "ref": "MDR0380", "maxspeed": null }, "geometry": { "type": "LineString", "coordinates": [ [ 78.8238451, 14.4695928 ], [ 78.8238257, 14.4694876 ], [ 78.8239316, 14.4694721 ], [ 78.8239502, 14.4695714 ], [ 78.8238451, 14.4695928 ] ] } },
{ "type": "Feature", "properties": { "name": null, "highway": "secondary", "ref": "MDR0439", "maxspeed": null }, "geometry": { "type": "LineString", "coordinates": [ [ 78.8238688, 14.4696027 ], [ 78.8234418, 14.4738456 ] ] } },
{ "type": "Feature", "properties": { "name": null, "highway": "secondary", "ref": "MDR0380", "maxspeed": null }, "geometry": { "type": "LineString", "coordinates": [ [ 78.8241294, 14.4674596 ], [ 78.823865, 14.4694609 ] ] } },
{ "type": "Feature", "properties": { "name": null, "highway": "secondary", "ref": "MDR02", "maxspeed": null }, "geometry": { "type": "LineString", "coordinates": [ [ 78.8200839, 14.4823076 ], [ 78.8188846, 14.4837198 ], [ 78.8165784, 14.4837798 ] ] } },
{ "type": "Feature", "properties": { "name": null, "highway": "secondary", "ref": "MDR02", "maxspeed": null }, "geometry": { "type": "LineString", "coordinates": [ [ 78.8164901, 14.4838543 ], [ 78.8190578, 14.483737 ], [ 78.8200839, 14.4823076 ] ] } },
{ "type": "Feature", "properties": { "name": null, "highway": "secondary", "ref": "MDR02", "maxspeed": null }, "geometry": { "type": "LineString", "coordinates": [ [ 78.8217671, 14.4791713 ], [ 78.8216718, 14.4792934 ] ] } },
{ "type": "Feature", "properties": { "name": null, "highway": "secondary", "ref": "MDR02", "maxspeed": null }, "geometry": { "type": "LineString", "coordinates": [ [ 78.8216718, 14.4792934 ], [ 78.8217671, 14.4791713 ] ] } },
{ "type": "Feature", "properties": { "name": null, "highway": "secondary", "ref": "MDR0438", "maxspeed": null }, "geometry": { "type": "LineString", "coordinates": [ [ 78.8322929, 14.4652276 ], [ 78.8294499, 14.4612082 ], [ 78.8275595, 14.4565476 ] ] } },
{ "type": "Feature", "properties": { "name": "Kadapa - Tadipatri Road", "highway": "secondary", "ref": "MDR02", "maxspeed": null }, "geometry": { "type": "LineString", "coordinates": [ [ 78.8217462, 14.4791634 ], [ 78.8220399, 14.478227 ] ] } },
{ "type": "Feature", "properties": { "name": null, "highway": "secondary", "ref": "MDR02", "maxspeed": null }, "geometry": { "type": "LineString", "coordinates": [ [ 78.8221021, 14.4781216 ], [ 78.8219893, 14.4780754 ], [ 78.8219491, 14.4781828 ], [ 78.8220663, 14.4782172 ], [ 78.8221021, 14.4781216 ] ] } },
{ "type": "Feature", "properties": { "name": "Kadapa - Pulivendula Road", "highway": "primary", "ref": "SH51", "maxspeed": null }, "geometry": { "type": "LineString", "coordinates": [ [ 78.7586457, 14.4806385 ], [ 78.7551811, 14.4807683 ], [ 78.7493257, 14.4772629 ], [ 78.7444354, 14.4757875 ] ] } },
{ "type": "Feature", "properties": { "name": null, "highway": "primary", "ref": null, "maxspeed": null }, "geometry": { "type": "LineString", "coordinates": [ [ 78.7246676, 14.4782754 ], [ 78.7247116, 14.4783572 ] ] } },
{ "type": "Feature", "properties": { "name": null, "highway": "primary", "ref": "SH51", "maxspeed": null }, "geometry": { "type": "LineString", "coordinates": [ [ 78.7837803, 14.4821818 ], [ 78.7886896, 14.4817451 ] ] } },
{ "type": "Feature", "properties": { "name": null, "highway": "trunk", "ref": "NH40", "maxspeed": null }, "geometry": { "type": "LineString", "coordinates": [ [ 78.7837736, 14.4822245 ], [ 78.7836893, 14.4820568 ], [ 78.7835027, 14.4821661 ], [ 78.7835918, 14.4823096 ], [ 78.7837736, 14.4822245 ] ] } },
{ "type": "Feature", "properties": { "name": null, "highway": "trunk", "ref": "NH40", "maxspeed": null }, "geometry": { "type": "LineString", "coordinates": [ [ 78.8060821, 14.4443163 ], [ 78.8059929, 14.444159 ], [ 78.8058377, 14.4442595 ], [ 78.8059108, 14.4443917 ], [ 78.8060821, 14.4443163 ] ] } },
{ "type": "Feature", "properties": { "name": null, "highway": "trunk", "ref": "NH40", "maxspeed": null }, "geometry": { "type": "LineString", "coordinates": [ [ 78.8058377, 14.4442595 ], [ 78.7935514, 14.4520355 ], [ 78.7834046, 14.4766802 ], [ 78.7835591, 14.4820742 ] ] } },
{ "type": "Feature", "properties": { "name": null, "highway": "trunk", "ref": "NH40", "maxspeed": null }, "geometry": { "type": "LineString", "coordinates": [ [ 78.8056651, 14.4434035 ], [ 78.805876, 14.4441887 ] ] } },
{ "type": "Feature", "properties": { "name": null, "highway": "secondary", "ref": "MDR0120", "maxspeed": null }, "geometry": { "type": "LineString", "coordinates": [ [ 78.8478624, 14.4443351 ], [ 78.8594738, 14.4397604 ] ] } },
{ "type": "Feature", "properties": { "name": "Rayachoti - Vempalle Road", "highway": "trunk", "ref": "NH440", "maxspeed": null }, "geometry": { "type": "LineString", "coordinates": [ [ 78.4815968, 14.336634 ], [ 78.4725131, 14.3399794 ], [ 78.4695897, 14.3447391 ], [ 78.4596799, 14.3556291 ], [ 78.4522967, 14.3590855 ], [ 78.4498898, 14.3620618 ], [ 78.4383341, 14.3686759 ] ] } },
{ "type": "Feature", "properties": { "name": "Rayachoti - Vempalle Road", "highway": "trunk", "ref": "NH440", "maxspeed": null }, "geometry": { "type": "LineString", "coordinates": [ [ 78.438507, 14.3686696 ], [ 78.4501719, 14.3619805 ], [ 78.4521539, 14.3592891 ], [ 78.4599755, 14.3555004 ], [ 78.4696835, 14.3447718 ], [ 78.4725573, 14.3400673 ], [ 78.4815968, 14.336634 ] ] } },
{ "type": "Feature", "properties": { "name": "Kadapa - Pulivendula Road", "highway": "trunk", "ref": "NH440", "maxspeed": null }, "geometry": { "type": "LineString", "coordinates": [ [ 78.4391291, 14.3686502 ], [ 78.4410555, 14.3691697 ], [ 78.468356, 14.3862295 ], [ 78.4712545, 14.3887608 ] ] } },
{ "type": "Feature", "properties": { "name": "Kadapa - Pulivendula Road", "highway": "primary", "ref": "SH51", "maxspeed": null }, "geometry": { "type": "LineString", "coordinates": [ [ 78.5126298, 14.4072227 ], [ 78.5249798, 14.4072096 ], [ 78.546003, 14.4129612 ], [ 78.5631637, 14.4158032 ], [ 78.578345, 14.4233729 ], [ 78.5847072, 14.4275863 ], [ 78.5939805, 14.4299818 ], [ 78.6209743, 14.4396682 ], [ 78.6307429, 14.4409722 ], [ 78.6423894, 14.4446637 ], [ 78.6538478, 14.4502699 ], [ 78.6687509, 14.4594323 ], [ 78.6894987, 14.4667148 ], [ 78.6940802, 14.4692566 ], [ 78.6953989, 14.4708198 ] ] } },
{ "type": "Feature", "properties": { "name": null, "highway": "secondary", "ref": "MDR0121", "maxspeed": null }, "geometry": { "type": "LineString", "coordinates": [ [ 78.8278168, 14.4717972 ], [ 78.8302584, 14.4783345 ] ] } },
{ "type": "Feature", "properties": { "name": null, "highway": "secondary", "ref": "MDR0121", "maxspeed": null }, "geometry": { "type": "LineString", "coordinates": [ [ 78.8278168, 14.4717972 ], [ 78.8271262, 14.4670534 ] ] } },
{ "type": "Feature", "properties": { "name": "Madras Road", "highway": "secondary", "ref": "MDR0437", "maxspeed": null }, "geometry": { "type": "LineString", "coordinates": [ [ 78.8264585, 14.4785504 ], [ 78.8239708, 14.4787056 ] ] } },
{ "type": "Feature", "properties": { "name": null, "highway": "secondary", "ref": "MDR0380", "maxspeed": null }, "geometry": { "type": "LineString", "coordinates": [ [ 78.8380011, 14.4760135 ], [ 78.8288536, 14.4788126 ] ] } },
{ "type": "Feature", "properties": { "name": "Madras Road", "highway": "secondary", "ref": "MDR0380", "maxspeed": null }, "geometry": { "type": "LineString", "coordinates": [ [ 78.8288832, 14.4788827 ], [ 78.8380272, 14.4760741 ] ] } },
{ "type": "Feature", "properties": { "name": "Madras Road", "highway": "secondary", "ref": "MDR0437", "maxspeed": null }, "geometry": { "type": "LineString", "coordinates": [ [ 78.8217971, 14.4792635 ], [ 78.8239708, 14.4787056 ] ] } },
{ "type": "Feature", "properties": { "name": "Madras Road", "highway": "secondary", "ref": "MDR0437", "maxspeed": null }, "geometry": { "type": "LineString", "coordinates": [ [ 78.8239708, 14.4787056 ], [ 78.8217887, 14.4791935 ] ] } },
{ "type": "Feature", "properties": { "name": "Kadapa - Tadipatri Road", "highway": "secondary", "ref": "MDR02", "maxspeed": null }, "geometry": { "type": "LineString", "coordinates": [ [ 78.8219491, 14.4781828 ], [ 78.8216546, 14.4792001 ] ] } },
{ "type": "Feature", "properties": { "name": "Kadapa - Tadipatri Road", "highway": "secondary", "ref": "MDR02", "maxspeed": null }, "geometry": { "type": "LineString", "coordinates": [ [ 78.8234713, 14.4769972 ], [ 78.8220407, 14.4780697 ] ] } },
{ "type": "Feature", "properties": { "name": null, "highway": "primary", "ref": null, "maxspeed": null }, "geometry": { "type": "LineString", "coordinates": [ [ 78.8077471, 14.4878748 ], [ 78.8092282, 14.4797005 ] ] } },
{ "type": "Feature", "properties": { "name": null, "highway": "primary", "ref": null, "maxspeed": null }, "geometry": { "type": "LineString", "coordinates": [ [ 78.8092282, 14.4797005 ], [ 78.8115254, 14.4736263 ], [ 78.8168165, 14.4657244 ] ] } },
{ "type": "Feature", "properties": { "name": null, "highway": "primary", "ref": null, "maxspeed": null }, "geometry": { "type": "LineString", "coordinates": [ [ 78.8164689, 14.4650795 ], [ 78.8164533, 14.4666403 ], [ 78.8115148, 14.4734842 ], [ 78.809146, 14.4796941 ] ] } },
{ "type": "Feature", "properties": { "name": null, "highway": "primary", "ref": null, "maxspeed": null }, "geometry": { "type": "LineString", "coordinates": [ [ 78.8215577, 14.4643758 ], [ 78.8204258, 14.4644459 ] ] } },
{ "type": "Feature", "properties": { "name": null, "highway": "primary", "ref": null, "maxspeed": null }, "geometry": { "type": "LineString", "coordinates": [ [ 78.8204258, 14.4644459 ], [ 78.8167295, 14.4654763 ] ] } },
{ "type": "Feature", "properties": { "name": null, "highway": "primary", "ref": null, "maxspeed": null }, "geometry": { "type": "LineString", "coordinates": [ [ 78.823664, 14.4639268 ], [ 78.8215577, 14.4643758 ] ] } },
{ "type": "Feature", "properties": { "name": null, "highway": "secondary", "ref": null, "maxspeed": null }, "geometry": { "type": "LineString", "coordinates": [ [ 78.8234767, 14.4598239 ], [ 78.8234393, 14.4597071 ], [ 78.8233181, 14.4597467 ], [ 78.8233563, 14.4598592 ], [ 78.8234767, 14.4598239 ] ] } },
{ "type": "Feature", "properties": { "name": null, "highway": "secondary", "ref": null, "maxspeed": null }, "geometry": { "type": "LineString", "coordinates": [ [ 78.8233563, 14.4598592 ], [ 78.8238081, 14.4638586 ] ] } },
{ "type": "Feature", "properties": { "name": null, "highway": "secondary", "ref": null, "maxspeed": null }, "geometry": { "type": "LineString", "coordinates": [ [ 78.8238675, 14.4638973 ], [ 78.8234371, 14.4598608 ] ] } },
{ "type": "Feature", "properties": { "name": null, "highway": "secondary", "ref": "MDR0438", "maxspeed": null }, "geometry": { "type": "LineString", "coordinates": [ [ 78.8286578, 14.4583472 ], [ 78.8294071, 14.46132 ], [ 78.8322348, 14.4652075 ] ] } },
{ "type": "Feature", "properties": { "name": "Kadapa - Pulivendula Road", "highway": "primary", "ref": "SH51", "maxspeed": null }, "geometry": { "type": "LineString", "coordinates": [ [ 78.7444354, 14.4757875 ], [ 78.7316199, 14.4779014 ], [ 78.7252604, 14.478078 ], [ 78.7142254, 14.4823942 ], [ 78.7118577, 14.4825208 ], [ 78.6993206, 14.4780042 ], [ 78.6950786, 14.4700849 ], [ 78.6922302, 14.4679174 ], [ 78.6829536, 14.4639428 ], [ 78.6691604, 14.459539 ], [ 78.6538895, 14.4501781 ], [ 78.6426283, 14.4446692 ], [ 78.633596, 14.4415665 ], [ 78.6212391, 14.4396554 ], [ 78.593411, 14.4296999 ], [ 78.584434, 14.4273969 ], [ 78.578415, 14.4233336 ], [ 78.5629942, 14.4156639 ], [ 78.5462096, 14.412933 ], [ 78.5240489, 14.4069874 ], [ 78.5111465, 14.407148 ] ] } },
{ "type": "Feature", "properties": { "name": "Kadapa - Pulivendula Road", "highway": "primary", "ref": "SH51", "maxspeed": null }, "geometry": { "type": "LineString", "coordinates": [ [ 78.6953989, 14.4708198 ], [ 78.6995939, 14.4783212 ], [ 78.7121687, 14.4827246 ], [ 78.7253402, 14.4781395 ], [ 78.7315516, 14.4779784 ], [ 78.7449192, 14.4758041 ], [ 78.7496409, 14.477507 ], [ 78.754967, 14.4807056 ] ] } },
{ "type": "Feature", "properties": { "name": "Kadapa - Pulivendula Road", "highway": "trunk", "ref": "NH440", "maxspeed": null }, "geometry": { "type": "LineString", "coordinates": [ [ 78.4392046, 14.3685663 ], [ 78.4383479, 14.3685982 ] ] } },
{ "type": "Feature", "properties": { "name": "Kadapa - Pulivendula Road", "highway": "primary", "ref": "SH51", "maxspeed": null }, "geometry": { "type": "LineString", "coordinates": [ [ 78.754967, 14.4807056 ], [ 78.7567987, 14.4810278 ], [ 78.7654247, 14.4796463 ], [ 78.7835047, 14.4822119 ] ] } },
{ "type": "Feature", "properties": { "name": "Kadapa - Pulivendula Road", "highway": "primary", "ref": "SH51", "maxspeed": null }, "geometry": { "type": "LineString", "coordinates": [ [ 78.7835167, 14.4821223 ], [ 78.7651756, 14.4795615 ], [ 78.7586457, 14.4806385 ] ] } },
{ "type": "Feature", "properties": { "name": "Kadapa - Pulivendula Road", "highway": "primary", "ref": "SH51", "maxspeed": null }, "geometry": { "type": "LineString", "coordinates": [ [ 78.2728695, 14.3683726 ], [ 78.2786712, 14.3676203 ], [ 78.2886185, 14.3694922 ], [ 78.2936798, 14.3673515 ], [ 78.3114698, 14.3668557 ], [ 78.3264309, 14.3719006 ], [ 78.3325759, 14.3705066 ], [ 78.3466816, 14.3689983 ], [ 78.3559781, 14.3698025 ], [ 78.3784175, 14.376528 ], [ 78.3917963, 14.3754758 ], [ 78.3967987, 14.3767125 ], [ 78.4170614, 14.3744326 ], [ 78.4301332, 14.3696492 ], [ 78.4383341, 14.3686759 ] ] } },
{ "type": "Feature", "properties": { "name": "Rayachoti - Vempalle Road", "highway": "trunk", "ref": "NH440", "maxspeed": null }, "geometry": { "type": "LineString", "coordinates": [ [ 78.4883475, 14.3218458 ], [ 78.4864863, 14.3255246 ] ] } },
{ "type": "Feature", "properties": { "name": "Rayachoti - Vempalle Road", "highway": "trunk", "ref": "NH440", "maxspeed": null }, "geometry": { "type": "LineString", "coordinates": [ [ 78.4864863, 14.3255246 ], [ 78.4883475, 14.3218458 ] ] } },
{ "type": "Feature", "properties": { "name": "Rayachoti - Vempalle Road", "highway": "trunk", "ref": "NH440", "maxspeed": null }, "geometry": { "type": "LineString", "coordinates": [ [ 78.4864863, 14.3255246 ], [ 78.4854489, 14.331314 ], [ 78.48589, 14.33419 ], [ 78.4847311, 14.3354891 ] ] } },
{ "type": "Feature", "properties": { "name": null, "highway": "trunk", "ref": "NH40", "maxspeed": null }, "geometry": { "type": "LineString", "coordinates": [ [ 78.806034, 14.4441754 ], [ 78.8057686, 14.4434532 ] ] } },
{ "type": "Feature", "properties": { "name": null, "highway": "primary", "ref": null, "maxspeed": null }, "geometry": { "type": "LineString", "coordinates": [ [ 78.8059108, 14.4443917 ], [ 78.8061311, 14.4448016 ] ] } },
{ "type": "Feature", "properties": { "name": null, "highway": "secondary", "ref": "MDR0436", "maxspeed": null }, "geometry": { "type": "LineString", "coordinates": [ [ 78.8116766, 14.4734086 ], [ 78.8113046, 14.4709181 ], [ 78.8087779, 14.4713389 ], [ 78.8060206, 14.4704247 ], [ 78.8040358, 14.4683418 ], [ 78.7987223, 14.4674873 ], [ 78.7979484, 14.4665957 ], [ 78.7890905, 14.4680769 ], [ 78.7854293, 14.4671493 ], [ 78.7831952, 14.4660566 ], [ 78.7808559, 14.4624714 ], [ 78.7811241, 14.4607097 ] ] } },
{ "type": "Feature", "properties": { "name": null, "highway": "secondary", "ref": "MDR0436", "maxspeed": null }, "geometry": { "type": "LineString", "coordinates": [ [ 78.7797535, 14.4506853 ], [ 78.779698, 14.4500408 ] ] } },
{ "type": "Feature", "properties": { "name": null, "highway": "secondary", "ref": "MDR0436", "maxspeed": null }, "geometry": { "type": "LineString", "coordinates": [ [ 78.779698, 14.4500408 ], [ 78.7789493, 14.4471288 ], [ 78.7765615, 14.4452133 ], [ 78.7833469, 14.4356965 ], [ 78.7856013, 14.4336401 ] ] } },
{ "type": "Feature", "properties": { "name": null, "highway": "secondary", "ref": "MDR024", "maxspeed": null }, "geometry": { "type": "LineString", "coordinates": [ [ 78.7525924, 14.4338954 ], [ 78.7548723, 14.4340409 ], [ 78.7614974, 14.4320849 ], [ 78.7731623, 14.433485 ], [ 78.7794172, 14.4328408 ], [ 78.7819197, 14.431781 ], [ 78.7856013, 14.4336401 ] ] } },
{ "type": "Feature", "properties": { "name": null, "highway": "secondary", "ref": "MDR024", "maxspeed": null }, "geometry": { "type": "LineString", "coordinates": [ [ 78.7856013, 14.4336401 ], [ 78.7906991, 14.4339588 ], [ 78.7937139, 14.4355978 ], [ 78.8009183, 14.4344887 ], [ 78.8031673, 14.4348823 ] ] } },
{ "type": "Feature", "properties": { "name": null, "highway": "secondary", "ref": "MDR0431", "maxspeed": null }, "geometry": { "type": "LineString", "coordinates": [ [ 78.8185129, 14.4376177 ], [ 78.818695, 14.4375318 ] ] } },
{ "type": "Feature", "properties": { "name": null, "highway": "secondary", "ref": "MDR0431", "maxspeed": null }, "geometry": { "type": "LineString", "coordinates": [ [ 78.818695, 14.4375318 ], [ 78.8203879, 14.4355961 ], [ 78.8208595, 14.4292775 ], [ 78.8178833, 14.4280717 ], [ 78.8193907, 14.4254974 ], [ 78.8173094, 14.4193929 ] ] } },
{ "type": "Feature", "properties": { "name": null, "highway": "secondary", "ref": "MDR0431", "maxspeed": null }, "geometry": { "type": "LineString", "coordinates": [ [ 78.7969004, 14.3875883 ], [ 78.8009856, 14.3909663 ] ] } },
{ "type": "Feature", "properties": { "name": null, "highway": "secondary", "ref": "MDR0431", "maxspeed": null }, "geometry": { "type": "LineString", "coordinates": [ [ 78.8009856, 14.3909663 ], [ 78.8010749, 14.3910588 ] ] } },
{ "type": "Feature", "properties": { "name": null, "highway": "secondary", "ref": "MDR0431", "maxspeed": null }, "geometry": { "type": "LineString", "coordinates": [ [ 78.8010749, 14.3910588 ], [ 78.8044672, 14.3946668 ], [ 78.8125245, 14.4081441 ] ] } },
{ "type": "Feature", "properties": { "name": null, "highway": "secondary", "ref": "MDR0431", "maxspeed": null }, "geometry": { "type": "LineString", "coordinates": [ [ 78.8125245, 14.4081441 ], [ 78.812828, 14.4085331 ] ] } },
{ "type": "Feature", "properties": { "name": null, "highway": "secondary", "ref": "MDR0431", "maxspeed": null }, "geometry": { "type": "LineString", "coordinates": [ [ 78.812828, 14.4085331 ], [ 78.814152, 14.4103446 ], [ 78.814264, 14.4159011 ], [ 78.8173094, 14.4193929 ] ] } },
{ "type": "Feature", "properties": { "name": null, "highway": "secondary", "ref": "MDR024", "maxspeed": null }, "geometry": { "type": "LineString", "coordinates": [ [ 78.7018334, 14.4445776 ], [ 78.7098311, 14.4449079 ], [ 78.7131526, 14.4438272 ], [ 78.7193925, 14.438981 ], [ 78.7343855, 14.4375791 ], [ 78.7352588, 14.4363376 ], [ 78.7409141, 14.4351753 ], [ 78.7525924, 14.4338954 ] ] } },
{ "type": "Feature", "properties": { "name": null, "highway": "secondary", "ref": "MDR024", "maxspeed": null }, "geometry": { "type": "LineString", "coordinates": [ [ 78.6907255, 14.4447886 ], [ 78.7018334, 14.4445776 ] ] } },
{ "type": "Feature", "properties": { "name": null, "highway": "secondary", "ref": "MDR024", "maxspeed": null }, "geometry": { "type": "LineString", "coordinates": [ [ 78.6607784, 14.4544693 ], [ 78.6678287, 14.4503358 ], [ 78.6721083, 14.4490857 ] ] } },
{ "type": "Feature", "properties": { "name": null, "highway": "secondary", "ref": "MDR024", "maxspeed": null }, "geometry": { "type": "LineString", "coordinates": [ [ 78.6721083, 14.4490857 ], [ 78.6722747, 14.4489992 ] ] } },
{ "type": "Feature", "properties": { "name": null, "highway": "secondary", "ref": "MDR024", "maxspeed": null }, "geometry": { "type": "LineString", "coordinates": [ [ 78.6808222, 14.4463619 ], [ 78.6907255, 14.4447886 ] ] } },
{ "type": "Feature", "properties": { "name": "Galiveedu - Konapeta Road", "highway": "primary", "ref": "SH452", "maxspeed": null }, "geometry": { "type": "LineString", "coordinates": [ [ 78.5908378, 14.1416485 ], [ 78.5856067, 14.135045 ], [ 78.5835542, 14.1303241 ], [ 78.5769452, 14.1258177 ], [ 78.5699493, 14.1167098 ], [ 78.5646486, 14.1116465 ], [ 78.5573409, 14.1077367 ], [ 78.5558175, 14.1030868 ], [ 78.5516761, 14.0978385 ], [ 78.5508285, 14.0955675 ], [ 78.5459563, 14.0721669 ], [ 78.5414797, 14.0664287 ], [ 78.5395733, 14.0623296 ], [ 78.5318284, 14.0530279 ], [ 78.5261683, 14.0476711 ], [ 78.5239743, 14.0444146 ], [ 78.5164051, 14.0379758 ], [ 78.5160416, 14.0313156 ], [ 78.5167859, 14.0269752 ], [ 78.5146214, 14.0212341 ] ] } },
{ "type": "Feature", "properties": { "name": null, "highway": "secondary", "ref": "MDR0358", "maxspeed": null }, "geometry": { "type": "LineString", "coordinates": [ [ 78.4172063, 14.3743107 ], [ 78.4165893, 14.3752335 ] ] } },
{ "type": "Feature", "properties": { "name": null, "highway": "secondary", "ref": "MDR", "maxspeed": null }, "geometry": { "type": "LineString", "coordinates": [ [ 78.8397601, 14.4274018 ], [ 78.840723, 14.4272667 ], [ 78.8420427, 14.430002 ], [ 78.8399545, 14.4339582 ] ] } },
{ "type": "Feature", "properties": { "name": null, "highway": "secondary", "ref": "MDR034", "maxspeed": null }, "geometry": { "type": "LineString", "coordinates": [ [ 78.5542028, 14.2139343 ], [ 78.5535604, 14.2099011 ], [ 78.5521173, 14.2075818 ], [ 78.5505831, 14.2066821 ], [ 78.546946, 14.2057096 ], [ 78.5411954, 14.2068225 ], [ 78.5381323, 14.2061673 ] ] } },
{ "type": "Feature", "properties": { "name": null, "highway": "secondary", "ref": "MDR030", "maxspeed": null }, "geometry": { "type": "LineString", "coordinates": [ [ 78.7187109, 14.4806748 ], [ 78.7162015, 14.4832606 ], [ 78.713015, 14.4850901 ], [ 78.7092733, 14.4949934 ], [ 78.7000277, 14.4989808 ], [ 78.6996147, 14.5009232 ], [ 78.6949054, 14.5043502 ], [ 78.6943582, 14.506597 ], [ 78.68638, 14.5083705 ], [ 78.6750966, 14.5157424 ], [ 78.6564848, 14.5191205 ], [ 78.6523365, 14.5209511 ] ] } },
{ "type": "Feature", "properties": { "name": null, "highway": "secondary", "ref": "MDR0441", "maxspeed": null }, "geometry": { "type": "LineString", "coordinates": [ [ 78.6848274, 14.4647279 ], [ 78.6847258, 14.467799 ], [ 78.6836743, 14.4687313 ], [ 78.6850362, 14.4726017 ], [ 78.6843107, 14.4743826 ], [ 78.6850832, 14.476485 ] ] } },
{ "type": "Feature", "properties": { "name": null, "highway": "secondary", "ref": "MDR0214", "maxspeed": null }, "geometry": { "type": "LineString", "coordinates": [ [ 78.7359421, 14.5151736 ], [ 78.7645979, 14.4950583 ], [ 78.7654348, 14.4919758 ], [ 78.7681545, 14.4911695 ], [ 78.7694983, 14.4899243 ], [ 78.7754607, 14.4810636 ] ] } },
{ "type": "Feature", "properties": { "name": null, "highway": "secondary", "ref": "MDR0219", "maxspeed": null }, "geometry": { "type": "LineString", "coordinates": [ [ 78.472504, 14.2146099 ], [ 78.4774286, 14.2150181 ] ] } },
{ "type": "Feature", "properties": { "name": null, "highway": "secondary", "ref": "MDR034", "maxspeed": null }, "geometry": { "type": "LineString", "coordinates": [ [ 78.4774286, 14.2150181 ], [ 78.4782252, 14.2187258 ], [ 78.4817281, 14.2184918 ], [ 78.4821841, 14.217288 ], [ 78.4869102, 14.2157695 ], [ 78.4891203, 14.2164408 ] ] } },
{ "type": "Feature", "properties": { "name": null, "highway": "secondary", "ref": "MDR0219", "maxspeed": null }, "geometry": { "type": "LineString", "coordinates": [ [ 78.4261593, 14.1945923 ], [ 78.4282073, 14.2016689 ], [ 78.4304738, 14.2048308 ], [ 78.4331855, 14.2056108 ], [ 78.4361413, 14.2041859 ], [ 78.4407601, 14.2043679 ], [ 78.4433618, 14.2048412 ], [ 78.4468406, 14.2071995 ], [ 78.4563062, 14.2051948 ], [ 78.4592056, 14.2061621 ], [ 78.4609598, 14.2108085 ], [ 78.4630331, 14.2128678 ], [ 78.4675607, 14.2150597 ], [ 78.472504, 14.2146099 ] ] } },
{ "type": "Feature", "properties": { "name": null, "highway": "secondary", "ref": "MDR0347", "maxspeed": null }, "geometry": { "type": "LineString", "coordinates": [ [ 78.4722427, 14.4725032 ], [ 78.4781447, 14.4727699 ], [ 78.4818783, 14.4716843 ], [ 78.4945062, 14.4733256 ], [ 78.4983256, 14.471931 ], [ 78.5022742, 14.4729651 ], [ 78.5036043, 14.4724556 ], [ 78.5042976, 14.4707065 ], [ 78.5065734, 14.4708194 ], [ 78.5076678, 14.4687521 ], [ 78.5102829, 14.4669588 ], [ 78.516507, 14.4675055 ], [ 78.5239045, 14.4649914 ], [ 78.5357183, 14.4708012 ], [ 78.5422012, 14.4765122 ], [ 78.5493708, 14.4792547 ], [ 78.5521254, 14.484885 ], [ 78.5569981, 14.4866946 ] ] } },
{ "type": "Feature", "properties": { "name": null, "highway": "secondary", "ref": "MDR0443", "maxspeed": null }, "geometry": { "type": "LineString", "coordinates": [ [ 78.6273019, 14.4401647 ], [ 78.6268142, 14.4365972 ], [ 78.6278039, 14.4339685 ], [ 78.6208865, 14.4307293 ], [ 78.6204144, 14.4292617 ], [ 78.6184457, 14.4282252 ], [ 78.6131135, 14.4205985 ], [ 78.6123866, 14.4173436 ] ] } },
{ "type": "Feature", "properties": { "name": null, "highway": "secondary", "ref": "MDR0106", "maxspeed": null }, "geometry": { "type": "LineString", "coordinates": [ [ 78.5772708, 14.4682689 ], [ 78.5763323, 14.4637006 ], [ 78.574774, 14.4613813 ], [ 78.5717887, 14.4597658 ], [ 78.5700667, 14.4573166 ], [ 78.5719898, 14.4541116 ], [ 78.5759541, 14.4529843 ], [ 78.5893276, 14.4539297 ], [ 78.6014673, 14.4561219 ], [ 78.6057025, 14.4581322 ], [ 78.611488, 14.45774 ], [ 78.6162624, 14.4557167 ], [ 78.6167881, 14.4510415 ], [ 78.6225709, 14.4475558 ], [ 78.6241052, 14.4476857 ], [ 78.6264065, 14.4499558 ], [ 78.6288232, 14.4496441 ], [ 78.6288694, 14.4425415 ], [ 78.628059, 14.4403205 ] ] } },
{ "type": "Feature", "properties": { "name": null, "highway": "secondary", "ref": "MDR0106", "maxspeed": null }, "geometry": { "type": "LineString", "coordinates": [ [ 78.5286544, 14.408363 ], [ 78.5279372, 14.4119688 ], [ 78.5259551, 14.4130625 ], [ 78.525306, 14.4158758 ], [ 78.5219291, 14.4221052 ], [ 78.5245845, 14.4297111 ], [ 78.5226747, 14.4329289 ], [ 78.5232473, 14.433724 ], [ 78.5242773, 14.4336053 ], [ 78.5264325, 14.4363556 ], [ 78.5278487, 14.4363816 ], [ 78.5304142, 14.4412666 ], [ 78.5344222, 14.4448226 ], [ 78.5354716, 14.4496441 ], [ 78.5347849, 14.4517376 ], [ 78.5369774, 14.4551757 ], [ 78.5389845, 14.4572229 ], [ 78.544178, 14.4555063 ], [ 78.5488746, 14.4557556 ], [ 78.5575488, 14.4618826 ], [ 78.5670465, 14.4706454 ], [ 78.5684144, 14.4727828 ], [ 78.5715911, 14.4722445 ], [ 78.5735187, 14.4696507 ], [ 78.5772708, 14.4682689 ] ] } },
{ "type": "Feature", "properties": { "name": null, "highway": "secondary", "ref": "MDR0116", "maxspeed": null }, "geometry": { "type": "LineString", "coordinates": [ [ 78.4943436, 14.4005301 ], [ 78.4940609, 14.4013929 ], [ 78.495394, 14.4029023 ], [ 78.4988514, 14.4120311 ], [ 78.4988755, 14.4149458 ], [ 78.5014826, 14.416798 ], [ 78.5057797, 14.4259261 ], [ 78.5102427, 14.4296098 ], [ 78.5146549, 14.4319372 ], [ 78.5165277, 14.4385304 ], [ 78.5135449, 14.4389254 ] ] } },
{ "type": "Feature", "properties": { "name": null, "highway": "secondary", "ref": "MDR0441", "maxspeed": null }, "geometry": { "type": "LineString", "coordinates": [ [ 78.7000277, 14.4989808 ], [ 78.6996549, 14.4984121 ], [ 78.6952159, 14.4984121 ], [ 78.6939794, 14.4975136 ], [ 78.6941242, 14.4927822 ], [ 78.6950389, 14.4906371 ], [ 78.6912382, 14.4885986 ], [ 78.6894035, 14.483802 ], [ 78.6875769, 14.4826957 ], [ 78.6873838, 14.4810155 ], [ 78.6853588, 14.4798832 ] ] } },
{ "type": "Feature", "properties": { "name": null, "highway": "secondary", "ref": "MDR075", "maxspeed": null }, "geometry": { "type": "LineString", "coordinates": [ [ 78.4278215, 14.4920976 ], [ 78.4293772, 14.4923743 ], [ 78.4336093, 14.4911877 ], [ 78.4353581, 14.4887206 ], [ 78.4397864, 14.4901048 ], [ 78.4459528, 14.4886583 ], [ 78.4504676, 14.4845272 ], [ 78.4594575, 14.4790989 ], [ 78.4747923, 14.4777754 ] ] } },
{ "type": "Feature", "properties": { "name": null, "highway": "secondary", "ref": "MDR0316", "maxspeed": null }, "geometry": { "type": "LineString", "coordinates": [ [ 78.4639621, 14.2640617 ], [ 78.4634319, 14.2601292 ], [ 78.4654465, 14.2563949 ], [ 78.467191, 14.2559119 ], [ 78.4674033, 14.2508619 ] ] } },
{ "type": "Feature", "properties": { "name": "Madras Road", "highway": "secondary", "ref": "MDR0380", "maxspeed": null }, "geometry": { "type": "LineString", "coordinates": [ [ 78.8380272, 14.4760741 ], [ 78.8411001, 14.4731868 ] ] } },
{ "type": "Feature", "properties": { "name": null, "highway": "secondary", "ref": "MDR0380", "maxspeed": null }, "geometry": { "type": "LineString", "coordinates": [ [ 78.847728, 14.4701022 ], [ 78.8426262, 14.4717557 ], [ 78.8380011, 14.4760135 ] ] } },
{ "type": "Feature", "properties": { "name": "Kadapa Bypass", "highway": "trunk", "ref": "NH40", "maxspeed": null }, "geometry": { "type": "LineString", "coordinates": [ [ 78.7840537, 14.4864049 ], [ 78.7837217, 14.4822933 ] ] } },
{ "type": "Feature", "properties": { "name": null, "highway": "trunk", "ref": "NH40", "maxspeed": null }, "geometry": { "type": "LineString", "coordinates": [ [ 78.7839442, 14.4864967 ], [ 78.7839831, 14.487365 ] ] } },
{ "type": "Feature", "properties": { "name": null, "highway": "trunk", "ref": "NH40", "maxspeed": null }, "geometry": { "type": "LineString", "coordinates": [ [ 78.7835526, 14.4822877 ], [ 78.7839442, 14.4864967 ] ] } },
{ "type": "Feature", "properties": { "name": "Kadapa Bypass", "highway": "trunk", "ref": "NH40", "maxspeed": null }, "geometry": { "type": "LineString", "coordinates": [ [ 78.7840803, 14.4871103 ], [ 78.7840537, 14.4864049 ] ] } },
{ "type": "Feature", "properties": { "name": null, "highway": "secondary", "ref": "MDR0379", "maxspeed": null }, "geometry": { "type": "LineString", "coordinates": [ [ 78.8476094, 14.4698961 ], [ 78.8474136, 14.4701946 ] ] } },
{ "type": "Feature", "properties": { "name": null, "highway": "secondary", "ref": "MDR0379", "maxspeed": null }, "geometry": { "type": "LineString", "coordinates": [ [ 78.8481039, 14.4700297 ], [ 78.8476094, 14.4698961 ] ] } },
{ "type": "Feature", "properties": { "name": "Madras Road", "highway": "secondary", "ref": "MDR0380", "maxspeed": null }, "geometry": { "type": "LineString", "coordinates": [ [ 78.8411001, 14.4731868 ], [ 78.8433919, 14.4714688 ], [ 78.8477562, 14.4702115 ] ] } },
{ "type": "Feature", "properties": { "name": null, "highway": "secondary", "ref": "MDR0380", "maxspeed": null }, "geometry": { "type": "LineString", "coordinates": [ [ 78.8478971, 14.4701193 ], [ 78.847803, 14.4700532 ], [ 78.8477216, 14.4701618 ], [ 78.8478462, 14.4702206 ], [ 78.8478971, 14.4701193 ] ] } },
{ "type": "Feature", "properties": { "name": null, "highway": "secondary", "ref": "MDR0358", "maxspeed": null }, "geometry": { "type": "LineString", "coordinates": [ [ 78.4028953, 14.3957443 ], [ 78.4024125, 14.398285 ], [ 78.4005296, 14.3990747 ], [ 78.400594, 14.4017246 ], [ 78.3984375, 14.4055434 ] ] } },
{ "type": "Feature", "properties": { "name": null, "highway": "secondary", "ref": "MDR0358", "maxspeed": null }, "geometry": { "type": "LineString", "coordinates": [ [ 78.4028953, 14.3957443 ], [ 78.4063768, 14.3946636 ] ] } },
{ "type": "Feature", "properties": { "name": null, "highway": "secondary", "ref": "MDR0358", "maxspeed": null }, "geometry": { "type": "LineString", "coordinates": [ [ 78.4073907, 14.3934014 ], [ 78.4063768, 14.3946636 ] ] } },
{ "type": "Feature", "properties": { "name": null, "highway": "secondary", "ref": "MDR0358", "maxspeed": null }, "geometry": { "type": "LineString", "coordinates": [ [ 78.4073907, 14.3934014 ], [ 78.4073371, 14.3921233 ] ] } },
{ "type": "Feature", "properties": { "name": null, "highway": "secondary", "ref": "MDR0358", "maxspeed": null }, "geometry": { "type": "LineString", "coordinates": [ [ 78.4073371, 14.3921233 ], [ 78.4063178, 14.3879866 ], [ 78.4097721, 14.3841357 ], [ 78.4102816, 14.3820154 ], [ 78.4119551, 14.3798223 ], [ 78.4165893, 14.3752335 ] ] } },
{ "type": "Feature", "properties": { "name": "Yerraguntla - Vempalle Road", "highway": "trunk", "ref": "NH440", "maxspeed": null }, "geometry": { "type": "LineString", "coordinates": [ [ 78.4694988, 14.4509422 ], [ 78.4697372, 14.4533086 ] ] } },
{ "type": "Feature", "properties": { "name": null, "highway": "secondary", "ref": "MDR0304", "maxspeed": null }, "geometry": { "type": "LineString", "coordinates": [ [ 78.4690835, 14.4487247 ], [ 78.4711413, 14.4510216 ], [ 78.4703511, 14.4529441 ] ] } },
{ "type": "Feature", "properties": { "name": null, "highway": "secondary", "ref": null, "maxspeed": null }, "geometry": { "type": "LineString", "coordinates": [ [ 78.8476094, 14.4698961 ], [ 78.8477465, 14.4700776 ] ] } },
{ "type": "Feature", "properties": { "name": null, "highway": "secondary", "ref": "MDR0304", "maxspeed": null }, "geometry": { "type": "LineString", "coordinates": [ [ 78.4698289, 14.4540651 ], [ 78.4702769, 14.4531123 ] ] } },
{ "type": "Feature", "properties": { "name": null, "highway": "secondary", "ref": "MDR0304", "maxspeed": null }, "geometry": { "type": "LineString", "coordinates": [ [ 78.4702769, 14.4531123 ], [ 78.4703511, 14.4529441 ] ] } },
{ "type": "Feature", "properties": { "name": null, "highway": "secondary", "ref": "MDR0304", "maxspeed": null }, "geometry": { "type": "LineString", "coordinates": [ [ 78.4711413, 14.4510216 ], [ 78.4787922, 14.4502747 ], [ 78.4787619, 14.4491509 ], [ 78.4813529, 14.4489335 ], [ 78.4818005, 14.4469706 ], [ 78.484244, 14.44422 ], [ 78.4873203, 14.4420409 ], [ 78.4901658, 14.4416406 ], [ 78.4937363, 14.4384255 ], [ 78.4996087, 14.4370882 ], [ 78.5065005, 14.4373674 ] ] } },
{ "type": "Feature", "properties": { "name": null, "highway": "secondary", "ref": "MDR0357", "maxspeed": null }, "geometry": { "type": "LineString", "coordinates": [ [ 78.4142572, 14.4582162 ], [ 78.4099309, 14.4479384 ], [ 78.4083548, 14.4464503 ], [ 78.4056886, 14.4367758 ], [ 78.4049107, 14.4238611 ], [ 78.4091766, 14.422132 ] ] } },
{ "type": "Feature", "properties": { "name": null, "highway": "secondary", "ref": "MDR0357", "maxspeed": null }, "geometry": { "type": "LineString", "coordinates": [ [ 78.4150999, 14.4591428 ], [ 78.4142572, 14.4582162 ] ] } },
{ "type": "Feature", "properties": { "name": null, "highway": "secondary", "ref": "MDR068", "maxspeed": null }, "geometry": { "type": "LineString", "coordinates": [ [ 78.3993814, 14.4640414 ], [ 78.404274, 14.4640564 ], [ 78.4141552, 14.4659394 ], [ 78.4165695, 14.465345 ] ] } },
{ "type": "Feature", "properties": { "name": null, "highway": "secondary", "ref": "MDR0116", "maxspeed": null }, "geometry": { "type": "LineString", "coordinates": [ [ 78.5227596, 14.4594254 ], [ 78.5218461, 14.4585771 ], [ 78.5207377, 14.4535438 ], [ 78.5174796, 14.4535794 ], [ 78.5166192, 14.4480735 ], [ 78.5158083, 14.446937 ], [ 78.5164215, 14.4442919 ], [ 78.5151271, 14.4435301 ], [ 78.5135449, 14.4389254 ] ] } },
{ "type": "Feature", "properties": { "name": null, "highway": "secondary", "ref": "mdr0303", "maxspeed": null }, "geometry": { "type": "LineString", "coordinates": [ [ 78.5142905, 14.4313038 ], [ 78.5117168, 14.4268034 ], [ 78.5044208, 14.4224747 ] ] } },
{ "type": "Feature", "properties": { "name": "Kadapa - Pulivendula Road", "highway": "primary", "ref": "SH51", "maxspeed": null }, "geometry": { "type": "LineString", "coordinates": [ [ 78.5091629, 14.4073327 ], [ 78.5126298, 14.4072227 ] ] } },
{ "type": "Feature", "properties": { "name": "Kadapa - Pulivendula Road", "highway": "primary", "ref": "SH51", "maxspeed": null }, "geometry": { "type": "LineString", "coordinates": [ [ 78.4712545, 14.3887608 ], [ 78.4881106, 14.3979651 ], [ 78.5091629, 14.4073327 ] ] } },
{ "type": "Feature", "properties": { "name": null, "highway": "primary", "ref": "SH51", "maxspeed": null }, "geometry": { "type": "LineString", "coordinates": [ [ 78.8092282, 14.4797005 ], [ 78.8003646, 14.4802256 ], [ 78.7959374, 14.4813599 ] ] } },
{ "type": "Feature", "properties": { "name": null, "highway": "primary", "ref": "SH51", "maxspeed": null }, "geometry": { "type": "LineString", "coordinates": [ [ 78.784839, 14.4923211 ], [ 78.7909893, 14.4860808 ] ] } },
{ "type": "Feature", "properties": { "name": null, "highway": "secondary", "ref": "MDR0435", "maxspeed": null }, "geometry": { "type": "LineString", "coordinates": [ [ 78.8220388, 14.4541258 ], [ 78.8215811, 14.4559956 ], [ 78.8233181, 14.4597467 ] ] } },
{ "type": "Feature", "properties": { "name": null, "highway": "secondary", "ref": "MDR0435", "maxspeed": null }, "geometry": { "type": "LineString", "coordinates": [ [ 78.8219757, 14.4538362 ], [ 78.8220388, 14.4541258 ] ] } },
{ "type": "Feature", "properties": { "name": null, "highway": "primary", "ref": null, "maxspeed": null }, "geometry": { "type": "LineString", "coordinates": [ [ 78.8107306, 14.4566543 ], [ 78.8095756, 14.4540188 ] ] } },
{ "type": "Feature", "properties": { "name": null, "highway": "primary", "ref": null, "maxspeed": null }, "geometry": { "type": "LineString", "coordinates": [ [ 78.8133216, 14.460893 ], [ 78.8107306, 14.4566543 ] ] } },
{ "type": "Feature", "properties": { "name": null, "highway": "primary", "ref": null, "maxspeed": null }, "geometry": { "type": "LineString", "coordinates": [ [ 78.8168165, 14.4657244 ], [ 78.8133216, 14.460893 ] ] } },
{ "type": "Feature", "properties": { "name": null, "highway": "primary", "ref": null, "maxspeed": null }, "geometry": { "type": "LineString", "coordinates": [ [ 78.8061311, 14.4448016 ], [ 78.8095756, 14.4540188 ] ] } },
{ "type": "Feature", "properties": { "name": null, "highway": "secondary", "ref": "MDR0380", "maxspeed": null }, "geometry": { "type": "LineString", "coordinates": [ [ 78.820524, 14.4690205 ], [ 78.8195308, 14.4697236 ] ] } },
{ "type": "Feature", "properties": { "name": null, "highway": "secondary", "ref": "MDR0380", "maxspeed": null }, "geometry": { "type": "LineString", "coordinates": [ [ 78.8240459, 14.4673462 ], [ 78.8218132, 14.4680624 ] ] } },
{ "type": "Feature", "properties": { "name": "Arts College Road", "highway": "secondary", "ref": "MDR0381", "maxspeed": "30" }, "geometry": { "type": "LineString", "coordinates": [ [ 78.8272616, 14.4565371 ], [ 78.8234621, 14.4597236 ] ] } },
{ "type": "Feature", "properties": { "name": null, "highway": "secondary", "ref": "MDR0124", "maxspeed": null }, "geometry": { "type": "LineString", "coordinates": [ [ 78.8266635, 14.4792062 ], [ 78.8270679, 14.48112 ], [ 78.8301019, 14.485377 ], [ 78.83398, 14.4890569 ], [ 78.835105, 14.4920418 ] ] } },
{ "type": "Feature", "properties": { "name": null, "highway": "primary", "ref": "SH51", "maxspeed": null }, "geometry": { "type": "LineString", "coordinates": [ [ 78.8008586, 14.4802403 ], [ 78.8092148, 14.4797607 ] ] } },
{ "type": "Feature", "properties": { "name": null, "highway": "primary", "ref": "SH51", "maxspeed": null }, "geometry": { "type": "LineString", "coordinates": [ [ 78.7988877, 14.4806645 ], [ 78.8008586, 14.4802403 ] ] } },
{ "type": "Feature", "properties": { "name": null, "highway": "secondary", "ref": "MDR0439", "maxspeed": null }, "geometry": { "type": "LineString", "coordinates": [ [ 78.8234418, 14.4738456 ], [ 78.8239349, 14.469588 ] ] } },
{ "type": "Feature", "properties": { "name": null, "highway": "secondary", "ref": "MDR0439", "maxspeed": null }, "geometry": { "type": "LineString", "coordinates": [ [ 78.8234418, 14.4738456 ], [ 78.8233129, 14.4739228 ] ] } },
{ "type": "Feature", "properties": { "name": null, "highway": "secondary", "ref": "MDR0439", "maxspeed": null }, "geometry": { "type": "LineString", "coordinates": [ [ 78.8235544, 14.4742786 ], [ 78.8236852, 14.4765407 ] ] } },
{ "type": "Feature", "properties": { "name": "Madras Road", "highway": "secondary", "ref": "MDR0380", "maxspeed": null }, "geometry": { "type": "LineString", "coordinates": [ [ 78.8478722, 14.4702035 ], [ 78.8523307, 14.4685294 ] ] } },
{ "type": "Feature", "properties": { "name": null, "highway": "secondary", "ref": "MDR0435", "maxspeed": null }, "geometry": { "type": "LineString", "coordinates": [ [ 78.831588, 14.4347656 ], [ 78.8306248, 14.4286521 ], [ 78.8397601, 14.4274018 ] ] } },
{ "type": "Feature", "properties": { "name": null, "highway": "secondary", "ref": "MDR0315", "maxspeed": null }, "geometry": { "type": "LineString", "coordinates": [ [ 78.5500478, 14.1126123 ], [ 78.5457202, 14.1136607 ], [ 78.54135, 14.1199078 ], [ 78.5315126, 14.1250733 ], [ 78.5297299, 14.1295108 ], [ 78.5203828, 14.1374986 ], [ 78.5200652, 14.1431915 ], [ 78.5212368, 14.1461087 ], [ 78.5217046, 14.1536656 ], [ 78.5256399, 14.1568198 ], [ 78.5238761, 14.1602362 ], [ 78.5244775, 14.1657007 ], [ 78.5229775, 14.1708731 ] ] } },
{ "type": "Feature", "properties": { "name": null, "highway": "secondary", "ref": "MDR0315", "maxspeed": null }, "geometry": { "type": "LineString", "coordinates": [ [ 78.5229775, 14.1708731 ], [ 78.5223785, 14.1750053 ], [ 78.523093, 14.1764293 ], [ 78.5217686, 14.1781787 ], [ 78.5226022, 14.1808868 ], [ 78.5198343, 14.1851833 ], [ 78.518066, 14.1904697 ], [ 78.5182934, 14.1927018 ], [ 78.5175103, 14.1933736 ], [ 78.5185568, 14.1973479 ], [ 78.5178026, 14.198331 ], [ 78.5178531, 14.2030154 ], [ 78.5168463, 14.2046422 ], [ 78.516554, 14.2121741 ], [ 78.5125158, 14.2205104 ], [ 78.5127455, 14.2388742 ], [ 78.5135971, 14.2427197 ] ] } },
{ "type": "Feature", "properties": { "name": null, "highway": "secondary", "ref": "MDR034", "maxspeed": null }, "geometry": { "type": "LineString", "coordinates": [ [ 78.5172175, 14.2062509 ], [ 78.5223705, 14.2058901 ], [ 78.5246313, 14.2044305 ], [ 78.5381323, 14.2061673 ] ] } },
{ "type": "Feature", "properties": { "name": null, "highway": "secondary", "ref": "MDR034", "maxspeed": null }, "geometry": { "type": "LineString", "coordinates": [ [ 78.5165707, 14.2120786 ], [ 78.5112939, 14.2124177 ], [ 78.5061695, 14.2152443 ], [ 78.4999769, 14.2152793 ], [ 78.4948453, 14.2142578 ], [ 78.4891203, 14.2164408 ] ] } },
{ "type": "Feature", "properties": { "name": "Gondipalle Road", "highway": "secondary", "ref": "MDR0432", "maxspeed": null }, "geometry": { "type": "LineString", "coordinates": [ [ 78.536716, 14.2223857 ], [ 78.5356387, 14.2267312 ], [ 78.5364976, 14.2325204 ], [ 78.53784, 14.2347801 ], [ 78.5402965, 14.2353883 ], [ 78.5419899, 14.2393479 ], [ 78.5399992, 14.2403244 ], [ 78.5447845, 14.2496352 ], [ 78.5449059, 14.2517352 ], [ 78.5475945, 14.2539117 ], [ 78.5486444, 14.2559058 ], [ 78.5546226, 14.2561822 ], [ 78.5664877, 14.253047 ], [ 78.5702445, 14.2541587 ], [ 78.5727207, 14.2532764 ], [ 78.5746022, 14.2535587 ], [ 78.5773697, 14.2555352 ], [ 78.5783954, 14.258241 ], [ 78.5775154, 14.2585528 ], [ 78.577303, 14.259741 ], [ 78.5796821, 14.2613997 ], [ 78.5799435, 14.2632411 ] ] } },
{ "type": "Feature", "properties": { "name": null, "highway": "secondary", "ref": "MDR0308", "maxspeed": null }, "geometry": { "type": "LineString", "coordinates": [ [ 78.5380538, 14.2349156 ], [ 78.533058, 14.2368272 ], [ 78.5327007, 14.2395083 ], [ 78.5283627, 14.2427731 ], [ 78.5282811, 14.2439504 ], [ 78.5321972, 14.2431778 ], [ 78.5327723, 14.2441678 ], [ 78.5344288, 14.2444382 ], [ 78.5345168, 14.2458836 ], [ 78.5329697, 14.2471315 ], [ 78.5331628, 14.2495357 ], [ 78.5307316, 14.2490241 ], [ 78.5265073, 14.2503332 ], [ 78.5262474, 14.2494168 ], [ 78.5194968, 14.2477513 ], [ 78.5133826, 14.248823 ], [ 78.5095504, 14.2474377 ] ] } },
{ "type": "Feature", "properties": { "name": null, "highway": "trunk", "ref": "NH40", "maxspeed": null }, "geometry": { "type": "LineString", "coordinates": [ [ 78.8057686, 14.4434532 ], [ 78.8028152, 14.4336192 ], [ 78.8030215, 14.4310031 ] ] } },
{ "type": "Feature", "properties": { "name": null, "highway": "trunk", "ref": "NH40", "maxspeed": null }, "geometry": { "type": "LineString", "coordinates": [ [ 78.8030215, 14.4310031 ], [ 78.8027343, 14.4336443 ], [ 78.8056651, 14.4434035 ] ] } },
{ "type": "Feature", "properties": { "name": null, "highway": "secondary", "ref": "MDR0120", "maxspeed": null }, "geometry": { "type": "LineString", "coordinates": [ [ 78.8482947, 14.4454303 ], [ 78.8480074, 14.4446774 ] ] } },
{ "type": "Feature", "properties": { "name": null, "highway": "secondary", "ref": "MDR0120", "maxspeed": null }, "geometry": { "type": "LineString", "coordinates": [ [ 78.8480074, 14.4446774 ], [ 78.8478624, 14.4443351 ] ] } },
{ "type": "Feature", "properties": { "name": "Kadapa Bypass Road", "highway": "trunk", "ref": null, "maxspeed": null }, "geometry": { "type": "LineString", "coordinates": [ [ 78.8060855, 14.4442594 ], [ 78.811362, 14.4421037 ] ] } },
{ "type": "Feature", "properties": { "name": "Kadapa Bypass Road", "highway": "trunk", "ref": null, "maxspeed": null }, "geometry": { "type": "LineString", "coordinates": [ [ 78.811362, 14.4421037 ], [ 78.8117936, 14.4419357 ] ] } },
{ "type": "Feature", "properties": { "name": null, "highway": "primary", "ref": "SH51", "maxspeed": null }, "geometry": { "type": "LineString", "coordinates": [ [ 78.7912489, 14.4858125 ], [ 78.7950083, 14.4821071 ] ] } },
{ "type": "Feature", "properties": { "name": null, "highway": "primary", "ref": "SH51", "maxspeed": null }, "geometry": { "type": "LineString", "coordinates": [ [ 78.7909893, 14.4860808 ], [ 78.7912489, 14.4858125 ] ] } },
{ "type": "Feature", "properties": { "name": null, "highway": "primary", "ref": "SH51", "maxspeed": null }, "geometry": { "type": "LineString", "coordinates": [ [ 78.7952268, 14.4819526 ], [ 78.7960722, 14.4813987 ] ] } },
{ "type": "Feature", "properties": { "name": null, "highway": "primary", "ref": "SH51", "maxspeed": null }, "geometry": { "type": "LineString", "coordinates": [ [ 78.7950083, 14.4821071 ], [ 78.7952268, 14.4819526 ] ] } },
{ "type": "Feature", "properties": { "name": null, "highway": "secondary", "ref": "MDR0382", "maxspeed": null }, "geometry": { "type": "LineString", "coordinates": [ [ 78.817834, 14.4859996 ], [ 78.824537, 14.4851681 ], [ 78.8270375, 14.4830162 ] ] } },
{ "type": "Feature", "properties": { "name": null, "highway": "secondary", "ref": "MDR0382", "maxspeed": null }, "geometry": { "type": "LineString", "coordinates": [ [ 78.8139205, 14.4878666 ], [ 78.8161554, 14.486683 ] ] } },
{ "type": "Feature", "properties": { "name": null, "highway": "secondary", "ref": "MDR0382", "maxspeed": null }, "geometry": { "type": "LineString", "coordinates": [ [ 78.8177619, 14.486023 ], [ 78.817834, 14.4859996 ] ] } },
{ "type": "Feature", "properties": { "name": null, "highway": "secondary", "ref": "MDR0382", "maxspeed": null }, "geometry": { "type": "LineString", "coordinates": [ [ 78.8270375, 14.4830162 ], [ 78.8292839, 14.482053 ], [ 78.8364201, 14.4821421 ] ] } },
{ "type": "Feature", "properties": { "name": null, "highway": "secondary", "ref": "MDR0382", "maxspeed": null }, "geometry": { "type": "LineString", "coordinates": [ [ 78.8364201, 14.4821421 ], [ 78.8366662, 14.4821495 ] ] } },
{ "type": "Feature", "properties": { "name": null, "highway": "secondary", "ref": "MDR0382", "maxspeed": null }, "geometry": { "type": "LineString", "coordinates": [ [ 78.856408, 14.4777074 ], [ 78.8572569, 14.4775087 ] ] } },
{ "type": "Feature", "properties": { "name": null, "highway": "secondary", "ref": "MDR0382", "maxspeed": null }, "geometry": { "type": "LineString", "coordinates": [ [ 78.8562047, 14.4777484 ], [ 78.856408, 14.4777074 ] ] } },
{ "type": "Feature", "properties": { "name": null, "highway": "secondary", "ref": "MDR0436", "maxspeed": null }, "geometry": { "type": "LineString", "coordinates": [ [ 78.7811173, 14.4606277 ], [ 78.7813218, 14.4578278 ], [ 78.7797535, 14.4506853 ] ] } },
{ "type": "Feature", "properties": { "name": null, "highway": "secondary", "ref": "MDR0436", "maxspeed": null }, "geometry": { "type": "LineString", "coordinates": [ [ 78.7811241, 14.4607097 ], [ 78.7811173, 14.4606277 ] ] } },
{ "type": "Feature", "properties": { "name": null, "highway": "secondary", "ref": "MDR", "maxspeed": null }, "geometry": { "type": "LineString", "coordinates": [ [ 78.4698796, 14.3441183 ], [ 78.47001, 14.3440729 ] ] } },
{ "type": "Feature", "properties": { "name": null, "highway": "secondary", "ref": "MDR0382", "maxspeed": null }, "geometry": { "type": "LineString", "coordinates": [ [ 78.8161554, 14.486683 ], [ 78.8177619, 14.486023 ] ] } },
{ "type": "Feature", "properties": { "name": null, "highway": "secondary", "ref": "MDR024", "maxspeed": null }, "geometry": { "type": "LineString", "coordinates": [ [ 78.6722747, 14.4489992 ], [ 78.6807106, 14.4463923 ] ] } },
{ "type": "Feature", "properties": { "name": null, "highway": "secondary", "ref": "MDR024", "maxspeed": null }, "geometry": { "type": "LineString", "coordinates": [ [ 78.6807106, 14.4463923 ], [ 78.6808222, 14.4463619 ] ] } },
{ "type": "Feature", "properties": { "name": null, "highway": "secondary", "ref": "MDR0441", "maxspeed": null }, "geometry": { "type": "LineString", "coordinates": [ [ 78.6853588, 14.4798832 ], [ 78.6850832, 14.476485 ] ] } },
{ "type": "Feature", "properties": { "name": null, "highway": "secondary", "ref": "MDR0439", "maxspeed": null }, "geometry": { "type": "LineString", "coordinates": [ [ 78.8235544, 14.4742786 ], [ 78.8234418, 14.4738456 ] ] } },
{ "type": "Feature", "properties": { "name": "Kadapa - Pulivendula Road", "highway": "trunk", "ref": "NH440", "maxspeed": null }, "geometry": { "type": "LineString", "coordinates": [ [ 78.4383341, 14.3686759 ], [ 78.4391291, 14.3686502 ] ] } },
{ "type": "Feature", "properties": { "name": "Kadiri - Vempalle Road", "highway": "primary", "ref": "SH359", "maxspeed": null }, "geometry": { "type": "LineString", "coordinates": [ [ 78.4641453, 14.2678969 ], [ 78.4652232, 14.2727879 ] ] } },
{ "type": "Feature", "properties": { "name": null, "highway": "primary", "ref": "SH359", "maxspeed": null }, "geometry": { "type": "LineString", "coordinates": [ [ 78.4685628, 14.2857707 ], [ 78.4679237, 14.2779248 ], [ 78.4652232, 14.2727879 ] ] } },
{ "type": "Feature", "properties": { "name": "Kadiri - Vempalle Road", "highway": "primary", "ref": "SH359", "maxspeed": null }, "geometry": { "type": "LineString", "coordinates": [ [ 78.4685628, 14.2857707 ], [ 78.4685837, 14.2861109 ] ] } },
{ "type": "Feature", "properties": { "name": "Kadiri - Vempalle Road", "highway": "primary", "ref": "SH359", "maxspeed": null }, "geometry": { "type": "LineString", "coordinates": [ [ 78.4796441, 14.3051827 ], [ 78.4850294, 14.3088062 ] ] } },
{ "type": "Feature", "properties": { "name": null, "highway": "primary", "ref": "SH359", "maxspeed": null }, "geometry": { "type": "LineString", "coordinates": [ [ 78.4685837, 14.2861109 ], [ 78.4694795, 14.295433 ], [ 78.4758487, 14.3028294 ] ] } },
{ "type": "Feature", "properties": { "name": "Kadiri - Vempalle Road", "highway": "primary", "ref": "SH359", "maxspeed": null }, "geometry": { "type": "LineString", "coordinates": [ [ 78.4758487, 14.3028294 ], [ 78.4796441, 14.3051827 ] ] } },
{ "type": "Feature", "properties": { "name": "Kadiri - Vempalle Road", "highway": "primary", "ref": "SH359", "maxspeed": null }, "geometry": { "type": "LineString", "coordinates": [ [ 78.4850294, 14.3088062 ], [ 78.4882414, 14.31057 ] ] } },
{ "type": "Feature", "properties": { "name": null, "highway": "secondary", "ref": "MDR02", "maxspeed": null }, "geometry": { "type": "LineString", "coordinates": [ [ 78.8156851, 14.4844439 ], [ 78.8136126, 14.4878336 ] ] } },
{ "type": "Feature", "properties": { "name": null, "highway": "secondary", "ref": "MDR02", "maxspeed": null }, "geometry": { "type": "LineString", "coordinates": [ [ 78.8136852, 14.4878494 ], [ 78.8158291, 14.4843697 ] ] } },
{ "type": "Feature", "properties": { "name": null, "highway": "secondary", "ref": "MDR", "maxspeed": null }, "geometry": { "type": "LineString", "coordinates": [ [ 78.8158291, 14.4843697 ], [ 78.8158556, 14.484318 ] ] } },
{ "type": "Feature", "properties": { "name": null, "highway": "secondary", "ref": "MDR02", "maxspeed": null }, "geometry": { "type": "LineString", "coordinates": [ [ 78.8157884, 14.4842448 ], [ 78.8156851, 14.4844439 ] ] } },
{ "type": "Feature", "properties": { "name": null, "highway": "secondary", "ref": "MDR02", "maxspeed": null }, "geometry": { "type": "LineString", "coordinates": [ [ 78.8158556, 14.484318 ], [ 78.8164901, 14.4838543 ] ] } },
{ "type": "Feature", "properties": { "name": null, "highway": "secondary", "ref": "MDR02", "maxspeed": null }, "geometry": { "type": "LineString", "coordinates": [ [ 78.8165784, 14.4837798 ], [ 78.8157884, 14.4842448 ] ] } },
{ "type": "Feature", "properties": { "name": null, "highway": "primary", "ref": "SH51", "maxspeed": null }, "geometry": { "type": "LineString", "coordinates": [ [ 78.7949329, 14.4815063 ], [ 78.7959374, 14.4813599 ] ] } },
{ "type": "Feature", "properties": { "name": null, "highway": "primary", "ref": "SH51", "maxspeed": null }, "geometry": { "type": "LineString", "coordinates": [ [ 78.7946594, 14.4815381 ], [ 78.7949329, 14.4815063 ] ] } },
{ "type": "Feature", "properties": { "name": null, "highway": "primary", "ref": "SH51", "maxspeed": null }, "geometry": { "type": "LineString", "coordinates": [ [ 78.7888431, 14.4818965 ], [ 78.7901356, 14.481806 ] ] } },
{ "type": "Feature", "properties": { "name": null, "highway": "primary", "ref": "SH51", "maxspeed": null }, "geometry": { "type": "LineString", "coordinates": [ [ 78.7901356, 14.481806 ], [ 78.7903351, 14.4817861 ] ] } },
{ "type": "Feature", "properties": { "name": null, "highway": "secondary", "ref": "MDR0439", "maxspeed": null }, "geometry": { "type": "LineString", "coordinates": [ [ 78.8233129, 14.4739228 ], [ 78.8233912, 14.4743416 ] ] } },
{ "type": "Feature", "properties": { "name": null, "highway": "secondary", "ref": "MDR0439", "maxspeed": null }, "geometry": { "type": "LineString", "coordinates": [ [ 78.8236852, 14.4765407 ], [ 78.8236196, 14.476722 ] ] } },
{ "type": "Feature", "properties": { "name": null, "highway": "secondary", "ref": "MDR0380", "maxspeed": null }, "geometry": { "type": "LineString", "coordinates": [ [ 78.8195308, 14.4697236 ], [ 78.8187487, 14.469972 ] ] } },
{ "type": "Feature", "properties": { "name": null, "highway": "secondary", "ref": "MDR0380", "maxspeed": null }, "geometry": { "type": "LineString", "coordinates": [ [ 78.8187487, 14.469972 ], [ 78.8184535, 14.4700813 ] ] } },
{ "type": "Feature", "properties": { "name": null, "highway": "secondary", "ref": "MDR0379", "maxspeed": null }, "geometry": { "type": "LineString", "coordinates": [ [ 78.8357206, 14.4657675 ], [ 78.8346465, 14.4650153 ], [ 78.8323249, 14.4653288 ] ] } },
{ "type": "Feature", "properties": { "name": null, "highway": "secondary", "ref": "MDR0379", "maxspeed": null }, "geometry": { "type": "LineString", "coordinates": [ [ 78.8356744, 14.4657772 ], [ 78.8356563, 14.465879 ], [ 78.8357602, 14.4658863 ], [ 78.835762, 14.4657872 ], [ 78.8356744, 14.4657772 ] ] } },
{ "type": "Feature", "properties": { "name": null, "highway": "secondary", "ref": "MDR0383", "maxspeed": "30" }, "geometry": { "type": "LineString", "coordinates": [ [ 78.8380918, 14.4760486 ], [ 78.8365759, 14.4742381 ], [ 78.8357412, 14.4658985 ] ] } },
{ "type": "Feature", "properties": { "name": null, "highway": "secondary", "ref": null, "maxspeed": null }, "geometry": { "type": "LineString", "coordinates": [ [ 78.8353847, 14.4679173 ], [ 78.8354687, 14.4679109 ] ] } },
{ "type": "Feature", "properties": { "name": null, "highway": "secondary", "ref": "MDR0381", "maxspeed": null }, "geometry": { "type": "LineString", "coordinates": [ [ 78.8234858, 14.4597984 ], [ 78.8273266, 14.456607 ] ] } },
{ "type": "Feature", "properties": { "name": null, "highway": "secondary", "ref": "MDR0381", "maxspeed": null }, "geometry": { "type": "LineString", "coordinates": [ [ 78.8272704, 14.4563829 ], [ 78.8273266, 14.456607 ], [ 78.8275595, 14.4565476 ], [ 78.8274884, 14.4563226 ], [ 78.8272704, 14.4563829 ] ] } },
{ "type": "Feature", "properties": { "name": null, "highway": "secondary", "ref": "MDR0438", "maxspeed": null }, "geometry": { "type": "LineString", "coordinates": [ [ 78.8274254, 14.4566299 ], [ 78.8286578, 14.4583472 ] ] } },
{ "type": "Feature", "properties": { "name": null, "highway": "secondary", "ref": "MDR0119", "maxspeed": null }, "geometry": { "type": "LineString", "coordinates": [ [ 78.8480147, 14.4455153 ], [ 78.8471687, 14.4475292 ], [ 78.8448471, 14.4480036 ], [ 78.8416457, 14.4506379 ], [ 78.8275796, 14.456446 ] ] } },
{ "type": "Feature", "properties": { "name": null, "highway": "secondary", "ref": "MDR0120", "maxspeed": null }, "geometry": { "type": "LineString", "coordinates": [ [ 78.8594738, 14.4397604 ], [ 78.8590905, 14.4317106 ] ] } },
{ "type": "Feature", "properties": { "name": null, "highway": "secondary", "ref": "MDR0380", "maxspeed": null }, "geometry": { "type": "LineString", "coordinates": [ [ 78.8248287, 14.4765565 ], [ 78.8262317, 14.4772303 ], [ 78.8265312, 14.4784751 ] ] } },
{ "type": "Feature", "properties": { "name": "Madras Road", "highway": "secondary", "ref": "MDR0380", "maxspeed": null }, "geometry": { "type": "LineString", "coordinates": [ [ 78.828681, 14.4788322 ], [ 78.8266596, 14.478522 ] ] } },
{ "type": "Feature", "properties": { "name": null, "highway": "secondary", "ref": "MDR0380", "maxspeed": null }, "geometry": { "type": "LineString", "coordinates": [ [ 78.8264555, 14.4785848 ], [ 78.8265804, 14.4786818 ], [ 78.8266729, 14.4785553 ], [ 78.8265677, 14.47847 ], [ 78.8264555, 14.4785848 ] ] } },
{ "type": "Feature", "properties": { "name": null, "highway": "secondary", "ref": "MDR0380", "maxspeed": null }, "geometry": { "type": "LineString", "coordinates": [ [ 78.826664, 14.478623 ], [ 78.8286685, 14.4788976 ] ] } },
{ "type": "Feature", "properties": { "name": null, "highway": "secondary", "ref": null, "maxspeed": null }, "geometry": { "type": "LineString", "coordinates": [ [ 78.8286692, 14.4788639 ], [ 78.8287636, 14.4789868 ], [ 78.8288832, 14.4788827 ], [ 78.8288004, 14.4787814 ], [ 78.8286692, 14.4788639 ] ] } },
{ "type": "Feature", "properties": { "name": null, "highway": "secondary", "ref": "MDR0380", "maxspeed": null }, "geometry": { "type": "LineString", "coordinates": [ [ 78.8184535, 14.4700813 ], [ 78.8183615, 14.4701397 ] ] } },
{ "type": "Feature", "properties": { "name": null, "highway": "secondary", "ref": "MDR0124", "maxspeed": null }, "geometry": { "type": "LineString", "coordinates": [ [ 78.8265804, 14.4786818 ], [ 78.8266635, 14.4792062 ] ] } },
{ "type": "Feature", "properties": { "name": null, "highway": "secondary", "ref": "MDR0304", "maxspeed": null }, "geometry": { "type": "LineString", "coordinates": [ [ 78.5135449, 14.4389254 ], [ 78.5098699, 14.4369011 ], [ 78.5065005, 14.4373674 ] ] } },
{ "type": "Feature", "properties": { "name": null, "highway": "secondary", "ref": "MDR0120", "maxspeed": null }, "geometry": { "type": "LineString", "coordinates": [ [ 78.8480144, 14.4454856 ], [ 78.8480979, 14.4455922 ], [ 78.8482062, 14.4454959 ], [ 78.8481265, 14.4454074 ], [ 78.8480144, 14.4454856 ] ] } },
{ "type": "Feature", "properties": { "name": null, "highway": "primary", "ref": "SH359", "maxspeed": null }, "geometry": { "type": "LineString", "coordinates": [ [ 78.4639621, 14.2640617 ], [ 78.4641453, 14.2678969 ] ] } },
{ "type": "Feature", "properties": { "name": null, "highway": "secondary", "ref": "MDR0316", "maxspeed": null }, "geometry": { "type": "LineString", "coordinates": [ [ 78.4623168, 14.2643914 ], [ 78.4639621, 14.2640617 ] ] } },
{ "type": "Feature", "properties": { "name": null, "highway": "primary", "ref": "SH365", "maxspeed": null }, "geometry": { "type": "LineString", "coordinates": [ [ 78.461058, 14.2640474 ], [ 78.4629179, 14.2634602 ], [ 78.4639621, 14.2640617 ] ] } },
{ "type": "Feature", "properties": { "name": "Yerraguntla - Vempalle Road", "highway": "trunk", "ref": "NH440", "maxspeed": null }, "geometry": { "type": "LineString", "coordinates": [ [ 78.4718993, 14.4028141 ], [ 78.4719247, 14.4060977 ], [ 78.467896, 14.4109063 ], [ 78.4610563, 14.4135145 ], [ 78.4566897, 14.4129716 ] ] } },
{ "type": "Feature", "properties": { "name": "Yerraguntla - Vempalle Road", "highway": "trunk", "ref": "NH440", "maxspeed": null }, "geometry": { "type": "LineString", "coordinates": [ [ 78.4566897, 14.4129716 ], [ 78.4562606, 14.413569 ] ] } },
{ "type": "Feature", "properties": { "name": null, "highway": "secondary", "ref": "MDR069", "maxspeed": null }, "geometry": { "type": "LineString", "coordinates": [ [ 78.4576257, 14.3797936 ], [ 78.4559962, 14.3829828 ], [ 78.4544705, 14.3841444 ], [ 78.4535672, 14.3890702 ], [ 78.4510139, 14.3913436 ], [ 78.4442186, 14.3935642 ], [ 78.4371613, 14.3943623 ], [ 78.4330801, 14.396277 ] ] } },
{ "type": "Feature", "properties": { "name": null, "highway": "secondary", "ref": "MDR069", "maxspeed": null }, "geometry": { "type": "LineString", "coordinates": [ [ 78.4330801, 14.396277 ], [ 78.432728, 14.3965702 ] ] } },
{ "type": "Feature", "properties": { "name": "Rayachoti - Vempalle Road", "highway": "trunk", "ref": "NH440", "maxspeed": null }, "geometry": { "type": "LineString", "coordinates": [ [ 78.4935173, 14.2840042 ], [ 78.4935163, 14.2931593 ], [ 78.4953181, 14.2970608 ], [ 78.4939156, 14.3069747 ], [ 78.4942287, 14.3148139 ], [ 78.4883475, 14.3218458 ] ] } },
{ "type": "Feature", "properties": { "name": "Rayachoti - Vempalle Road", "highway": "trunk", "ref": "NH440", "maxspeed": null }, "geometry": { "type": "LineString", "coordinates": [ [ 78.4935334, 14.2836547 ], [ 78.4935173, 14.2840042 ] ] } },
{ "type": "Feature", "properties": { "name": null, "highway": "secondary", "ref": "MDR034", "maxspeed": null }, "geometry": { "type": "LineString", "coordinates": [ [ 78.5519078, 14.2195787 ], [ 78.5520408, 14.2164989 ], [ 78.5542309, 14.2154185 ], [ 78.5542078, 14.2143849 ] ] } },
{ "type": "Feature", "properties": { "name": null, "highway": "secondary", "ref": "MDR034", "maxspeed": null }, "geometry": { "type": "LineString", "coordinates": [ [ 78.5542078, 14.2143849 ], [ 78.5542028, 14.2139343 ] ] } },
{ "type": "Feature", "properties": { "name": "Kadapa - Pulivendula Road", "highway": "primary", "ref": "SH51", "maxspeed": null }, "geometry": { "type": "LineString", "coordinates": [ [ 78.510683, 14.4071623 ], [ 78.5078877, 14.4070586 ], [ 78.504608, 14.4047987 ], [ 78.4910685, 14.3993101 ], [ 78.4712721, 14.3886541 ] ] } },
{ "type": "Feature", "properties": { "name": "Kadapa - Pulivendula Road", "highway": "primary", "ref": "SH51", "maxspeed": null }, "geometry": { "type": "LineString", "coordinates": [ [ 78.5111465, 14.407148 ], [ 78.510683, 14.4071623 ] ] } },
{ "type": "Feature", "properties": { "name": "Kadapa Bypass Road", "highway": "trunk", "ref": null, "maxspeed": null }, "geometry": { "type": "LineString", "coordinates": [ [ 78.8113249, 14.4420146 ], [ 78.806034, 14.4441754 ] ] } },
{ "type": "Feature", "properties": { "name": "Kadapa Bypass Road", "highway": "trunk", "ref": null, "maxspeed": null }, "geometry": { "type": "LineString", "coordinates": [ [ 78.8117564, 14.4418493 ], [ 78.8113249, 14.4420146 ] ] } },
{ "type": "Feature", "properties": { "name": null, "highway": "primary", "ref": "SH51", "maxspeed": null }, "geometry": { "type": "LineString", "coordinates": [ [ 78.7960722, 14.4813987 ], [ 78.7988877, 14.4806645 ] ] } },
{ "type": "Feature", "properties": { "name": null, "highway": "primary", "ref": "SH51", "maxspeed": null }, "geometry": { "type": "LineString", "coordinates": [ [ 78.79099, 14.4859663 ], [ 78.7847956, 14.4921993 ] ] } },
{ "type": "Feature", "properties": { "name": null, "highway": "primary", "ref": null, "maxspeed": null }, "geometry": { "type": "LineString", "coordinates": [ [ 78.7949403, 14.4820319 ], [ 78.7912499, 14.4857044 ] ] } },
{ "type": "Feature", "properties": { "name": null, "highway": "primary", "ref": null, "maxspeed": null }, "geometry": { "type": "LineString", "coordinates": [ [ 78.7912499, 14.4857044 ], [ 78.79099, 14.4859663 ] ] } },
{ "type": "Feature", "properties": { "name": null, "highway": "primary", "ref": null, "maxspeed": null }, "geometry": { "type": "LineString", "coordinates": [ [ 78.7959374, 14.4813599 ], [ 78.7951591, 14.4818782 ] ] } },
{ "type": "Feature", "properties": { "name": null, "highway": "primary", "ref": null, "maxspeed": null }, "geometry": { "type": "LineString", "coordinates": [ [ 78.7951591, 14.4818782 ], [ 78.7949403, 14.4820319 ] ] } },
{ "type": "Feature", "properties": { "name": null, "highway": "primary", "ref": "SH51", "maxspeed": null }, "geometry": { "type": "LineString", "coordinates": [ [ 78.7959374, 14.4813599 ], [ 78.7960722, 14.4813987 ] ] } },
{ "type": "Feature", "properties": { "name": null, "highway": "secondary", "ref": "MDR0121", "maxspeed": null }, "geometry": { "type": "LineString", "coordinates": [ [ 78.8270801, 14.4667387 ], [ 78.8271677, 14.4667238 ] ] } },
{ "type": "Feature", "properties": { "name": "Rayachoti - Vempalle Road", "highway": "trunk", "ref": "NH440", "maxspeed": null }, "geometry": { "type": "LineString", "coordinates": [ [ 78.5008218, 14.2616564 ], [ 78.5006182, 14.2663131 ], [ 78.4975744, 14.2733306 ] ] } },
{ "type": "Feature", "properties": { "name": "Rayachoti - Vempalle Road", "highway": "trunk", "ref": "NH440", "maxspeed": null }, "geometry": { "type": "LineString", "coordinates": [ [ 78.4972353, 14.2736378 ], [ 78.4952013, 14.2753533 ] ] } },
{ "type": "Feature", "properties": { "name": "Rayachoti - Vempalle Road", "highway": "trunk", "ref": "NH440", "maxspeed": null }, "geometry": { "type": "LineString", "coordinates": [ [ 78.4975744, 14.2733306 ], [ 78.4972353, 14.2736378 ] ] } },
{ "type": "Feature", "properties": { "name": "Rayachoti - Vempalle Road", "highway": "trunk", "ref": "NH440", "maxspeed": null }, "geometry": { "type": "LineString", "coordinates": [ [ 78.5009073, 14.2588269 ], [ 78.5008195, 14.261549 ] ] } },
{ "type": "Feature", "properties": { "name": "Rayachoti - Vempalle Road", "highway": "trunk", "ref": "NH440", "maxspeed": null }, "geometry": { "type": "LineString", "coordinates": [ [ 78.5008195, 14.261549 ], [ 78.5008218, 14.2616564 ] ] } },
{ "type": "Feature", "properties": { "name": "Rayachoti - Vempalle Road", "highway": "trunk", "ref": "NH440", "maxspeed": null }, "geometry": { "type": "LineString", "coordinates": [ [ 78.4952013, 14.2753533 ], [ 78.4935334, 14.2836547 ] ] } },
{ "type": "Feature", "properties": { "name": "Yerraguntla - Vempalle Road", "highway": "trunk", "ref": "NH440", "maxspeed": null }, "geometry": { "type": "LineString", "coordinates": [ [ 78.4697372, 14.4533086 ], [ 78.471887, 14.4714046 ], [ 78.4762256, 14.4809467 ], [ 78.4778353, 14.4887917 ] ] } },
{ "type": "Feature", "properties": { "name": null, "highway": "secondary", "ref": "MDR0380", "maxspeed": null }, "geometry": { "type": "LineString", "coordinates": [ [ 78.8218132, 14.4680624 ], [ 78.820524, 14.4690205 ] ] } },
{ "type": "Feature", "properties": { "name": null, "highway": "secondary", "ref": "MDR0380", "maxspeed": null }, "geometry": { "type": "LineString", "coordinates": [ [ 78.8218132, 14.4680624 ], [ 78.824103, 14.4674419 ] ] } },
{ "type": "Feature", "properties": { "name": null, "highway": "trunk", "ref": "NH167B", "maxspeed": null }, "geometry": { "type": "LineString", "coordinates": [ [ 78.7779554, 14.7933639 ], [ 78.7863997, 14.8392864 ], [ 78.7886882, 14.8449093 ] ] } },
{ "type": "Feature", "properties": { "name": "Proddatur Mydukuru Road", "highway": "trunk", "ref": "NH167B", "maxspeed": null }, "geometry": { "type": "LineString", "coordinates": [ [ 78.7321699, 14.7264339 ], [ 78.7229621, 14.7273374 ] ] } },
{ "type": "Feature", "properties": { "name": "Proddatur Mydukuru Road", "highway": "trunk", "ref": "NH67", "maxspeed": null }, "geometry": { "type": "LineString", "coordinates": [ [ 78.7123067, 14.7259958 ], [ 78.6805449, 14.7226129 ], [ 78.675391, 14.7234981 ], [ 78.6716819, 14.7259118 ], [ 78.6699012, 14.726242 ] ] } },
{ "type": "Feature", "properties": { "name": "Khajipeta - Nagasanipalli Road", "highway": "primary", "ref": "SH333", "maxspeed": null }, "geometry": { "type": "LineString", "coordinates": [ [ 78.77746, 14.656122 ], [ 78.7784493, 14.6663884 ], [ 78.7795974, 14.668711 ], [ 78.7932478, 14.6815946 ] ] } },
{ "type": "Feature", "properties": { "name": null, "highway": "trunk", "ref": "NH716", "maxspeed": null }, "geometry": { "type": "LineString", "coordinates": [ [ 78.7916299, 14.5081475 ], [ 78.7908276, 14.5081252 ] ] } },
{ "type": "Feature", "properties": { "name": null, "highway": "trunk", "ref": "NH716;NH544F", "maxspeed": null }, "geometry": { "type": "LineString", "coordinates": [ [ 78.6610786, 14.5814798 ], [ 78.6460271, 14.5848028 ], [ 78.6277261, 14.5924479 ] ] } },
{ "type": "Feature", "properties": { "name": "Yerraguntla - Vempalle Road", "highway": "trunk", "ref": "NH440", "maxspeed": null }, "geometry": { "type": "LineString", "coordinates": [ [ 78.504849, 14.5581595 ], [ 78.5093206, 14.5667607 ], [ 78.5124928, 14.5749537 ], [ 78.531314, 14.5944465 ], [ 78.5349897, 14.6035986 ], [ 78.5380021, 14.6160161 ], [ 78.5402955, 14.636735 ] ] } },
{ "type": "Feature", "properties": { "name": "Jammalamadugu Road", "highway": "primary", "ref": "SH57", "maxspeed": null }, "geometry": { "type": "LineString", "coordinates": [ [ 78.5190548, 14.7648667 ], [ 78.5115152, 14.7660817 ], [ 78.4858422, 14.7756309 ], [ 78.4744717, 14.7810841 ] ] } },
{ "type": "Feature", "properties": { "name": "Kadapa Bypass Road", "highway": "trunk", "ref": "NH716", "maxspeed": null }, "geometry": { "type": "LineString", "coordinates": [ [ 78.8480437, 14.4935399 ], [ 78.8418399, 14.5060377 ], [ 78.8382822, 14.5085199 ], [ 78.8349803, 14.5092416 ], [ 78.8153644, 14.5076494 ], [ 78.8120731, 14.5085721 ] ] } },
{ "type": "Feature", "properties": { "name": "Proddatur - Duvvuru Road", "highway": "secondary", "ref": "MDR081", "maxspeed": null }, "geometry": { "type": "LineString", "coordinates": [ [ 78.6083673, 14.7962691 ], [ 78.6211561, 14.8055474 ], [ 78.621604, 14.8067766 ], [ 78.6300751, 14.8139912 ], [ 78.6394675, 14.8191475 ], [ 78.652609, 14.8288664 ], [ 78.6539612, 14.8408501 ] ] } },
{ "type": "Feature", "properties": { "name": "Mydukuru Road", "highway": "trunk", "ref": "NH67", "maxspeed": null }, "geometry": { "type": "LineString", "coordinates": [ [ 78.5964664, 14.7365711 ], [ 78.5760698, 14.7396904 ] ] } },
{ "type": "Feature", "properties": { "name": null, "highway": "secondary", "ref": "MDR082", "maxspeed": null }, "geometry": { "type": "LineString", "coordinates": [ [ 78.5554358, 14.7541045 ], [ 78.5587851, 14.7529513 ], [ 78.5641541, 14.753496 ], [ 78.5759894, 14.7519418 ], [ 78.5825643, 14.752578 ] ] } },
{ "type": "Feature", "properties": { "name": "Proddatur Old Bypass", "highway": "primary", "ref": "SH57", "maxspeed": null }, "geometry": { "type": "LineString", "coordinates": [ [ 78.5239859, 14.7610667 ], [ 78.5284634, 14.7446762 ], [ 78.535824, 14.7419829 ], [ 78.5401448, 14.739092 ], [ 78.5504894, 14.7381378 ] ] } },
{ "type": "Feature", "properties": { "name": "Porumamilla Road", "highway": "trunk", "ref": "NH167B", "maxspeed": null }, "geometry": { "type": "LineString", "coordinates": [ [ 78.7358325, 14.7258073 ], [ 78.7373547, 14.7274413 ] ] } },
{ "type": "Feature", "properties": { "name": null, "highway": "secondary", "ref": "MDR0259", "maxspeed": null }, "geometry": { "type": "LineString", "coordinates": [ [ 78.5419571, 14.7683377 ], [ 78.5673495, 14.763695 ] ] } },
{ "type": "Feature", "properties": { "name": null, "highway": "trunk", "ref": "NH67", "maxspeed": null }, "geometry": { "type": "LineString", "coordinates": [ [ 78.5431345, 14.6427954 ], [ 78.5412589, 14.6406615 ] ] } },
{ "type": "Feature", "properties": { "name": null, "highway": "trunk", "ref": "NH67", "maxspeed": null }, "geometry": { "type": "LineString", "coordinates": [ [ 78.5407826, 14.6378066 ], [ 78.5406744, 14.6375648 ] ] } },
{ "type": "Feature", "properties": { "name": null, "highway": "secondary", "ref": "MDR0229", "maxspeed": null }, "geometry": { "type": "LineString", "coordinates": [ [ 78.4690091, 14.647607 ], [ 78.469356, 14.6498961 ], [ 78.4682673, 14.6577679 ], [ 78.4690397, 14.6674535 ], [ 78.4763, 14.6654122 ], [ 78.4691669, 14.6686926 ], [ 78.4704452, 14.6808041 ], [ 78.4733581, 14.692576 ] ] } },
{ "type": "Feature", "properties": { "name": "Proddatur Yerraguntla Road", "highway": "trunk", "ref": "NH67", "maxspeed": null }, "geometry": { "type": "LineString", "coordinates": [ [ 78.5454172, 14.6849686 ], [ 78.5493662, 14.7084522 ] ] } },
{ "type": "Feature", "properties": { "name": null, "highway": "primary", "ref": null, "maxspeed": null }, "geometry": { "type": "LineString", "coordinates": [ [ 78.3695277, 14.8732178 ], [ 78.3825686, 14.8726607 ], [ 78.3893116, 14.8705719 ], [ 78.394787, 14.8598494 ], [ 78.3957042, 14.8564074 ] ] } },
{ "type": "Feature", "properties": { "name": null, "highway": "trunk", "ref": "NH67", "maxspeed": null }, "geometry": { "type": "LineString", "coordinates": [ [ 78.5412589, 14.6406615 ], [ 78.5407826, 14.6378066 ] ] } },
{ "type": "Feature", "properties": { "name": null, "highway": "primary", "ref": "SH337", "maxspeed": null }, "geometry": { "type": "LineString", "coordinates": [ [ 78.7708519, 14.6524403 ], [ 78.7715628, 14.6523335 ] ] } },
{ "type": "Feature", "properties": { "name": null, "highway": "primary", "ref": null, "maxspeed": null }, "geometry": { "type": "LineString", "coordinates": [ [ 78.8029146, 14.4931049 ], [ 78.8039584, 14.4921671 ] ] } },
{ "type": "Feature", "properties": { "name": null, "highway": "primary", "ref": null, "maxspeed": null }, "geometry": { "type": "LineString", "coordinates": [ [ 78.7923476, 14.508112 ], [ 78.7921112, 14.5010408 ], [ 78.7994447, 14.4962841 ], [ 78.8029146, 14.4931049 ] ] } },
{ "type": "Feature", "properties": { "name": null, "highway": "primary", "ref": null, "maxspeed": null }, "geometry": { "type": "LineString", "coordinates": [ [ 78.7992898, 14.4962865 ], [ 78.7919999, 14.5010038 ], [ 78.7926572, 14.505808 ], [ 78.7921254, 14.5080779 ] ] } },
{ "type": "Feature", "properties": { "name": null, "highway": "primary", "ref": null, "maxspeed": null }, "geometry": { "type": "LineString", "coordinates": [ [ 78.8039584, 14.4921671 ], [ 78.8046847, 14.4915436 ] ] } },
{ "type": "Feature", "properties": { "name": null, "highway": "trunk", "ref": "NH40", "maxspeed": null }, "geometry": { "type": "LineString", "coordinates": [ [ 78.79233, 14.5715268 ], [ 78.7952652, 14.5769826 ] ] } },
{ "type": "Feature", "properties": { "name": null, "highway": "trunk", "ref": "NH40", "maxspeed": null }, "geometry": { "type": "LineString", "coordinates": [ [ 78.7920664, 14.5081096 ], [ 78.7920202, 14.5084139 ], [ 78.7923462, 14.5084588 ], [ 78.7923959, 14.5081632 ], [ 78.7920664, 14.5081096 ] ] } },
{ "type": "Feature", "properties": { "name": null, "highway": "secondary", "ref": "MDR0236", "maxspeed": null }, "geometry": { "type": "LineString", "coordinates": [ [ 78.730829, 14.6935488 ], [ 78.7335311, 14.6939808 ], [ 78.7462933, 14.6930563 ] ] } },
{ "type": "Feature", "properties": { "name": null, "highway": "secondary", "ref": "MDR0259", "maxspeed": null }, "geometry": { "type": "LineString", "coordinates": [ [ 78.5637519, 14.7433378 ], [ 78.5664741, 14.7533248 ] ] } },
{ "type": "Feature", "properties": { "name": "Proddatur - Chagalamarri Road", "highway": "trunk", "ref": "NH440", "maxspeed": null }, "geometry": { "type": "LineString", "coordinates": [ [ 78.566843, 14.7750422 ], [ 78.5746798, 14.7966354 ], [ 78.5743902, 14.8072053 ], [ 78.5758091, 14.8106038 ], [ 78.5773691, 14.819384 ], [ 78.5780836, 14.8532923 ], [ 78.5804334, 14.8644858 ], [ 78.5796409, 14.864884 ], [ 78.5798557, 14.8671658 ], [ 78.5789899, 14.8691705 ], [ 78.5745351, 14.8746169 ], [ 78.5707159, 14.8822846 ], [ 78.5682322, 14.8837673 ], [ 78.5655929, 14.8885836 ], [ 78.5644503, 14.888651 ] ] } },
{ "type": "Feature", "properties": { "name": null, "highway": "secondary", "ref": "MDR0124", "maxspeed": null }, "geometry": { "type": "LineString", "coordinates": [ [ 78.835105, 14.4920418 ], [ 78.8357202, 14.4920219 ] ] } },
{ "type": "Feature", "properties": { "name": null, "highway": "secondary", "ref": "MDR0124", "maxspeed": null }, "geometry": { "type": "LineString", "coordinates": [ [ 78.8386704, 14.5335062 ], [ 78.837322, 14.5356392 ], [ 78.8360721, 14.5418963 ], [ 78.8338029, 14.5432048 ], [ 78.8344467, 14.5450689 ], [ 78.8324082, 14.5440875 ], [ 78.8308042, 14.5443991 ], [ 78.8256544, 14.5416055 ], [ 78.8245869, 14.5418859 ], [ 78.8236052, 14.5403853 ], [ 78.820864, 14.5400322 ], [ 78.8202363, 14.5383809 ], [ 78.8171679, 14.5394506 ], [ 78.8123989, 14.5382355 ] ] } },
{ "type": "Feature", "properties": { "name": null, "highway": "secondary", "ref": "MDR0365", "maxspeed": null }, "geometry": { "type": "LineString", "coordinates": [ [ 78.5415906, 14.7594595 ], [ 78.5422689, 14.7625739 ] ] } },
{ "type": "Feature", "properties": { "name": null, "highway": "secondary", "ref": "MDR0270", "maxspeed": null }, "geometry": { "type": "LineString", "coordinates": [ [ 78.5708609, 14.7404381 ], [ 78.5726323, 14.7442301 ], [ 78.5714372, 14.7466896 ], [ 78.5704703, 14.7527565 ] ] } },
{ "type": "Feature", "properties": { "name": "Duvvuru Main Road", "highway": "secondary", "ref": "MDR060", "maxspeed": null }, "geometry": { "type": "LineString", "coordinates": [ [ 78.6553682, 14.8391953 ], [ 78.6552254, 14.839283 ] ] } },
{ "type": "Feature", "properties": { "name": "Duvvuru Main Road", "highway": "secondary", "ref": "MDR060", "maxspeed": null }, "geometry": { "type": "LineString", "coordinates": [ [ 78.6539612, 14.8408501 ], [ 78.6517292, 14.8513579 ] ] } },
{ "type": "Feature", "properties": { "name": null, "highway": "trunk", "ref": "NH716;NH544F", "maxspeed": null }, "geometry": { "type": "LineString", "coordinates": [ [ 78.6925445, 14.577811 ], [ 78.6800875, 14.5763641 ], [ 78.6755782, 14.5785201 ] ] } },
{ "type": "Feature", "properties": { "name": null, "highway": "trunk", "ref": "NH67;NH544F", "maxspeed": null }, "geometry": { "type": "LineString", "coordinates": [ [ 78.5406139, 14.6375291 ], [ 78.5351474, 14.6399674 ], [ 78.525551, 14.6408381 ] ] } },
{ "type": "Feature", "properties": { "name": null, "highway": "trunk", "ref": "NH716;NH544F", "maxspeed": null }, "geometry": { "type": "LineString", "coordinates": [ [ 78.6932727, 14.5778478 ], [ 78.6925445, 14.577811 ] ] } },
{ "type": "Feature", "properties": { "name": null, "highway": "trunk", "ref": "NH716;NH544F", "maxspeed": null }, "geometry": { "type": "LineString", "coordinates": [ [ 78.7352145, 14.5543003 ], [ 78.7343445, 14.5549211 ] ] } },
{ "type": "Feature", "properties": { "name": null, "highway": "trunk", "ref": "NH67;NH544F", "maxspeed": null }, "geometry": { "type": "LineString", "coordinates": [ [ 78.4634516, 14.6511299 ], [ 78.4630438, 14.6515088 ] ] } },
{ "type": "Feature", "properties": { "name": null, "highway": "trunk", "ref": "NH 67", "maxspeed": null }, "geometry": { "type": "LineString", "coordinates": [ [ 78.3988849, 14.6795111 ], [ 78.3983091, 14.6798142 ] ] } },
{ "type": "Feature", "properties": { "name": null, "highway": "trunk", "ref": "NH67;NH544F", "maxspeed": null }, "geometry": { "type": "LineString", "coordinates": [ [ 78.5247217, 14.6408167 ], [ 78.5240172, 14.6408184 ] ] } },
{ "type": "Feature", "properties": { "name": null, "highway": "trunk", "ref": "NH716;NH544F", "maxspeed": null }, "geometry": { "type": "LineString", "coordinates": [ [ 78.6755782, 14.5785201 ], [ 78.6713219, 14.5809917 ] ] } },
{ "type": "Feature", "properties": { "name": null, "highway": "trunk", "ref": "NH716;NH544F", "maxspeed": null }, "geometry": { "type": "LineString", "coordinates": [ [ 78.7343445, 14.5549211 ], [ 78.7249518, 14.5588117 ], [ 78.7033311, 14.5767464 ], [ 78.6990973, 14.5779279 ], [ 78.6932727, 14.5778478 ] ] } },
{ "type": "Feature", "properties": { "name": null, "highway": "trunk", "ref": "NH67;NH544F", "maxspeed": null }, "geometry": { "type": "LineString", "coordinates": [ [ 78.5240172, 14.6408184 ], [ 78.5109079, 14.6425753 ], [ 78.5032205, 14.644474 ], [ 78.4719586, 14.646773 ], [ 78.4680251, 14.647921 ], [ 78.4634516, 14.6511299 ] ] } },
{ "type": "Feature", "properties": { "name": null, "highway": "trunk", "ref": "NH67;NH544F", "maxspeed": null }, "geometry": { "type": "LineString", "coordinates": [ [ 78.4630438, 14.6515088 ], [ 78.44434, 14.6682884 ], [ 78.4373822, 14.6722795 ], [ 78.4232926, 14.6733297 ], [ 78.4168575, 14.6754593 ], [ 78.4064336, 14.6768378 ], [ 78.3988849, 14.6795111 ] ] } },
{ "type": "Feature", "properties": { "name": null, "highway": "trunk", "ref": "NH716;NH544F", "maxspeed": null }, "geometry": { "type": "LineString", "coordinates": [ [ 78.6713219, 14.5809917 ], [ 78.6693049, 14.5815505 ], [ 78.6659915, 14.5807023 ], [ 78.6610786, 14.5814798 ] ] } },
{ "type": "Feature", "properties": { "name": null, "highway": "trunk", "ref": "NH67", "maxspeed": null }, "geometry": { "type": "LineString", "coordinates": [ [ 78.8068444, 14.7175243 ], [ 78.8073279, 14.71755 ] ] } },
{ "type": "Feature", "properties": { "name": null, "highway": "trunk", "ref": "NH716", "maxspeed": null }, "geometry": { "type": "LineString", "coordinates": [ [ 78.7908276, 14.5081252 ], [ 78.7794121, 14.5188137 ], [ 78.7706656, 14.525583 ] ] } },
{ "type": "Feature", "properties": { "name": null, "highway": "primary", "ref": null, "maxspeed": null }, "geometry": { "type": "LineString", "coordinates": [ [ 78.5239859, 14.7610667 ], [ 78.5267037, 14.7629679 ] ] } },
{ "type": "Feature", "properties": { "name": null, "highway": "secondary", "ref": "MDR0364", "maxspeed": null }, "geometry": { "type": "LineString", "coordinates": [ [ 78.5953398, 14.7367647 ], [ 78.5948438, 14.7302074 ] ] } },
{ "type": "Feature", "properties": { "name": null, "highway": "secondary", "ref": "MDR0350", "maxspeed": null }, "geometry": { "type": "LineString", "coordinates": [ [ 78.5981488, 14.7101373 ], [ 78.6072069, 14.7087218 ], [ 78.6214861, 14.7100414 ], [ 78.6255416, 14.7086347 ], [ 78.6344621, 14.7077335 ], [ 78.6374587, 14.7052938 ], [ 78.641925, 14.7041715 ] ] } },
{ "type": "Feature", "properties": { "name": null, "highway": "secondary", "ref": "MDR0365", "maxspeed": null }, "geometry": { "type": "LineString", "coordinates": [ [ 78.5369355, 14.7690595 ], [ 78.5346106, 14.7749939 ], [ 78.5316115, 14.7875273 ], [ 78.5319495, 14.8029158 ], [ 78.5314537, 14.8060543 ], [ 78.5294199, 14.8101667 ] ] } },
{ "type": "Feature", "properties": { "name": null, "highway": "secondary", "ref": "MDR070", "maxspeed": null }, "geometry": { "type": "LineString", "coordinates": [ [ 78.3871642, 14.8506309 ], [ 78.3950816, 14.8565448 ] ] } },
{ "type": "Feature", "properties": { "name": "Proddatur Mydukuru Road", "highway": "trunk", "ref": "NH67", "maxspeed": null }, "geometry": { "type": "LineString", "coordinates": [ [ 78.6677501, 14.7259476 ], [ 78.6386682, 14.7285158 ] ] } },
{ "type": "Feature", "properties": { "name": null, "highway": "secondary", "ref": "MDR053", "maxspeed": null }, "geometry": { "type": "LineString", "coordinates": [ [ 78.6683232, 14.7192299 ], [ 78.6702242, 14.7187942 ] ] } },
{ "type": "Feature", "properties": { "name": "Mydukuru Road", "highway": "trunk", "ref": "NH67", "maxspeed": null }, "geometry": { "type": "LineString", "coordinates": [ [ 78.6699012, 14.726242 ], [ 78.6677501, 14.7259476 ] ] } },
{ "type": "Feature", "properties": { "name": null, "highway": "secondary", "ref": "MDR053", "maxspeed": null }, "geometry": { "type": "LineString", "coordinates": [ [ 78.6702242, 14.7187942 ], [ 78.6773535, 14.7189383 ], [ 78.6805509, 14.7226816 ] ] } },
{ "type": "Feature", "properties": { "name": null, "highway": "secondary", "ref": "MDR053", "maxspeed": null }, "geometry": { "type": "LineString", "coordinates": [ [ 78.6612484, 14.7263341 ], [ 78.6683232, 14.7192299 ] ] } },
{ "type": "Feature", "properties": { "name": null, "highway": "secondary", "ref": "MDR0237", "maxspeed": null }, "geometry": { "type": "LineString", "coordinates": [ [ 78.7988128, 14.7812475 ], [ 78.7946087, 14.7808742 ], [ 78.7860514, 14.7820957 ], [ 78.7832093, 14.7886131 ], [ 78.7775471, 14.7898305 ] ] } },
{ "type": "Feature", "properties": { "name": null, "highway": "secondary", "ref": "MDR0348", "maxspeed": null }, "geometry": { "type": "LineString", "coordinates": [ [ 78.7616471, 14.7626078 ], [ 78.7668244, 14.7554095 ], [ 78.7676936, 14.7452982 ], [ 78.7685834, 14.74158 ], [ 78.7694371, 14.7412811 ], [ 78.7700995, 14.7352383 ], [ 78.7718106, 14.7308787 ], [ 78.7708818, 14.7198282 ] ] } },
{ "type": "Feature", "properties": { "name": null, "highway": "trunk", "ref": "NH40", "maxspeed": null }, "geometry": { "type": "LineString", "coordinates": [ [ 78.7256353, 14.7230553 ], [ 78.7334767, 14.7104617 ], [ 78.7412578, 14.7034479 ], [ 78.7519472, 14.6824572 ] ] } },
{ "type": "Feature", "properties": { "name": "Mydukuru Main Road", "highway": "primary", "ref": null, "maxspeed": null }, "geometry": { "type": "LineString", "coordinates": [ [ 78.7290842, 14.7304107 ], [ 78.7288502, 14.7306328 ] ] } },
{ "type": "Feature", "properties": { "name": "Badvel Road", "highway": "primary", "ref": null, "maxspeed": null }, "geometry": { "type": "LineString", "coordinates": [ [ 78.7430736, 14.7247886 ], [ 78.7432721, 14.7247564 ] ] } },
{ "type": "Feature", "properties": { "name": null, "highway": "trunk", "ref": "NH67", "maxspeed": null }, "geometry": { "type": "LineString", "coordinates": [ [ 78.7710964, 14.7198697 ], [ 78.7997223, 14.7189308 ], [ 78.8062524, 14.7174991 ] ] } },
{ "type": "Feature", "properties": { "name": null, "highway": "trunk", "ref": "NH167B", "maxspeed": null }, "geometry": { "type": "LineString", "coordinates": [ [ 78.7373547, 14.7274413 ], [ 78.7375015, 14.7275861 ] ] } },
{ "type": "Feature", "properties": { "name": null, "highway": "trunk", "ref": "NH167B", "maxspeed": null }, "geometry": { "type": "LineString", "coordinates": [ [ 78.7375015, 14.7275861 ], [ 78.7410562, 14.7313957 ], [ 78.7610375, 14.7616189 ], [ 78.7713148, 14.7806372 ], [ 78.7775471, 14.7898305 ] ] } },
{ "type": "Feature", "properties": { "name": "Khajipeta - Nagasanipalli Road", "highway": "primary", "ref": "SH333", "maxspeed": null }, "geometry": { "type": "LineString", "coordinates": [ [ 78.7932478, 14.6815946 ], [ 78.793534, 14.6817949 ] ] } },
{ "type": "Feature", "properties": { "name": "Khajipeta - Nagasanipalli Road", "highway": "primary", "ref": "SH333", "maxspeed": null }, "geometry": { "type": "LineString", "coordinates": [ [ 78.793534, 14.6817949 ], [ 78.7971279, 14.6843689 ], [ 78.8017809, 14.6918741 ], [ 78.8037853, 14.6937482 ], [ 78.8524462, 14.7057473 ] ] } },
{ "type": "Feature", "properties": { "name": null, "highway": "secondary", "ref": "MDR0348", "maxspeed": null }, "geometry": { "type": "LineString", "coordinates": [ [ 78.7864867, 14.6757395 ], [ 78.7864137, 14.6832023 ], [ 78.7853813, 14.6853423 ] ] } },
{ "type": "Feature", "properties": { "name": null, "highway": "secondary", "ref": "MDR0348", "maxspeed": null }, "geometry": { "type": "LineString", "coordinates": [ [ 78.7812408, 14.6934327 ], [ 78.7812512, 14.6935593 ] ] } },
{ "type": "Feature", "properties": { "name": null, "highway": "secondary", "ref": "MDR0348", "maxspeed": null }, "geometry": { "type": "LineString", "coordinates": [ [ 78.7812512, 14.6935593 ], [ 78.7765848, 14.6945776 ], [ 78.7746317, 14.6958124 ], [ 78.7746836, 14.6976358 ], [ 78.7706087, 14.6990467 ], [ 78.7712477, 14.7044818 ], [ 78.7712976, 14.7126346 ], [ 78.7703046, 14.7165112 ], [ 78.7708818, 14.7198282 ] ] } },
{ "type": "Feature", "properties": { "name": null, "highway": "secondary", "ref": "MDR0348", "maxspeed": null }, "geometry": { "type": "LineString", "coordinates": [ [ 78.7853813, 14.6853423 ], [ 78.7851204, 14.6853665 ] ] } },
{ "type": "Feature", "properties": { "name": null, "highway": "secondary", "ref": "MDR0348", "maxspeed": null }, "geometry": { "type": "LineString", "coordinates": [ [ 78.7851204, 14.6853665 ], [ 78.7831518, 14.6850157 ], [ 78.7839039, 14.6936227 ], [ 78.7812408, 14.6934327 ] ] } },
{ "type": "Feature", "properties": { "name": "Khajipeta - Kamalapuram Road", "highway": "primary", "ref": "SH337", "maxspeed": null }, "geometry": { "type": "LineString", "coordinates": [ [ 78.7685595, 14.6483236 ], [ 78.7661476, 14.6482607 ], [ 78.7589907, 14.6452989 ], [ 78.7531674, 14.6464017 ], [ 78.7461842, 14.6422748 ], [ 78.7361764, 14.6328898 ], [ 78.7333818, 14.6314538 ] ] } },
{ "type": "Feature", "properties": { "name": "Khajipeta - Kamalapuram Road", "highway": "primary", "ref": "SH337", "maxspeed": null }, "geometry": { "type": "LineString", "coordinates": [ [ 78.7333818, 14.6314538 ], [ 78.7281511, 14.6316868 ], [ 78.725251, 14.6298098 ] ] } },
{ "type": "Feature", "properties": { "name": "Khajipeta - Kamalapuram Road", "highway": "primary", "ref": "SH337", "maxspeed": null }, "geometry": { "type": "LineString", "coordinates": [ [ 78.7248051, 14.6296922 ], [ 78.6928174, 14.6275844 ], [ 78.6893948, 14.6252392 ] ] } },
{ "type": "Feature", "properties": { "name": "Khajipeta - Kamalapuram Road", "highway": "primary", "ref": "SH337", "maxspeed": null }, "geometry": { "type": "LineString", "coordinates": [ [ 78.725251, 14.6298098 ], [ 78.7248051, 14.6296922 ] ] } },
{ "type": "Feature", "properties": { "name": "Khajipeta - Kamalapuram Road", "highway": "primary", "ref": "SH337", "maxspeed": null }, "geometry": { "type": "LineString", "coordinates": [ [ 78.6706281, 14.6019116 ], [ 78.6686573, 14.590953 ], [ 78.6558294, 14.5825141 ] ] } },
{ "type": "Feature", "properties": { "name": "Khajipeta - Kamalapuram Road", "highway": "primary", "ref": "SH337", "maxspeed": null }, "geometry": { "type": "LineString", "coordinates": [ [ 78.6833848, 14.622086 ], [ 78.6756572, 14.613232 ], [ 78.6729337, 14.608519 ] ] } },
{ "type": "Feature", "properties": { "name": "Khajipeta - Kamalapuram Road", "highway": "primary", "ref": "SH337", "maxspeed": null }, "geometry": { "type": "LineString", "coordinates": [ [ 78.6893948, 14.6252392 ], [ 78.6833848, 14.622086 ] ] } },
{ "type": "Feature", "properties": { "name": null, "highway": "secondary", "ref": "MDR0281", "maxspeed": null }, "geometry": { "type": "LineString", "coordinates": [ [ 78.5209873, 14.598858 ], [ 78.5201587, 14.5943952 ], [ 78.5226801, 14.5914836 ], [ 78.5233191, 14.588831 ], [ 78.5246631, 14.5880155 ] ] } },
{ "type": "Feature", "properties": { "name": null, "highway": "secondary", "ref": "MDR0409", "maxspeed": null }, "geometry": { "type": "LineString", "coordinates": [ [ 78.4167163, 14.5216969 ], [ 78.4123863, 14.5232316 ], [ 78.4094481, 14.5223253 ] ] } },
{ "type": "Feature", "properties": { "name": null, "highway": "secondary", "ref": "MDR0410", "maxspeed": null }, "geometry": { "type": "LineString", "coordinates": [ [ 78.5113225, 14.5720608 ], [ 78.5025663, 14.5749974 ], [ 78.4993269, 14.57691 ], [ 78.4988386, 14.576117 ], [ 78.4930898, 14.5757807 ], [ 78.4872176, 14.5741045 ], [ 78.4757977, 14.568945 ], [ 78.4654853, 14.5681892 ], [ 78.462594, 14.5669263 ], [ 78.4550271, 14.5656965 ], [ 78.4522547, 14.5637798 ], [ 78.4509223, 14.5600772 ], [ 78.4475128, 14.5574248 ], [ 78.4439851, 14.5531926 ], [ 78.4408821, 14.5465585 ] ] } },
{ "type": "Feature", "properties": { "name": null, "highway": "secondary", "ref": "MDR054", "maxspeed": null }, "geometry": { "type": "LineString", "coordinates": [ [ 78.6548945, 14.5828195 ], [ 78.6434661, 14.570019 ], [ 78.6356413, 14.5634787 ], [ 78.6307418, 14.561116 ], [ 78.6220041, 14.5518287 ], [ 78.6166456, 14.5492267 ], [ 78.5998583, 14.5453174 ], [ 78.588745, 14.5455984 ], [ 78.580757, 14.5429592 ] ] } },
{ "type": "Feature", "properties": { "name": null, "highway": "secondary", "ref": "MDR0223", "maxspeed": null }, "geometry": { "type": "LineString", "coordinates": [ [ 78.4672495, 14.5308296 ], [ 78.4718187, 14.5318152 ], [ 78.4745126, 14.5330709 ], [ 78.4752732, 14.5345679 ], [ 78.4799624, 14.5364037 ], [ 78.4850122, 14.5374083 ], [ 78.4943161, 14.5363656 ] ] } },
{ "type": "Feature", "properties": { "name": null, "highway": "secondary", "ref": "MDR0347", "maxspeed": null }, "geometry": { "type": "LineString", "coordinates": [ [ 78.5966973, 14.5179473 ], [ 78.5978041, 14.5208612 ] ] } },
{ "type": "Feature", "properties": { "name": null, "highway": "secondary", "ref": "MDR0347", "maxspeed": null }, "geometry": { "type": "LineString", "coordinates": [ [ 78.605366, 14.54655 ], [ 78.6047613, 14.5437217 ], [ 78.6031074, 14.5427378 ], [ 78.6007296, 14.5360856 ], [ 78.5988524, 14.5291931 ], [ 78.5988538, 14.5232368 ], [ 78.5978041, 14.5208612 ] ] } },
{ "type": "Feature", "properties": { "name": null, "highway": "trunk", "ref": "NH40", "maxspeed": null }, "geometry": { "type": "LineString", "coordinates": [ [ 78.6734032, 14.8226708 ], [ 78.6703828, 14.8252028 ], [ 78.667668, 14.8302368 ] ] } },
{ "type": "Feature", "properties": { "name": null, "highway": "trunk", "ref": "NH40", "maxspeed": null }, "geometry": { "type": "LineString", "coordinates": [ [ 78.6674494, 14.830572 ], [ 78.6579251, 14.8418937 ] ] } },
{ "type": "Feature", "properties": { "name": null, "highway": "trunk", "ref": "NH40", "maxspeed": null }, "geometry": { "type": "LineString", "coordinates": [ [ 78.6681679, 14.8297677 ], [ 78.6704899, 14.8252579 ], [ 78.6742167, 14.8220492 ], [ 78.6764729, 14.8171929 ], [ 78.6794559, 14.8140882 ] ] } },
{ "type": "Feature", "properties": { "name": "Duvvuru Main Road", "highway": "secondary", "ref": "MDR060", "maxspeed": null }, "geometry": { "type": "LineString", "coordinates": [ [ 78.6677928, 14.8302768 ], [ 78.6553682, 14.8391953 ] ] } },
{ "type": "Feature", "properties": { "name": null, "highway": "trunk", "ref": "NH40", "maxspeed": null }, "geometry": { "type": "LineString", "coordinates": [ [ 78.667668, 14.8302368 ], [ 78.6674494, 14.830572 ] ] } },
{ "type": "Feature", "properties": { "name": null, "highway": "trunk", "ref": "NH40", "maxspeed": null }, "geometry": { "type": "LineString", "coordinates": [ [ 78.658039, 14.8419697 ], [ 78.6681679, 14.8297677 ] ] } },
{ "type": "Feature", "properties": { "name": null, "highway": "trunk", "ref": "NH40", "maxspeed": null }, "geometry": { "type": "LineString", "coordinates": [ [ 78.685776, 14.8098809 ], [ 78.6810977, 14.8129682 ] ] } },
{ "type": "Feature", "properties": { "name": null, "highway": "trunk", "ref": "NH40", "maxspeed": null }, "geometry": { "type": "LineString", "coordinates": [ [ 78.6880736, 14.8066349 ], [ 78.6968696, 14.7929698 ] ] } },
{ "type": "Feature", "properties": { "name": null, "highway": "secondary", "ref": "MDR059", "maxspeed": null }, "geometry": { "type": "LineString", "coordinates": [ [ 78.6749808, 14.8215531 ], [ 78.6744039, 14.821519 ] ] } },
{ "type": "Feature", "properties": { "name": null, "highway": "trunk", "ref": "NH40", "maxspeed": null }, "geometry": { "type": "LineString", "coordinates": [ [ 78.6770058, 14.8161955 ], [ 78.6734032, 14.8226708 ] ] } },
{ "type": "Feature", "properties": { "name": null, "highway": "trunk", "ref": "NH40", "maxspeed": null }, "geometry": { "type": "LineString", "coordinates": [ [ 78.6793769, 14.813981 ], [ 78.6770058, 14.8161955 ] ] } },
{ "type": "Feature", "properties": { "name": null, "highway": "trunk", "ref": "NH40", "maxspeed": null }, "geometry": { "type": "LineString", "coordinates": [ [ 78.6551088, 14.8463013 ], [ 78.6521691, 14.8504495 ] ] } },
{ "type": "Feature", "properties": { "name": null, "highway": "trunk", "ref": "NH40", "maxspeed": null }, "geometry": { "type": "LineString", "coordinates": [ [ 78.6498569, 14.8544048 ], [ 78.6474699, 14.8573458 ] ] } },
{ "type": "Feature", "properties": { "name": null, "highway": "trunk", "ref": "NH40", "maxspeed": null }, "geometry": { "type": "LineString", "coordinates": [ [ 78.6521691, 14.8504495 ], [ 78.6516698, 14.8512021 ] ] } },
{ "type": "Feature", "properties": { "name": null, "highway": "secondary", "ref": "MDR0362", "maxspeed": null }, "geometry": { "type": "LineString", "coordinates": [ [ 78.65042, 14.853656 ], [ 78.6500612, 14.8582865 ], [ 78.647267, 14.8592975 ], [ 78.645896, 14.8606808 ] ] } },
{ "type": "Feature", "properties": { "name": null, "highway": "trunk", "ref": "NH40", "maxspeed": null }, "geometry": { "type": "LineString", "coordinates": [ [ 78.645896, 14.8606808 ], [ 78.646574, 14.8592694 ] ] } },
{ "type": "Feature", "properties": { "name": null, "highway": "trunk", "ref": "NH40", "maxspeed": null }, "geometry": { "type": "LineString", "coordinates": [ [ 78.6532259, 14.8493191 ], [ 78.6552204, 14.8463682 ] ] } },
{ "type": "Feature", "properties": { "name": null, "highway": "trunk", "ref": "NH40", "maxspeed": null }, "geometry": { "type": "LineString", "coordinates": [ [ 78.63348, 14.8838448 ], [ 78.645896, 14.8606808 ] ] } },
{ "type": "Feature", "properties": { "name": null, "highway": "trunk", "ref": "NH40", "maxspeed": null }, "geometry": { "type": "LineString", "coordinates": [ [ 78.6456728, 14.8608508 ], [ 78.6333538, 14.8837849 ] ] } },
{ "type": "Feature", "properties": { "name": null, "highway": "trunk", "ref": "NH40", "maxspeed": null }, "geometry": { "type": "LineString", "coordinates": [ [ 78.646574, 14.8592694 ], [ 78.6491878, 14.8554911 ] ] } },
{ "type": "Feature", "properties": { "name": null, "highway": "trunk", "ref": "NH40", "maxspeed": null }, "geometry": { "type": "LineString", "coordinates": [ [ 78.6513698, 14.8520103 ], [ 78.6532259, 14.8493191 ] ] } },
{ "type": "Feature", "properties": { "name": null, "highway": "trunk", "ref": "NH40", "maxspeed": null }, "geometry": { "type": "LineString", "coordinates": [ [ 78.6552204, 14.8463682 ], [ 78.6576212, 14.8425651 ] ] } },
{ "type": "Feature", "properties": { "name": null, "highway": "trunk", "ref": "NH40", "maxspeed": null }, "geometry": { "type": "LineString", "coordinates": [ [ 78.6500956, 14.854185 ], [ 78.6513698, 14.8520103 ] ] } },
{ "type": "Feature", "properties": { "name": null, "highway": "trunk", "ref": "NH40", "maxspeed": null }, "geometry": { "type": "LineString", "coordinates": [ [ 78.6516698, 14.8512021 ], [ 78.6500869, 14.8540615 ] ] } },
{ "type": "Feature", "properties": { "name": null, "highway": "trunk", "ref": "NH40", "maxspeed": null }, "geometry": { "type": "LineString", "coordinates": [ [ 78.6474699, 14.8573458 ], [ 78.6456728, 14.8608508 ] ] } },
{ "type": "Feature", "properties": { "name": null, "highway": "secondary", "ref": "MDR030", "maxspeed": null }, "geometry": { "type": "LineString", "coordinates": [ [ 78.6792637, 14.5764611 ], [ 78.6732468, 14.5682334 ], [ 78.6740654, 14.5650643 ], [ 78.6756941, 14.5630651 ], [ 78.6749073, 14.5607375 ], [ 78.6736752, 14.5614025 ], [ 78.6724002, 14.5588917 ] ] } },
{ "type": "Feature", "properties": { "name": null, "highway": "secondary", "ref": "MDR0442", "maxspeed": null }, "geometry": { "type": "LineString", "coordinates": [ [ 78.6749073, 14.5607375 ], [ 78.6778597, 14.5580377 ], [ 78.6808977, 14.5594509 ], [ 78.6898488, 14.5610768 ], [ 78.6969486, 14.5600643 ], [ 78.6977431, 14.5609771 ] ] } },
{ "type": "Feature", "properties": { "name": null, "highway": "secondary", "ref": "MDR02", "maxspeed": null }, "geometry": { "type": "LineString", "coordinates": [ [ 78.811095, 14.4887868 ], [ 78.8094212, 14.4879941 ] ] } },
{ "type": "Feature", "properties": { "name": null, "highway": "secondary", "ref": "MDR02", "maxspeed": null }, "geometry": { "type": "LineString", "coordinates": [ [ 78.8094212, 14.4879941 ], [ 78.8079344, 14.4873565 ] ] } },
{ "type": "Feature", "properties": { "name": null, "highway": "primary", "ref": "SH57", "maxspeed": null }, "geometry": { "type": "LineString", "coordinates": [ [ 78.4446533, 14.7934345 ], [ 78.4565234, 14.794722 ], [ 78.4684566, 14.7935188 ], [ 78.4708947, 14.7913741 ], [ 78.4728742, 14.7832568 ], [ 78.4746471, 14.7810031 ] ] } },
{ "type": "Feature", "properties": { "name": null, "highway": "secondary", "ref": "MDR0283", "maxspeed": null }, "geometry": { "type": "LineString", "coordinates": [ [ 78.4493465, 14.801716 ], [ 78.4468619, 14.7887212 ], [ 78.4473699, 14.7856949 ], [ 78.4489007, 14.7854051 ] ] } },
{ "type": "Feature", "properties": { "name": null, "highway": "secondary", "ref": "MDR055", "maxspeed": null }, "geometry": { "type": "LineString", "coordinates": [ [ 78.6562252, 14.6593682 ], [ 78.6483065, 14.6657094 ], [ 78.6493525, 14.6729125 ], [ 78.6493525, 14.6760885 ], [ 78.6485908, 14.676488 ], [ 78.6495617, 14.6812674 ], [ 78.6473462, 14.6918688 ], [ 78.6508707, 14.6912462 ], [ 78.6533276, 14.6970526 ], [ 78.6541859, 14.7022518 ], [ 78.6534027, 14.7075443 ], [ 78.6560312, 14.7174492 ], [ 78.6564389, 14.7228555 ], [ 78.6580686, 14.726578 ] ] } },
{ "type": "Feature", "properties": { "name": null, "highway": "secondary", "ref": "MDR071", "maxspeed": null }, "geometry": { "type": "LineString", "coordinates": [ [ 78.5410257, 14.8836195 ], [ 78.5405699, 14.8805485 ], [ 78.5418412, 14.8770178 ], [ 78.5426244, 14.8707391 ], [ 78.5404014, 14.8565682 ], [ 78.5388936, 14.8358695 ], [ 78.5360987, 14.8232926 ], [ 78.539899, 14.8094992 ] ] } },
{ "type": "Feature", "properties": { "name": null, "highway": "secondary", "ref": "MDR0264", "maxspeed": null }, "geometry": { "type": "LineString", "coordinates": [ [ 78.6702423, 14.7348158 ], [ 78.6716258, 14.7374601 ], [ 78.6712181, 14.7443602 ], [ 78.6718511, 14.7466843 ], [ 78.6704027, 14.7479605 ], [ 78.6700487, 14.7505543 ], [ 78.6726515, 14.7556449 ], [ 78.6744413, 14.763268 ] ] } },
{ "type": "Feature", "properties": { "name": null, "highway": "secondary", "ref": "MDR082", "maxspeed": null }, "geometry": { "type": "LineString", "coordinates": [ [ 78.6817363, 14.8165831 ], [ 78.6810462, 14.8133158 ] ] } },
{ "type": "Feature", "properties": { "name": null, "highway": "secondary", "ref": "MDR082", "maxspeed": null }, "geometry": { "type": "LineString", "coordinates": [ [ 78.5881389, 14.7522943 ], [ 78.5900545, 14.7530026 ], [ 78.5921745, 14.7527139 ], [ 78.5936057, 14.7512803 ], [ 78.5952713, 14.7518481 ] ] } },
{ "type": "Feature", "properties": { "name": null, "highway": "secondary", "ref": "MDR0271", "maxspeed": null }, "geometry": { "type": "LineString", "coordinates": [ [ 78.5596356, 14.7455415 ], [ 78.5599964, 14.7464001 ] ] } },
{ "type": "Feature", "properties": { "name": null, "highway": "secondary", "ref": "MDR0365", "maxspeed": null }, "geometry": { "type": "LineString", "coordinates": [ [ 78.5420642, 14.7631748 ], [ 78.5419033, 14.7668232 ] ] } },
{ "type": "Feature", "properties": { "name": null, "highway": "secondary", "ref": "MDR0269", "maxspeed": null }, "geometry": { "type": "LineString", "coordinates": [ [ 78.4860536, 14.8947106 ], [ 78.4885994, 14.8915538 ], [ 78.49073, 14.8905551 ], [ 78.4914661, 14.8885849 ], [ 78.4913089, 14.882195 ], [ 78.4838089, 14.8358199 ], [ 78.479558, 14.8214567 ], [ 78.4828625, 14.8064797 ], [ 78.4847108, 14.8041328 ], [ 78.4818851, 14.792534 ] ] } },
{ "type": "Feature", "properties": { "name": null, "highway": "secondary", "ref": "MDR0278", "maxspeed": null }, "geometry": { "type": "LineString", "coordinates": [ [ 78.5559146, 14.656731 ], [ 78.5440741, 14.6436588 ] ] } },
{ "type": "Feature", "properties": { "name": null, "highway": "trunk", "ref": "NH67", "maxspeed": null }, "geometry": { "type": "LineString", "coordinates": [ [ 78.5440741, 14.6436588 ], [ 78.5440415, 14.6436144 ] ] } },
{ "type": "Feature", "properties": { "name": "Thermal(RTPP) Road", "highway": "secondary", "ref": "MDR0229", "maxspeed": null }, "geometry": { "type": "LineString", "coordinates": [ [ 78.4733581, 14.692576 ], [ 78.4733621, 14.6926496 ] ] } },
{ "type": "Feature", "properties": { "name": "Thermal(RTPP) Road", "highway": "secondary", "ref": "MDR0222", "maxspeed": null }, "geometry": { "type": "LineString", "coordinates": [ [ 78.4733581, 14.692576 ], [ 78.4693259, 14.6946029 ], [ 78.4665941, 14.6998023 ], [ 78.4688292, 14.7103566 ], [ 78.4698976, 14.7115841 ] ] } },
{ "type": "Feature", "properties": { "name": null, "highway": "secondary", "ref": "MDR0228", "maxspeed": null }, "geometry": { "type": "LineString", "coordinates": [ [ 78.6706281, 14.6019116 ], [ 78.6676661, 14.601042 ], [ 78.6674174, 14.6021842 ], [ 78.6643355, 14.6045513 ], [ 78.6561819, 14.6177797 ] ] } },
{ "type": "Feature", "properties": { "name": "Mydukuru Road", "highway": "trunk", "ref": "NH67", "maxspeed": null }, "geometry": { "type": "LineString", "coordinates": [ [ 78.5760698, 14.7396904 ], [ 78.5682184, 14.7409355 ] ] } },
{ "type": "Feature", "properties": { "name": null, "highway": "secondary", "ref": "MDR082", "maxspeed": null }, "geometry": { "type": "LineString", "coordinates": [ [ 78.6291859, 14.7622147 ], [ 78.6315805, 14.7638184 ], [ 78.6366069, 14.7649387 ], [ 78.6369824, 14.7663706 ], [ 78.6401539, 14.7683695 ], [ 78.64968, 14.7770921 ], [ 78.6560422, 14.7843278 ], [ 78.6589186, 14.7845062 ], [ 78.6769634, 14.7929896 ], [ 78.6801617, 14.7927842 ], [ 78.6800641, 14.7951265 ], [ 78.6780041, 14.7961016 ], [ 78.6781597, 14.7971129 ] ] } },
{ "type": "Feature", "properties": { "name": null, "highway": "secondary", "ref": "MDR0271", "maxspeed": null }, "geometry": { "type": "LineString", "coordinates": [ [ 78.5599964, 14.7464001 ], [ 78.5622999, 14.7532682 ] ] } },
{ "type": "Feature", "properties": { "name": "Mydukuru Road", "highway": "primary", "ref": "SH317", "maxspeed": null }, "geometry": { "type": "LineString", "coordinates": [ [ 78.5610714, 14.7447571 ], [ 78.5619168, 14.7443074 ] ] } },
{ "type": "Feature", "properties": { "name": null, "highway": "primary", "ref": "SH317", "maxspeed": null }, "geometry": { "type": "LineString", "coordinates": [ [ 78.5596356, 14.7455415 ], [ 78.5610714, 14.7447571 ] ] } },
{ "type": "Feature", "properties": { "name": "Mydukuru Road", "highway": "primary", "ref": "SH317", "maxspeed": null }, "geometry": { "type": "LineString", "coordinates": [ [ 78.5531638, 14.748962 ], [ 78.5596356, 14.7455415 ] ] } },
{ "type": "Feature", "properties": { "name": null, "highway": "secondary", "ref": "MDR0259", "maxspeed": null }, "geometry": { "type": "LineString", "coordinates": [ [ 78.5683623, 14.7608148 ], [ 78.5687445, 14.762643 ] ] } },
{ "type": "Feature", "properties": { "name": null, "highway": "secondary", "ref": "MDR0259", "maxspeed": null }, "geometry": { "type": "LineString", "coordinates": [ [ 78.5683623, 14.7608148 ], [ 78.5663789, 14.7533237 ] ] } },
{ "type": "Feature", "properties": { "name": null, "highway": "secondary", "ref": "MDR082", "maxspeed": null }, "geometry": { "type": "LineString", "coordinates": [ [ 78.5825643, 14.752578 ], [ 78.5881389, 14.7522943 ] ] } },
{ "type": "Feature", "properties": { "name": "Badvel Road", "highway": "primary", "ref": null, "maxspeed": null }, "geometry": { "type": "LineString", "coordinates": [ [ 78.7358574, 14.7258563 ], [ 78.7430736, 14.7247886 ] ] } },
{ "type": "Feature", "properties": { "name": "Mydukuru Main Road", "highway": "primary", "ref": null, "maxspeed": null }, "geometry": { "type": "LineString", "coordinates": [ [ 78.7321601, 14.7264821 ], [ 78.7321684, 14.7284079 ], [ 78.7290842, 14.7304107 ] ] } },
{ "type": "Feature", "properties": { "name": null, "highway": "secondary", "ref": null, "maxspeed": null }, "geometry": { "type": "LineString", "coordinates": [ [ 78.5490666, 14.7541847 ], [ 78.5495162, 14.7554493 ] ] } },
{ "type": "Feature", "properties": { "name": null, "highway": "secondary", "ref": null, "maxspeed": null }, "geometry": { "type": "LineString", "coordinates": [ [ 78.5487627, 14.7532439 ], [ 78.5490666, 14.7541847 ] ] } },
{ "type": "Feature", "properties": { "name": null, "highway": "secondary", "ref": "MDR0259", "maxspeed": null }, "geometry": { "type": "LineString", "coordinates": [ [ 78.5279914, 14.7703939 ], [ 78.5271491, 14.76338 ] ] } },
{ "type": "Feature", "properties": { "name": null, "highway": "secondary", "ref": "MDR0259", "maxspeed": null }, "geometry": { "type": "LineString", "coordinates": [ [ 78.5280238, 14.7705208 ], [ 78.5369355, 14.7690595 ] ] } },
{ "type": "Feature", "properties": { "name": null, "highway": "secondary", "ref": "MDR0349", "maxspeed": null }, "geometry": { "type": "LineString", "coordinates": [ [ 78.657911, 14.7843811 ], [ 78.659352, 14.7797841 ], [ 78.6637508, 14.7720503 ], [ 78.6644643, 14.7685801 ], [ 78.6640995, 14.7644095 ], [ 78.6603498, 14.7513735 ], [ 78.6611223, 14.7447695 ], [ 78.6622762, 14.7416224 ], [ 78.660699, 14.7387535 ], [ 78.6647921, 14.7364863 ], [ 78.6702423, 14.7348158 ] ] } },
{ "type": "Feature", "properties": { "name": null, "highway": "secondary", "ref": "MDR0377", "maxspeed": null }, "geometry": { "type": "LineString", "coordinates": [ [ 78.6603421, 14.7512247 ], [ 78.6556726, 14.7520497 ], [ 78.6409309, 14.7570383 ], [ 78.6404213, 14.7582314 ], [ 78.6377766, 14.7584337 ], [ 78.63503, 14.7616343 ], [ 78.6315271, 14.7618781 ], [ 78.6309367, 14.7629833 ] ] } },
{ "type": "Feature", "properties": { "name": null, "highway": "secondary", "ref": "MDR0255", "maxspeed": null }, "geometry": { "type": "LineString", "coordinates": [ [ 78.6377766, 14.7584337 ], [ 78.6345338, 14.7504009 ], [ 78.6367631, 14.7498457 ], [ 78.6416498, 14.7454497 ] ] } },
{ "type": "Feature", "properties": { "name": null, "highway": "secondary", "ref": "MDR0266", "maxspeed": null }, "geometry": { "type": "LineString", "coordinates": [ [ 78.6408073, 14.7283497 ], [ 78.6411565, 14.7329585 ], [ 78.6401801, 14.7331556 ], [ 78.6375567, 14.7371955 ], [ 78.636189, 14.7377574 ], [ 78.636606, 14.7400901 ] ] } },
{ "type": "Feature", "properties": { "name": null, "highway": "secondary", "ref": "MDR0263", "maxspeed": null }, "geometry": { "type": "LineString", "coordinates": [ [ 78.6803591, 14.7071605 ], [ 78.6853265, 14.7103774 ], [ 78.6868286, 14.7135217 ], [ 78.6949471, 14.7240909 ] ] } },
{ "type": "Feature", "properties": { "name": "Servaipalle Road", "highway": "secondary", "ref": "MDR0236", "maxspeed": "20" }, "geometry": { "type": "LineString", "coordinates": [ [ 78.7329161, 14.722328 ], [ 78.7292834, 14.7174941 ] ] } },
{ "type": "Feature", "properties": { "name": null, "highway": "secondary", "ref": "MDR074", "maxspeed": null }, "geometry": { "type": "LineString", "coordinates": [ [ 78.5773843, 14.8196666 ], [ 78.588106, 14.8195421 ], [ 78.5913005, 14.8223373 ], [ 78.5994846, 14.8262161 ], [ 78.6007804, 14.8280174 ], [ 78.6104739, 14.8307606 ], [ 78.6108011, 14.8322282 ], [ 78.6145347, 14.8345151 ], [ 78.6148834, 14.8440305 ], [ 78.6121583, 14.8687633 ], [ 78.6134404, 14.8810665 ], [ 78.6154772, 14.8884655 ], [ 78.6177186, 14.892785 ] ] } },
{ "type": "Feature", "properties": { "name": null, "highway": "secondary", "ref": "MDR081", "maxspeed": null }, "geometry": { "type": "LineString", "coordinates": [ [ 78.5699003, 14.7840362 ], [ 78.5739128, 14.7836573 ], [ 78.5920776, 14.7982644 ], [ 78.6001593, 14.7975441 ] ] } },
{ "type": "Feature", "properties": { "name": null, "highway": "secondary", "ref": "MDR049", "maxspeed": null }, "geometry": { "type": "LineString", "coordinates": [ [ 78.6404695, 14.8017643 ], [ 78.6432661, 14.8008056 ] ] } },
{ "type": "Feature", "properties": { "name": "Mydukuru Road", "highway": "trunk", "ref": "NH67", "maxspeed": null }, "geometry": { "type": "LineString", "coordinates": [ [ 78.6408073, 14.7283497 ], [ 78.6677232, 14.726054 ] ] } },
{ "type": "Feature", "properties": { "name": null, "highway": "primary", "ref": null, "maxspeed": null }, "geometry": { "type": "LineString", "coordinates": [ [ 78.6580686, 14.726578 ], [ 78.65807, 14.7266545 ] ] } },
{ "type": "Feature", "properties": { "name": "Proddatur Mydukuru Road", "highway": "trunk", "ref": "NH67", "maxspeed": null }, "geometry": { "type": "LineString", "coordinates": [ [ 78.6386682, 14.7285158 ], [ 78.6264065, 14.7289516 ], [ 78.6197814, 14.7316831 ], [ 78.5964664, 14.7365711 ] ] } },
{ "type": "Feature", "properties": { "name": null, "highway": "secondary", "ref": "MDR0261", "maxspeed": null }, "geometry": { "type": "LineString", "coordinates": [ [ 78.6274625, 14.7803208 ], [ 78.6274768, 14.77752 ], [ 78.6327695, 14.7637625 ] ] } },
{ "type": "Feature", "properties": { "name": null, "highway": "secondary", "ref": "MDR02", "maxspeed": null }, "geometry": { "type": "LineString", "coordinates": [ [ 78.8136955, 14.4879801 ], [ 78.8136852, 14.4878494 ], [ 78.813567, 14.4878583 ], [ 78.813576, 14.4879851 ], [ 78.8136955, 14.4879801 ] ] } },
{ "type": "Feature", "properties": { "name": null, "highway": "secondary", "ref": "MDR0382", "maxspeed": null }, "geometry": { "type": "LineString", "coordinates": [ [ 78.8136955, 14.4879801 ], [ 78.8139205, 14.4878666 ] ] } },
{ "type": "Feature", "properties": { "name": null, "highway": "secondary", "ref": "MDR02", "maxspeed": null }, "geometry": { "type": "LineString", "coordinates": [ [ 78.8135447, 14.4879374 ], [ 78.8125215, 14.4888869 ], [ 78.811095, 14.4887868 ] ] } },
{ "type": "Feature", "properties": { "name": null, "highway": "primary", "ref": null, "maxspeed": null }, "geometry": { "type": "LineString", "coordinates": [ [ 78.8048182, 14.4914538 ], [ 78.8077471, 14.4878748 ] ] } },
{ "type": "Feature", "properties": { "name": "Gudipadu Main Road", "highway": "secondary", "ref": "MDR059", "maxspeed": null }, "geometry": { "type": "LineString", "coordinates": [ [ 78.6842679, 14.8110888 ], [ 78.6818212, 14.8165293 ], [ 78.6749808, 14.8215531 ] ] } },
{ "type": "Feature", "properties": { "name": null, "highway": "trunk", "ref": "NH40", "maxspeed": null }, "geometry": { "type": "LineString", "coordinates": [ [ 78.6937501, 14.7977164 ], [ 78.6879993, 14.8065482 ] ] } },
{ "type": "Feature", "properties": { "name": null, "highway": "trunk", "ref": "NH40", "maxspeed": null }, "geometry": { "type": "LineString", "coordinates": [ [ 78.7154327, 14.7592781 ], [ 78.7099673, 14.7647707 ], [ 78.7041659, 14.7847782 ], [ 78.6966727, 14.7927215 ] ] } },
{ "type": "Feature", "properties": { "name": null, "highway": "trunk", "ref": "NH40", "maxspeed": null }, "geometry": { "type": "LineString", "coordinates": [ [ 78.7518533, 14.6823895 ], [ 78.741172, 14.703387 ], [ 78.7339622, 14.7096912 ], [ 78.7255112, 14.7230203 ] ] } },
{ "type": "Feature", "properties": { "name": null, "highway": "trunk", "ref": "NH40", "maxspeed": null }, "geometry": { "type": "LineString", "coordinates": [ [ 78.6968696, 14.7929698 ], [ 78.7042595, 14.7848308 ], [ 78.7100609, 14.7648233 ], [ 78.7155264, 14.7593307 ] ] } },
{ "type": "Feature", "properties": { "name": null, "highway": "trunk", "ref": "NH40", "maxspeed": null }, "geometry": { "type": "LineString", "coordinates": [ [ 78.6966727, 14.7927215 ], [ 78.6937501, 14.7977164 ] ] } },
{ "type": "Feature", "properties": { "name": null, "highway": "primary", "ref": "SH317", "maxspeed": null }, "geometry": { "type": "LineString", "coordinates": [ [ 78.5541518, 14.7525794 ], [ 78.5503283, 14.7551981 ] ] } },
{ "type": "Feature", "properties": { "name": "Sivalayam Street", "highway": "primary", "ref": "SH317", "maxspeed": null }, "geometry": { "type": "LineString", "coordinates": [ [ 78.553062, 14.7490727 ], [ 78.5541518, 14.7525794 ] ] } },
{ "type": "Feature", "properties": { "name": null, "highway": "secondary", "ref": "MDR0235", "maxspeed": null }, "geometry": { "type": "LineString", "coordinates": [ [ 78.7554292, 14.6315882 ], [ 78.7565278, 14.6318374 ], [ 78.7606014, 14.6382786 ], [ 78.7645972, 14.6415248 ], [ 78.7676833, 14.6458085 ], [ 78.7685595, 14.6483236 ] ] } },
{ "type": "Feature", "properties": { "name": null, "highway": "secondary", "ref": "MDR0235", "maxspeed": null }, "geometry": { "type": "LineString", "coordinates": [ [ 78.7887611, 14.6069485 ], [ 78.7833777, 14.6026121 ], [ 78.7813204, 14.6025524 ], [ 78.7792283, 14.5936547 ], [ 78.774462, 14.5856261 ], [ 78.774293, 14.5831549 ] ] } },
{ "type": "Feature", "properties": { "name": "Kadapa Bypass", "highway": "trunk", "ref": "NH40", "maxspeed": null }, "geometry": { "type": "LineString", "coordinates": [ [ 78.7902688, 14.506943 ], [ 78.7865636, 14.4966336 ] ] } },
{ "type": "Feature", "properties": { "name": null, "highway": "secondary", "ref": "MDR02", "maxspeed": null }, "geometry": { "type": "LineString", "coordinates": [ [ 78.8093551, 14.4880853 ], [ 78.8110289, 14.488878 ] ] } },
{ "type": "Feature", "properties": { "name": null, "highway": "secondary", "ref": "MDR02", "maxspeed": null }, "geometry": { "type": "LineString", "coordinates": [ [ 78.8078763, 14.487497 ], [ 78.8093551, 14.4880853 ] ] } },
{ "type": "Feature", "properties": { "name": null, "highway": "secondary", "ref": "MDR02", "maxspeed": null }, "geometry": { "type": "LineString", "coordinates": [ [ 78.8110289, 14.488878 ], [ 78.8124497, 14.488983 ], [ 78.813602, 14.487999 ] ] } },
{ "type": "Feature", "properties": { "name": null, "highway": "secondary", "ref": "MDR", "maxspeed": null }, "geometry": { "type": "LineString", "coordinates": [ [ 78.6810462, 14.8133158 ], [ 78.6809803, 14.8128221 ] ] } },
{ "type": "Feature", "properties": { "name": "Duvvuru Main Road", "highway": "secondary", "ref": "MDR060", "maxspeed": null }, "geometry": { "type": "LineString", "coordinates": [ [ 78.6552254, 14.839283 ], [ 78.6539612, 14.8408501 ] ] } },
{ "type": "Feature", "properties": { "name": null, "highway": "trunk", "ref": "NH67", "maxspeed": null }, "geometry": { "type": "LineString", "coordinates": [ [ 78.5405392, 14.658424 ], [ 78.5409661, 14.6578232 ] ] } },
{ "type": "Feature", "properties": { "name": null, "highway": "primary", "ref": null, "maxspeed": null }, "geometry": { "type": "LineString", "coordinates": [ [ 78.5462562, 14.7572039 ], [ 78.5445281, 14.7592524 ], [ 78.5424887, 14.7590784 ], [ 78.5359151, 14.7608252 ] ] } },
{ "type": "Feature", "properties": { "name": null, "highway": "secondary", "ref": "MDR0382", "maxspeed": null }, "geometry": { "type": "LineString", "coordinates": [ [ 78.8139205, 14.4878666 ], [ 78.8137152, 14.4878898 ] ] } },
{ "type": "Feature", "properties": { "name": "Nagasanipalli - Mallepalle Road", "highway": "primary", "ref": "SH418", "maxspeed": null }, "geometry": { "type": "LineString", "coordinates": [ [ 78.8092075, 14.7908147 ], [ 78.8095583, 14.7908478 ] ] } },
{ "type": "Feature", "properties": { "name": "Nagasanipalli - Mallepalle Road", "highway": "primary", "ref": "SH418", "maxspeed": null }, "geometry": { "type": "LineString", "coordinates": [ [ 78.7988128, 14.7812475 ], [ 78.8001466, 14.7848855 ], [ 78.8033921, 14.7862269 ], [ 78.8092075, 14.7908147 ] ] } },
{ "type": "Feature", "properties": { "name": null, "highway": "trunk", "ref": "NH167B", "maxspeed": null }, "geometry": { "type": "LineString", "coordinates": [ [ 78.7889189, 14.8454641 ], [ 78.792963, 14.8556666 ] ] } },
{ "type": "Feature", "properties": { "name": null, "highway": "trunk", "ref": "NH167B", "maxspeed": null }, "geometry": { "type": "LineString", "coordinates": [ [ 78.7886882, 14.8449093 ], [ 78.7889189, 14.8454641 ] ] } },
{ "type": "Feature", "properties": { "name": null, "highway": "secondary", "ref": "MDR049", "maxspeed": null }, "geometry": { "type": "LineString", "coordinates": [ [ 78.6432661, 14.8008056 ], [ 78.6574987, 14.7845753 ] ] } },
{ "type": "Feature", "properties": { "name": null, "highway": "secondary", "ref": "MDR0258", "maxspeed": null }, "geometry": { "type": "LineString", "coordinates": [ [ 78.6364739, 14.7648681 ], [ 78.6516984, 14.7692156 ], [ 78.662815, 14.7738615 ] ] } },
{ "type": "Feature", "properties": { "name": null, "highway": "primary", "ref": "SH57", "maxspeed": null }, "geometry": { "type": "LineString", "coordinates": [ [ 78.4744717, 14.7810841 ], [ 78.4728045, 14.7832316 ], [ 78.4708277, 14.7913426 ], [ 78.4684293, 14.7934518 ], [ 78.4565249, 14.7946502 ], [ 78.4446533, 14.7934345 ] ] } },
{ "type": "Feature", "properties": { "name": null, "highway": "trunk", "ref": "NH67;NH544F", "maxspeed": null }, "geometry": { "type": "LineString", "coordinates": [ [ 78.3983091, 14.6798142 ], [ 78.3918267, 14.6819243 ] ] } },
{ "type": "Feature", "properties": { "name": null, "highway": "secondary", "ref": "MDR0430", "maxspeed": null }, "geometry": { "type": "LineString", "coordinates": [ [ 78.7988135, 14.565124 ], [ 78.7980223, 14.5644672 ], [ 78.7948036, 14.5656484 ], [ 78.7925379, 14.5654405 ] ] } },
{ "type": "Feature", "properties": { "name": null, "highway": "secondary", "ref": "MDR0430", "maxspeed": null }, "geometry": { "type": "LineString", "coordinates": [ [ 78.8022852, 14.5640905 ], [ 78.7989128, 14.5563779 ] ] } },
{ "type": "Feature", "properties": { "name": null, "highway": "secondary", "ref": "MDR0430", "maxspeed": null }, "geometry": { "type": "LineString", "coordinates": [ [ 78.8022852, 14.5640905 ], [ 78.7988135, 14.565124 ] ] } },
{ "type": "Feature", "properties": { "name": null, "highway": "secondary", "ref": "MDR0442", "maxspeed": null }, "geometry": { "type": "LineString", "coordinates": [ [ 78.7107432, 14.5644828 ], [ 78.7157513, 14.5665271 ] ] } },
{ "type": "Feature", "properties": { "name": "Servaipalle Road", "highway": "secondary", "ref": "MDR0236", "maxspeed": "20" }, "geometry": { "type": "LineString", "coordinates": [ [ 78.729212, 14.7173611 ], [ 78.729086, 14.7170991 ] ] } },
{ "type": "Feature", "properties": { "name": "Servaipalle Road", "highway": "secondary", "ref": "MDR0236", "maxspeed": "20" }, "geometry": { "type": "LineString", "coordinates": [ [ 78.7292834, 14.7174941 ], [ 78.729212, 14.7173611 ] ] } },
{ "type": "Feature", "properties": { "name": "Servaipalle Road", "highway": "secondary", "ref": "MDR0236", "maxspeed": "20" }, "geometry": { "type": "LineString", "coordinates": [ [ 78.729086, 14.7170991 ], [ 78.7265234, 14.7125054 ], [ 78.7248543, 14.7030742 ] ] } },
{ "type": "Feature", "properties": { "name": "Mydukuru Main Road", "highway": "primary", "ref": null, "maxspeed": null }, "geometry": { "type": "LineString", "coordinates": [ [ 78.7372391, 14.7113946 ], [ 78.7339013, 14.7173648 ], [ 78.7321601, 14.7264821 ] ] } },
{ "type": "Feature", "properties": { "name": "Mydukuru Main Road", "highway": "primary", "ref": null, "maxspeed": null }, "geometry": { "type": "LineString", "coordinates": [ [ 78.7237354, 14.7387625 ], [ 78.7288502, 14.7306328 ] ] } },
{ "type": "Feature", "properties": { "name": null, "highway": "secondary", "ref": "MDR0346", "maxspeed": null }, "geometry": { "type": "LineString", "coordinates": [ [ 78.7895234, 14.5600854 ], [ 78.7948985, 14.5584757 ] ] } },
{ "type": "Feature", "properties": { "name": null, "highway": "trunk", "ref": "NH40", "maxspeed": null }, "geometry": { "type": "LineString", "coordinates": [ [ 78.7938598, 14.5616859 ], [ 78.7971131, 14.5519369 ], [ 78.7897785, 14.5349304 ], [ 78.7889642, 14.5221067 ], [ 78.7903832, 14.5160231 ] ] } },
{ "type": "Feature", "properties": { "name": null, "highway": "trunk", "ref": "NH40", "maxspeed": null }, "geometry": { "type": "LineString", "coordinates": [ [ 78.7902685, 14.5159905 ], [ 78.7888254, 14.522121 ], [ 78.7896612, 14.5349389 ], [ 78.7969847, 14.5521866 ], [ 78.7937692, 14.5616409 ] ] } },
{ "type": "Feature", "properties": { "name": null, "highway": "trunk", "ref": "NH40", "maxspeed": null }, "geometry": { "type": "LineString", "coordinates": [ [ 78.7924292, 14.5654073 ], [ 78.791361, 14.5687856 ], [ 78.79233, 14.5715268 ] ] } },
{ "type": "Feature", "properties": { "name": null, "highway": "trunk", "ref": "NH40", "maxspeed": null }, "geometry": { "type": "LineString", "coordinates": [ [ 78.7972134, 14.5806127 ], [ 78.7971544, 14.5802727 ] ] } },
{ "type": "Feature", "properties": { "name": null, "highway": "trunk", "ref": "NH40", "maxspeed": null }, "geometry": { "type": "LineString", "coordinates": [ [ 78.7925425, 14.5713154 ], [ 78.791601, 14.56806 ] ] } },
{ "type": "Feature", "properties": { "name": null, "highway": "trunk", "ref": "NH40", "maxspeed": null }, "geometry": { "type": "LineString", "coordinates": [ [ 78.796913, 14.5803584 ], [ 78.7969948, 14.5806828 ] ] } },
{ "type": "Feature", "properties": { "name": null, "highway": "trunk", "ref": "NH40", "maxspeed": null }, "geometry": { "type": "LineString", "coordinates": [ [ 78.7952652, 14.5769826 ], [ 78.796913, 14.5803584 ] ] } },
{ "type": "Feature", "properties": { "name": null, "highway": "secondary", "ref": "MDR062", "maxspeed": null }, "geometry": { "type": "LineString", "coordinates": [ [ 78.7771458, 14.6418528 ], [ 78.7758027, 14.6465998 ], [ 78.7767275, 14.6518247 ] ] } },
{ "type": "Feature", "properties": { "name": "Kadapa Road", "highway": "secondary", "ref": "MDR062", "maxspeed": null }, "geometry": { "type": "LineString", "coordinates": [ [ 78.7702731, 14.6525932 ], [ 78.7702267, 14.6541502 ], [ 78.7610188, 14.6680255 ] ] } },
{ "type": "Feature", "properties": { "name": null, "highway": "secondary", "ref": "MDR030", "maxspeed": null }, "geometry": { "type": "LineString", "coordinates": [ [ 78.6523365, 14.5209511 ], [ 78.6543243, 14.5229881 ], [ 78.6575295, 14.5340476 ], [ 78.6597021, 14.5378006 ], [ 78.6667214, 14.5441018 ], [ 78.6720495, 14.5467408 ], [ 78.6724002, 14.5588917 ] ] } },
{ "type": "Feature", "properties": { "name": null, "highway": "secondary", "ref": "MDR0409", "maxspeed": null }, "geometry": { "type": "LineString", "coordinates": [ [ 78.3469525, 14.5105258 ], [ 78.3484974, 14.510679 ], [ 78.351633, 14.5090379 ], [ 78.3531672, 14.5095754 ], [ 78.3541408, 14.5101259 ], [ 78.3550984, 14.5128498 ], [ 78.3638906, 14.5172147 ], [ 78.366538, 14.5160618 ], [ 78.3703387, 14.5172951 ], [ 78.3753383, 14.5168278 ], [ 78.3874378, 14.5211536 ], [ 78.3952618, 14.5224649 ], [ 78.3995748, 14.5215353 ], [ 78.4086058, 14.5228855 ], [ 78.4094481, 14.5223253 ] ] } },
{ "type": "Feature", "properties": { "name": null, "highway": "secondary", "ref": "MDR0413", "maxspeed": null }, "geometry": { "type": "LineString", "coordinates": [ [ 78.3952175, 14.6173873 ], [ 78.4019525, 14.6214541 ], [ 78.4012471, 14.6238587 ], [ 78.4021886, 14.6271807 ], [ 78.4036396, 14.6278463 ], [ 78.4057479, 14.6311533 ], [ 78.4076221, 14.6429094 ] ] } },
{ "type": "Feature", "properties": { "name": null, "highway": "secondary", "ref": "MDR0387", "maxspeed": null }, "geometry": { "type": "LineString", "coordinates": [ [ 78.3982588, 14.5968156 ], [ 78.396505, 14.6018026 ], [ 78.3908804, 14.6093011 ], [ 78.3844732, 14.6199313 ], [ 78.3814618, 14.6258752 ], [ 78.381317, 14.6276413 ] ] } },
{ "type": "Feature", "properties": { "name": null, "highway": "secondary", "ref": "MDR079", "maxspeed": null }, "geometry": { "type": "LineString", "coordinates": [ [ 78.4086111, 14.6432747 ], [ 78.4084971, 14.6453131 ], [ 78.4107743, 14.6502904 ], [ 78.4114878, 14.6552247 ], [ 78.4167798, 14.6662179 ], [ 78.4186292, 14.6748429 ] ] } },
{ "type": "Feature", "properties": { "name": null, "highway": "secondary", "ref": "MDR079", "maxspeed": null }, "geometry": { "type": "LineString", "coordinates": [ [ 78.4086111, 14.6432747 ], [ 78.4214401, 14.6440882 ], [ 78.4279901, 14.6460735 ], [ 78.4359482, 14.6443581 ], [ 78.4442483, 14.6441946 ], [ 78.4516887, 14.6464835 ], [ 78.4578753, 14.6471445 ], [ 78.4591265, 14.6491032 ], [ 78.4640872, 14.6506459 ] ] } },
{ "type": "Feature", "properties": { "name": null, "highway": "secondary", "ref": "MDR0318", "maxspeed": null }, "geometry": { "type": "LineString", "coordinates": [ [ 78.4073529, 14.6397479 ], [ 78.4089504, 14.6379612 ] ] } },
{ "type": "Feature", "properties": { "name": null, "highway": "secondary", "ref": "MDR075", "maxspeed": null }, "geometry": { "type": "LineString", "coordinates": [ [ 78.4408821, 14.5465585 ], [ 78.4382777, 14.5500783 ], [ 78.4302995, 14.5563454 ], [ 78.4254111, 14.5660073 ], [ 78.4219658, 14.5686993 ], [ 78.4188659, 14.5696417 ], [ 78.4187257, 14.5725459 ], [ 78.4174523, 14.5746336 ], [ 78.4132896, 14.5781861 ], [ 78.4083503, 14.5805737 ] ] } },
{ "type": "Feature", "properties": { "name": null, "highway": "secondary", "ref": "MDR075", "maxspeed": null }, "geometry": { "type": "LineString", "coordinates": [ [ 78.410311, 14.6048796 ], [ 78.4172304, 14.6096463 ], [ 78.4207749, 14.6134525 ], [ 78.4244549, 14.6151253 ] ] } },
{ "type": "Feature", "properties": { "name": null, "highway": "secondary", "ref": "MDR075", "maxspeed": null }, "geometry": { "type": "LineString", "coordinates": [ [ 78.4683131, 14.6422392 ], [ 78.4690447, 14.6475975 ] ] } },
{ "type": "Feature", "properties": { "name": "Mydukuru Road", "highway": "trunk", "ref": "NH67", "maxspeed": null }, "geometry": { "type": "LineString", "coordinates": [ [ 78.6677232, 14.726054 ], [ 78.6698207, 14.7263367 ] ] } },
{ "type": "Feature", "properties": { "name": "Proddatur Mydukuru Road", "highway": "trunk", "ref": "NH67", "maxspeed": null }, "geometry": { "type": "LineString", "coordinates": [ [ 78.6390598, 14.7285534 ], [ 78.6408073, 14.7283497 ] ] } },
{ "type": "Feature", "properties": { "name": "Proddatur Mydukuru Road", "highway": "trunk", "ref": "NH67", "maxspeed": null }, "geometry": { "type": "LineString", "coordinates": [ [ 78.5760698, 14.7396904 ], [ 78.6009939, 14.7358244 ], [ 78.6198055, 14.7317557 ], [ 78.6265661, 14.7290034 ], [ 78.6390598, 14.7285534 ] ] } },
{ "type": "Feature", "properties": { "name": null, "highway": "secondary", "ref": "MDR0361", "maxspeed": null }, "geometry": { "type": "LineString", "coordinates": [ [ 78.5361113, 14.5419825 ], [ 78.5430877, 14.547094 ], [ 78.5528871, 14.5570814 ], [ 78.5593526, 14.5613273 ], [ 78.56373, 14.567058 ], [ 78.5740243, 14.5732909 ], [ 78.5801129, 14.5815393 ], [ 78.5821393, 14.5830124 ] ] } },
{ "type": "Feature", "properties": { "name": null, "highway": "trunk", "ref": "NH40", "maxspeed": null }, "geometry": { "type": "LineString", "coordinates": [ [ 78.7225602, 14.7276638 ], [ 78.722756, 14.7271658 ] ] } },
{ "type": "Feature", "properties": { "name": null, "highway": "trunk", "ref": "NH40", "maxspeed": null }, "geometry": { "type": "LineString", "coordinates": [ [ 78.7183652, 14.7509035 ], [ 78.7238646, 14.7387742 ], [ 78.7223885, 14.728363 ] ] } },
{ "type": "Feature", "properties": { "name": null, "highway": "trunk", "ref": "NH40", "maxspeed": null }, "geometry": { "type": "LineString", "coordinates": [ [ 78.7222752, 14.7283396 ], [ 78.7237354, 14.7387625 ], [ 78.718261, 14.7508649 ] ] } },
{ "type": "Feature", "properties": { "name": null, "highway": "trunk", "ref": "NH40", "maxspeed": null }, "geometry": { "type": "LineString", "coordinates": [ [ 78.7226466, 14.7271437 ], [ 78.7224535, 14.7276365 ] ] } },
{ "type": "Feature", "properties": { "name": "Proddatur Mydukuru Road", "highway": "trunk", "ref": null, "maxspeed": null }, "geometry": { "type": "LineString", "coordinates": [ [ 78.7229621, 14.7273374 ], [ 78.7222733, 14.727338 ] ] } },
{ "type": "Feature", "properties": { "name": "Mydukuru Road", "highway": "trunk", "ref": "NH167B", "maxspeed": null }, "geometry": { "type": "LineString", "coordinates": [ [ 78.7229258, 14.7274055 ], [ 78.7321601, 14.7264821 ] ] } },
{ "type": "Feature", "properties": { "name": "Mydukuru Road", "highway": "primary", "ref": "SH317", "maxspeed": null }, "geometry": { "type": "LineString", "coordinates": [ [ 78.5619168, 14.7443074 ], [ 78.5682184, 14.7409355 ] ] } },
{ "type": "Feature", "properties": { "name": "Proddatur Bypass", "highway": "trunk", "ref": "NH67", "maxspeed": null }, "geometry": { "type": "LineString", "coordinates": [ [ 78.5504894, 14.7381378 ], [ 78.5682184, 14.7409355 ] ] } },
{ "type": "Feature", "properties": { "name": null, "highway": "secondary", "ref": "MDR0430", "maxspeed": null }, "geometry": { "type": "LineString", "coordinates": [ [ 78.7989128, 14.5563779 ], [ 78.805055, 14.5537298 ], [ 78.8094753, 14.546097 ], [ 78.8104194, 14.5461749 ], [ 78.811208, 14.5436877 ], [ 78.8103068, 14.5417561 ], [ 78.8113153, 14.5416522 ], [ 78.8123989, 14.5382355 ] ] } },
{ "type": "Feature", "properties": { "name": "Khajipeta - Nagasanipalli Road", "highway": "primary", "ref": "SH", "maxspeed": null }, "geometry": { "type": "LineString", "coordinates": [ [ 78.7774209, 14.6558666 ], [ 78.77746, 14.656122 ] ] } },
{ "type": "Feature", "properties": { "name": "Khajipeta - Nagasanipalli Road", "highway": "primary", "ref": "SH337", "maxspeed": null }, "geometry": { "type": "LineString", "coordinates": [ [ 78.7767275, 14.6518247 ], [ 78.7774209, 14.6558666 ] ] } },
{ "type": "Feature", "properties": { "name": null, "highway": "trunk", "ref": "NH40", "maxspeed": null }, "geometry": { "type": "LineString", "coordinates": [ [ 78.6879515, 14.8068371 ], [ 78.6880736, 14.8066349 ] ] } },
{ "type": "Feature", "properties": { "name": null, "highway": "trunk", "ref": "NH40", "maxspeed": null }, "geometry": { "type": "LineString", "coordinates": [ [ 78.6811241, 14.8130885 ], [ 78.6855483, 14.8102731 ], [ 78.6879515, 14.8068371 ] ] } },
{ "type": "Feature", "properties": { "name": null, "highway": "trunk", "ref": "NH40", "maxspeed": null }, "geometry": { "type": "LineString", "coordinates": [ [ 78.6879993, 14.8065482 ], [ 78.6878661, 14.8067662 ] ] } },
{ "type": "Feature", "properties": { "name": null, "highway": "trunk", "ref": "NH40", "maxspeed": null }, "geometry": { "type": "LineString", "coordinates": [ [ 78.6878661, 14.8067662 ], [ 78.685776, 14.8098809 ] ] } },
{ "type": "Feature", "properties": { "name": null, "highway": "trunk", "ref": "NH40", "maxspeed": null }, "geometry": { "type": "LineString", "coordinates": [ [ 78.6579251, 14.8418937 ], [ 78.657736, 14.842161 ] ] } },
{ "type": "Feature", "properties": { "name": null, "highway": "trunk", "ref": "NH40", "maxspeed": null }, "geometry": { "type": "LineString", "coordinates": [ [ 78.6578433, 14.8422608 ], [ 78.658039, 14.8419697 ] ] } },
{ "type": "Feature", "properties": { "name": null, "highway": "trunk", "ref": "NH40", "maxspeed": null }, "geometry": { "type": "LineString", "coordinates": [ [ 78.6576212, 14.8425651 ], [ 78.6578433, 14.8422608 ] ] } },
{ "type": "Feature", "properties": { "name": null, "highway": "trunk", "ref": "NH40", "maxspeed": null }, "geometry": { "type": "LineString", "coordinates": [ [ 78.657736, 14.842161 ], [ 78.6551088, 14.8463013 ] ] } },
{ "type": "Feature", "properties": { "name": "Khajipeta - Kamalapuram Road", "highway": "primary", "ref": "SH337", "maxspeed": null }, "geometry": { "type": "LineString", "coordinates": [ [ 78.6706281, 14.6019116 ], [ 78.672014, 14.6016413 ] ] } },
{ "type": "Feature", "properties": { "name": "Nagasanipalli - Mallepalle Road", "highway": "primary", "ref": "SH418", "maxspeed": null }, "geometry": { "type": "LineString", "coordinates": [ [ 78.8066736, 14.6944153 ], [ 78.8090789, 14.6984091 ], [ 78.8103614, 14.7097199 ], [ 78.8129821, 14.7135337 ], [ 78.8161262, 14.7247014 ], [ 78.8302986, 14.7475015 ] ] } },
{ "type": "Feature", "properties": { "name": "Nagasanipalli - Mallepalle Road", "highway": "primary", "ref": "SH418", "maxspeed": null }, "geometry": { "type": "LineString", "coordinates": [ [ 78.8302986, 14.7475015 ], [ 78.8277635, 14.7491269 ], [ 78.8218926, 14.7499392 ], [ 78.8193877, 14.7536643 ], [ 78.8188797, 14.7564177 ], [ 78.8168791, 14.7581225 ], [ 78.8155652, 14.7625631 ], [ 78.813218, 14.7662629 ], [ 78.8118546, 14.7667801 ], [ 78.8085235, 14.7744126 ], [ 78.8077741, 14.7796509 ], [ 78.7988128, 14.7812475 ] ] } },
{ "type": "Feature", "properties": { "name": "Proddatur Yerraguntla Road", "highway": "trunk", "ref": "NH67", "maxspeed": null }, "geometry": { "type": "LineString", "coordinates": [ [ 78.5498161, 14.7234336 ], [ 78.5504894, 14.7381378 ] ] } },
{ "type": "Feature", "properties": { "name": "Proddatur Yerraguntla Road", "highway": "trunk", "ref": "NH67", "maxspeed": null }, "geometry": { "type": "LineString", "coordinates": [ [ 78.5496469, 14.7158305 ], [ 78.5498161, 14.7234336 ] ] } },
{ "type": "Feature", "properties": { "name": null, "highway": "secondary", "ref": "MDR0221", "maxspeed": null }, "geometry": { "type": "LineString", "coordinates": [ [ 78.6787391, 14.6280864 ], [ 78.6789805, 14.6290231 ] ] } },
{ "type": "Feature", "properties": { "name": null, "highway": "secondary", "ref": "MDR0221", "maxspeed": null }, "geometry": { "type": "LineString", "coordinates": [ [ 78.6743143, 14.611374 ], [ 78.6752251, 14.6161375 ], [ 78.6772958, 14.6204044 ], [ 78.6780673, 14.6239466 ], [ 78.6775311, 14.6248492 ], [ 78.6784524, 14.6270506 ] ] } },
{ "type": "Feature", "properties": { "name": "Proddatur - Chagalamarri Road", "highway": "primary", "ref": "SH414", "maxspeed": null }, "geometry": { "type": "LineString", "coordinates": [ [ 78.5572639, 14.755945 ], [ 78.5573672, 14.7560625 ] ] } },
{ "type": "Feature", "properties": { "name": "Thermal(RTPP) Road", "highway": "secondary", "ref": "MDR0229", "maxspeed": null }, "geometry": { "type": "LineString", "coordinates": [ [ 78.513609, 14.7075416 ], [ 78.5137158, 14.7075523 ] ] } },
{ "type": "Feature", "properties": { "name": "Thermal(RTPP) Road", "highway": "secondary", "ref": "MDR0229", "maxspeed": null }, "geometry": { "type": "LineString", "coordinates": [ [ 78.5137158, 14.7075523 ], [ 78.5230683, 14.7074767 ], [ 78.5318069, 14.7091942 ], [ 78.5402666, 14.7094536 ], [ 78.548963, 14.706607 ] ] } },
{ "type": "Feature", "properties": { "name": "Malepadu Bypass Road", "highway": "secondary", "ref": "MDR0282", "maxspeed": null }, "geometry": { "type": "LineString", "coordinates": [ [ 78.5111603, 14.707313 ], [ 78.5076052, 14.7054997 ], [ 78.502845, 14.7069554 ] ] } },
{ "type": "Feature", "properties": { "name": null, "highway": "secondary", "ref": "MDR0282", "maxspeed": null }, "geometry": { "type": "LineString", "coordinates": [ [ 78.5090569, 14.7075221 ], [ 78.5078464, 14.7084747 ], [ 78.5081511, 14.7117661 ], [ 78.5030213, 14.7150899 ], [ 78.4955529, 14.7255692 ] ] } },
{ "type": "Feature", "properties": { "name": null, "highway": "secondary", "ref": "MDR0238", "maxspeed": null }, "geometry": { "type": "LineString", "coordinates": [ [ 78.7239236, 14.7387732 ], [ 78.7329445, 14.7469699 ] ] } },
{ "type": "Feature", "properties": { "name": null, "highway": "secondary", "ref": "MDR0238", "maxspeed": null }, "geometry": { "type": "LineString", "coordinates": [ [ 78.7341312, 14.7622274 ], [ 78.7344646, 14.7602431 ], [ 78.7330913, 14.7560152 ], [ 78.7329445, 14.7469699 ] ] } },
{ "type": "Feature", "properties": { "name": null, "highway": "secondary", "ref": "MDR0238", "maxspeed": null }, "geometry": { "type": "LineString", "coordinates": [ [ 78.7431711, 14.7803699 ], [ 78.7396842, 14.7769571 ], [ 78.7398237, 14.7748825 ] ] } },
{ "type": "Feature", "properties": { "name": null, "highway": "secondary", "ref": "MDR0367", "maxspeed": null }, "geometry": { "type": "LineString", "coordinates": [ [ 78.3895808, 14.8313975 ], [ 78.39842, 14.8190051 ] ] } },
{ "type": "Feature", "properties": { "name": null, "highway": "secondary", "ref": "MDR0367", "maxspeed": null }, "geometry": { "type": "LineString", "coordinates": [ [ 78.39842, 14.8190051 ], [ 78.3995595, 14.8173538 ] ] } },
{ "type": "Feature", "properties": { "name": null, "highway": "secondary", "ref": "MDR0367", "maxspeed": null }, "geometry": { "type": "LineString", "coordinates": [ [ 78.3995595, 14.8173538 ], [ 78.4028041, 14.8117691 ], [ 78.40738, 14.8079726 ], [ 78.4111512, 14.8063492 ] ] } },
{ "type": "Feature", "properties": { "name": null, "highway": "secondary", "ref": "MDR0367", "maxspeed": null }, "geometry": { "type": "LineString", "coordinates": [ [ 78.4111512, 14.8063492 ], [ 78.4119129, 14.8083772 ], [ 78.4149935, 14.8117951 ] ] } },
{ "type": "Feature", "properties": { "name": "Yerraguntla - Vempalle Road", "highway": "trunk", "ref": "NH440", "maxspeed": null }, "geometry": { "type": "LineString", "coordinates": [ [ 78.4778521, 14.4889332 ], [ 78.4783566, 14.4938547 ], [ 78.4822029, 14.500383 ], [ 78.4839785, 14.5085212 ], [ 78.4868619, 14.514226 ], [ 78.4878949, 14.5211739 ], [ 78.4923867, 14.5283067 ], [ 78.4922076, 14.5310878 ], [ 78.4974769, 14.5451488 ], [ 78.504849, 14.5581595 ] ] } },
{ "type": "Feature", "properties": { "name": null, "highway": "secondary", "ref": "MDR0224", "maxspeed": null }, "geometry": { "type": "LineString", "coordinates": [ [ 78.5742064, 14.5333428 ], [ 78.5730064, 14.5265512 ], [ 78.5705924, 14.5239134 ], [ 78.5681677, 14.5220336 ], [ 78.5665261, 14.5217428 ], [ 78.5643432, 14.5180613 ], [ 78.5624224, 14.5181233 ], [ 78.5583937, 14.5147319 ], [ 78.5566327, 14.5108651 ], [ 78.547284, 14.5040746 ], [ 78.5460653, 14.5039099 ], [ 78.5435827, 14.5046125 ], [ 78.5430647, 14.5069681 ], [ 78.5440185, 14.5086952 ], [ 78.542177, 14.5120625 ], [ 78.5423588, 14.515304 ], [ 78.5370379, 14.5158923 ], [ 78.5328296, 14.5173105 ], [ 78.5300075, 14.5194821 ], [ 78.5295952, 14.5231408 ], [ 78.532642, 14.5323465 ], [ 78.5367233, 14.538509 ], [ 78.545758, 14.5390087 ] ] } },
{ "type": "Feature", "properties": { "name": null, "highway": "secondary", "ref": "MDR0224", "maxspeed": null }, "geometry": { "type": "LineString", "coordinates": [ [ 78.5748537, 14.5342417 ], [ 78.5742064, 14.5333428 ] ] } },
{ "type": "Feature", "properties": { "name": null, "highway": "secondary", "ref": "MDR0224", "maxspeed": null }, "geometry": { "type": "LineString", "coordinates": [ [ 78.5748537, 14.5342417 ], [ 78.5781884, 14.5396833 ], [ 78.5770726, 14.5416147 ] ] } },
{ "type": "Feature", "properties": { "name": null, "highway": "secondary", "ref": "MDR075", "maxspeed": null }, "geometry": { "type": "LineString", "coordinates": [ [ 78.4321536, 14.5067941 ], [ 78.4323229, 14.5069821 ] ] } },
{ "type": "Feature", "properties": { "name": null, "highway": "secondary", "ref": "MDR075", "maxspeed": null }, "geometry": { "type": "LineString", "coordinates": [ [ 78.4275972, 14.5015233 ], [ 78.4276989, 14.501771 ] ] } },
{ "type": "Feature", "properties": { "name": null, "highway": "secondary", "ref": "MDR075", "maxspeed": null }, "geometry": { "type": "LineString", "coordinates": [ [ 78.4276989, 14.501771 ], [ 78.4321536, 14.5067941 ] ] } },
{ "type": "Feature", "properties": { "name": null, "highway": "secondary", "ref": "MDR075", "maxspeed": null }, "geometry": { "type": "LineString", "coordinates": [ [ 78.4279232, 14.497598 ], [ 78.4278761, 14.497854 ] ] } },
{ "type": "Feature", "properties": { "name": null, "highway": "secondary", "ref": "MDR075", "maxspeed": null }, "geometry": { "type": "LineString", "coordinates": [ [ 78.4278761, 14.497854 ], [ 78.4275972, 14.5015233 ] ] } },
{ "type": "Feature", "properties": { "name": null, "highway": "secondary", "ref": "MDR0225", "maxspeed": null }, "geometry": { "type": "LineString", "coordinates": [ [ 78.6600291, 14.5815843 ], [ 78.6566859, 14.5776518 ], [ 78.6510948, 14.5734455 ], [ 78.6490471, 14.5694638 ], [ 78.6472112, 14.5588445 ], [ 78.6477762, 14.5563363 ] ] } },
{ "type": "Feature", "properties": { "name": null, "highway": "secondary", "ref": "MDR0225", "maxspeed": null }, "geometry": { "type": "LineString", "coordinates": [ [ 78.6477762, 14.5563363 ], [ 78.6451344, 14.5559443 ], [ 78.642777, 14.5543672 ], [ 78.6318443, 14.554129 ] ] } },
{ "type": "Feature", "properties": { "name": null, "highway": "secondary", "ref": "MDR0226", "maxspeed": null }, "geometry": { "type": "LineString", "coordinates": [ [ 78.6329854, 14.5523295 ], [ 78.632982, 14.5521722 ] ] } },
{ "type": "Feature", "properties": { "name": null, "highway": "secondary", "ref": "MDR0225", "maxspeed": null }, "geometry": { "type": "LineString", "coordinates": [ [ 78.6251193, 14.5547749 ], [ 78.6242387, 14.5560666 ], [ 78.6216829, 14.5564491 ], [ 78.6217149, 14.5581308 ] ] } },
{ "type": "Feature", "properties": { "name": null, "highway": "secondary", "ref": "MDR0228", "maxspeed": null }, "geometry": { "type": "LineString", "coordinates": [ [ 78.6449209, 14.6360346 ], [ 78.6449005, 14.6360974 ] ] } },
{ "type": "Feature", "properties": { "name": null, "highway": "secondary", "ref": "MDR0228", "maxspeed": null }, "geometry": { "type": "LineString", "coordinates": [ [ 78.6449005, 14.6360974 ], [ 78.6437992, 14.6402462 ], [ 78.6395626, 14.6420382 ], [ 78.630073, 14.6434629 ], [ 78.6276348, 14.6451886 ], [ 78.6167022, 14.6540661 ], [ 78.6095271, 14.6621235 ] ] } },
{ "type": "Feature", "properties": { "name": null, "highway": "secondary", "ref": "MDR0281", "maxspeed": null }, "geometry": { "type": "LineString", "coordinates": [ [ 78.4649804, 14.6264592 ], [ 78.4584749, 14.6270283 ], [ 78.4535041, 14.6285216 ] ] } },
{ "type": "Feature", "properties": { "name": null, "highway": "secondary", "ref": "MDR0281", "maxspeed": null }, "geometry": { "type": "LineString", "coordinates": [ [ 78.4652245, 14.6263502 ], [ 78.466368, 14.6266642 ], [ 78.4709024, 14.6239201 ], [ 78.4724115, 14.6216046 ], [ 78.4851184, 14.6152992 ], [ 78.4881827, 14.6116915 ], [ 78.4922805, 14.6097894 ], [ 78.4950011, 14.6099862 ], [ 78.4950883, 14.6079323 ], [ 78.4988058, 14.6074634 ], [ 78.5032422, 14.6090573 ], [ 78.506788, 14.6079203 ], [ 78.5070105, 14.6068312 ], [ 78.5089875, 14.6072398 ] ] } },
{ "type": "Feature", "properties": { "name": null, "highway": "secondary", "ref": "MDR064", "maxspeed": null }, "geometry": { "type": "LineString", "coordinates": [ [ 78.6803591, 14.7071605 ], [ 78.6817094, 14.6950966 ], [ 78.6862124, 14.6877915 ], [ 78.6893202, 14.6658556 ], [ 78.6900599, 14.6564029 ], [ 78.6889119, 14.6368368 ], [ 78.6907374, 14.6337395 ], [ 78.6881939, 14.6277445 ], [ 78.6923197, 14.6274028 ] ] } },
{ "type": "Feature", "properties": { "name": null, "highway": "secondary", "ref": "MDR0364", "maxspeed": null }, "geometry": { "type": "LineString", "coordinates": [ [ 78.6818175, 14.6947632 ], [ 78.6802571, 14.6947176 ] ] } },
{ "type": "Feature", "properties": { "name": null, "highway": "secondary", "ref": "MDR0232", "maxspeed": null }, "geometry": { "type": "LineString", "coordinates": [ [ 78.7345263, 14.6532227 ], [ 78.7533921, 14.6464762 ] ] } },
{ "type": "Feature", "properties": { "name": null, "highway": "secondary", "ref": "MDR0364", "maxspeed": null }, "geometry": { "type": "LineString", "coordinates": [ [ 78.6780015, 14.6944827 ], [ 78.6767055, 14.6941236 ], [ 78.6757075, 14.6831495 ], [ 78.6743746, 14.678216 ] ] } },
{ "type": "Feature", "properties": { "name": null, "highway": "secondary", "ref": "MDR0364", "maxspeed": null }, "geometry": { "type": "LineString", "coordinates": [ [ 78.6802571, 14.6947176 ], [ 78.6780015, 14.6944827 ] ] } },
{ "type": "Feature", "properties": { "name": null, "highway": "secondary", "ref": "MDR0414", "maxspeed": null }, "geometry": { "type": "LineString", "coordinates": [ [ 78.3986929, 14.5955692 ], [ 78.3972711, 14.5944597 ], [ 78.3908484, 14.594569 ], [ 78.3900919, 14.593108 ], [ 78.3886263, 14.5942509 ], [ 78.3881351, 14.5930566 ], [ 78.386397, 14.592791 ], [ 78.3866027, 14.5894599 ], [ 78.3858763, 14.5883654 ], [ 78.3801742, 14.5859316 ], [ 78.3791842, 14.5842594 ], [ 78.3781101, 14.5839589 ], [ 78.3759177, 14.5861265 ], [ 78.3742547, 14.5866717 ], [ 78.3706606, 14.5909345 ], [ 78.3645069, 14.5923313 ], [ 78.3633739, 14.5938993 ], [ 78.3630731, 14.5981462 ], [ 78.3611814, 14.6027322 ], [ 78.3539289, 14.6021476 ], [ 78.3444605, 14.6037725 ], [ 78.3426211, 14.6056932 ], [ 78.3421916, 14.6093479 ], [ 78.3389032, 14.6111907 ], [ 78.3354324, 14.6110039 ], [ 78.3303823, 14.6093207 ], [ 78.3227518, 14.6096851 ] ] } },
{ "type": "Feature", "properties": { "name": null, "highway": "secondary", "ref": "MDR0361", "maxspeed": null }, "geometry": { "type": "LineString", "coordinates": [ [ 78.5821393, 14.5830124 ], [ 78.5822305, 14.5830705 ] ] } },
{ "type": "Feature", "properties": { "name": null, "highway": "secondary", "ref": "MDR0361", "maxspeed": null }, "geometry": { "type": "LineString", "coordinates": [ [ 78.5822305, 14.5830705 ], [ 78.5869485, 14.5857457 ], [ 78.5880026, 14.5875809 ], [ 78.5929352, 14.5992822 ], [ 78.5950917, 14.6069171 ] ] } },
{ "type": "Feature", "properties": { "name": null, "highway": "secondary", "ref": "MDR054", "maxspeed": null }, "geometry": { "type": "LineString", "coordinates": [ [ 78.580757, 14.5429592 ], [ 78.5806421, 14.5429409 ] ] } },
{ "type": "Feature", "properties": { "name": null, "highway": "secondary", "ref": "MDR054", "maxspeed": null }, "geometry": { "type": "LineString", "coordinates": [ [ 78.5806421, 14.5429409 ], [ 78.5663783, 14.5385872 ], [ 78.5468758, 14.5387146 ], [ 78.5410084, 14.5400026 ], [ 78.5329317, 14.5431012 ], [ 78.5312518, 14.5425471 ], [ 78.5257849, 14.538054 ], [ 78.5195477, 14.5401443 ], [ 78.5149733, 14.5394895 ] ] } },
{ "type": "Feature", "properties": { "name": null, "highway": "secondary", "ref": "MDR0397", "maxspeed": null }, "geometry": { "type": "LineString", "coordinates": [ [ 78.397135, 14.5580786 ], [ 78.3998711, 14.5606965 ], [ 78.4027787, 14.5651513 ], [ 78.4058954, 14.5724836 ], [ 78.4074645, 14.5808436 ] ] } },
{ "type": "Feature", "properties": { "name": null, "highway": "trunk", "ref": "NH716;NH544F", "maxspeed": null }, "geometry": { "type": "LineString", "coordinates": [ [ 78.5814661, 14.6093504 ], [ 78.5675585, 14.6219668 ], [ 78.558798, 14.6272295 ], [ 78.5485273, 14.6309297 ] ] } },
{ "type": "Feature", "properties": { "name": null, "highway": "trunk", "ref": "NH716;NH544F", "maxspeed": null }, "geometry": { "type": "LineString", "coordinates": [ [ 78.6064769, 14.6021407 ], [ 78.6063341, 14.6022177 ] ] } },
{ "type": "Feature", "properties": { "name": null, "highway": "trunk", "ref": "NH716;NH544F", "maxspeed": null }, "geometry": { "type": "LineString", "coordinates": [ [ 78.6223648, 14.5948691 ], [ 78.6104916, 14.5992513 ], [ 78.6064769, 14.6021407 ] ] } },
{ "type": "Feature", "properties": { "name": null, "highway": "trunk", "ref": "NH716;NH544F", "maxspeed": null }, "geometry": { "type": "LineString", "coordinates": [ [ 78.623124, 14.5944619 ], [ 78.6223648, 14.5948691 ] ] } },
{ "type": "Feature", "properties": { "name": null, "highway": "secondary", "ref": "MDR0347", "maxspeed": null }, "geometry": { "type": "LineString", "coordinates": [ [ 78.5571047, 14.4868291 ], [ 78.5578463, 14.4875009 ], [ 78.5614407, 14.4874715 ], [ 78.566258, 14.4896373 ], [ 78.5691118, 14.4927536 ], [ 78.5719791, 14.4941533 ], [ 78.5738432, 14.4978564 ], [ 78.5767722, 14.5006843 ], [ 78.5785854, 14.5014217 ], [ 78.5787034, 14.503107 ], [ 78.5806319, 14.5036342 ], [ 78.5823029, 14.506153 ], [ 78.5845533, 14.5066801 ], [ 78.5860178, 14.5083809 ], [ 78.5891533, 14.5095884 ], [ 78.59249, 14.5084017 ], [ 78.5957301, 14.5097883 ], [ 78.5961351, 14.5111723 ], [ 78.5953197, 14.5152646 ], [ 78.5966973, 14.5179473 ] ] } },
{ "type": "Feature", "properties": { "name": null, "highway": "secondary", "ref": "MDR0347", "maxspeed": null }, "geometry": { "type": "LineString", "coordinates": [ [ 78.5569981, 14.4866946 ], [ 78.5571047, 14.4868291 ] ] } },
{ "type": "Feature", "properties": { "name": null, "highway": "secondary", "ref": "MDR0318", "maxspeed": null }, "geometry": { "type": "LineString", "coordinates": [ [ 78.4230905, 14.6140955 ], [ 78.4205743, 14.6164426 ], [ 78.4187103, 14.6210726 ], [ 78.4185131, 14.6231684 ], [ 78.4196562, 14.6264955 ], [ 78.4172236, 14.6289316 ], [ 78.41717, 14.6324438 ], [ 78.4137878, 14.6323426 ], [ 78.4130368, 14.6345537 ], [ 78.4089504, 14.6379612 ] ] } },
{ "type": "Feature", "properties": { "name": null, "highway": "secondary", "ref": "MDR075", "maxspeed": null }, "geometry": { "type": "LineString", "coordinates": [ [ 78.4244549, 14.6151253 ], [ 78.4245498, 14.6151926 ] ] } },
{ "type": "Feature", "properties": { "name": null, "highway": "secondary", "ref": "MDR075", "maxspeed": null }, "geometry": { "type": "LineString", "coordinates": [ [ 78.4310371, 14.6191455 ], [ 78.4410913, 14.6217578 ], [ 78.4443837, 14.6218849 ], [ 78.4500486, 14.6250953 ], [ 78.4552347, 14.6310104 ], [ 78.4595396, 14.6341515 ], [ 78.4602436, 14.6365559 ], [ 78.4629741, 14.6372034 ], [ 78.4683131, 14.6422392 ] ] } },
{ "type": "Feature", "properties": { "name": null, "highway": "trunk", "ref": "NH67", "maxspeed": null }, "geometry": { "type": "LineString", "coordinates": [ [ 78.5440415, 14.6436144 ], [ 78.5438957, 14.6434557 ] ] } },
{ "type": "Feature", "properties": { "name": null, "highway": "trunk", "ref": "NH67", "maxspeed": null }, "geometry": { "type": "LineString", "coordinates": [ [ 78.5438957, 14.6434557 ], [ 78.5431345, 14.6427954 ] ] } },
{ "type": "Feature", "properties": { "name": null, "highway": "secondary", "ref": "MDR", "maxspeed": null }, "geometry": { "type": "LineString", "coordinates": [ [ 78.5146592, 14.5395019 ], [ 78.5095437, 14.5395414 ], [ 78.5032985, 14.5380697 ], [ 78.4947557, 14.5380948 ] ] } },
{ "type": "Feature", "properties": { "name": null, "highway": "secondary", "ref": "MDR", "maxspeed": null }, "geometry": { "type": "LineString", "coordinates": [ [ 78.5149733, 14.5394895 ], [ 78.5146592, 14.5395019 ] ] } },
{ "type": "Feature", "properties": { "name": null, "highway": "secondary", "ref": "MDR0279", "maxspeed": null }, "geometry": { "type": "LineString", "coordinates": [ [ 78.5793635, 14.6111992 ], [ 78.5828085, 14.6133733 ] ] } },
{ "type": "Feature", "properties": { "name": null, "highway": "secondary", "ref": "MDR0232", "maxspeed": null }, "geometry": { "type": "LineString", "coordinates": [ [ 78.7344566, 14.6532461 ], [ 78.7345263, 14.6532227 ] ] } },
{ "type": "Feature", "properties": { "name": null, "highway": "secondary", "ref": "MDR0232", "maxspeed": null }, "geometry": { "type": "LineString", "coordinates": [ [ 78.7313238, 14.6535678 ], [ 78.7344566, 14.6532461 ] ] } },
{ "type": "Feature", "properties": { "name": null, "highway": "secondary", "ref": "MDR0232", "maxspeed": null }, "geometry": { "type": "LineString", "coordinates": [ [ 78.7312326, 14.6535678 ], [ 78.7313238, 14.6535678 ] ] } },
{ "type": "Feature", "properties": { "name": null, "highway": "secondary", "ref": "MDR0232", "maxspeed": null }, "geometry": { "type": "LineString", "coordinates": [ [ 78.7294677, 14.6538896 ], [ 78.7312326, 14.6535678 ] ] } },
{ "type": "Feature", "properties": { "name": null, "highway": "secondary", "ref": "MDR0232", "maxspeed": null }, "geometry": { "type": "LineString", "coordinates": [ [ 78.7293684, 14.6539285 ], [ 78.7294677, 14.6538896 ] ] } },
{ "type": "Feature", "properties": { "name": null, "highway": "secondary", "ref": "MDR0242", "maxspeed": null }, "geometry": { "type": "LineString", "coordinates": [ [ 78.7180865, 14.6548828 ], [ 78.7244788, 14.6530073 ], [ 78.7293684, 14.6539285 ] ] } },
{ "type": "Feature", "properties": { "name": "Thermal(RTPP) Road", "highway": "secondary", "ref": "MDR0325", "maxspeed": null }, "geometry": { "type": "LineString", "coordinates": [ [ 78.450267, 14.757441 ], [ 78.4484714, 14.760291 ], [ 78.4431821, 14.7623296 ], [ 78.4409425, 14.7621506 ], [ 78.4373192, 14.7600439 ], [ 78.4353263, 14.7603993 ], [ 78.4350688, 14.7634598 ], [ 78.4329982, 14.7639889 ], [ 78.4321211, 14.7651145 ], [ 78.4320111, 14.7691321 ], [ 78.4296427, 14.7700476 ], [ 78.4281166, 14.7726593 ], [ 78.4284246, 14.7755542 ], [ 78.4257558, 14.7774371 ], [ 78.4194392, 14.7781736 ], [ 78.4105964, 14.7768038 ], [ 78.4077126, 14.7789491 ], [ 78.4032011, 14.7797375 ], [ 78.3987352, 14.7840348 ] ] } },
{ "type": "Feature", "properties": { "name": "Thermal(RTPP) Road", "highway": "secondary", "ref": "MDR0222", "maxspeed": null }, "geometry": { "type": "LineString", "coordinates": [ [ 78.4698976, 14.7115841 ], [ 78.4699619, 14.7115567 ] ] } },
{ "type": "Feature", "properties": { "name": "Yerraguntla - Vempalle Road", "highway": "trunk", "ref": "SH", "maxspeed": null }, "geometry": { "type": "LineString", "coordinates": [ [ 78.540669, 14.6374415 ], [ 78.5402955, 14.636735 ] ] } },
{ "type": "Feature", "properties": { "name": "Yerraguntla - Vempalle Road", "highway": "trunk", "ref": "SH", "maxspeed": null }, "geometry": { "type": "LineString", "coordinates": [ [ 78.5402955, 14.636735 ], [ 78.5406118, 14.6374819 ] ] } },
{ "type": "Feature", "properties": { "name": null, "highway": "trunk", "ref": "NH67;NH544F", "maxspeed": null }, "geometry": { "type": "LineString", "coordinates": [ [ 78.5407354, 14.6375005 ], [ 78.540669, 14.6374415 ], [ 78.540608, 14.6375057 ], [ 78.5406744, 14.6375648 ], [ 78.5407354, 14.6375005 ] ] } },
{ "type": "Feature", "properties": { "name": null, "highway": "secondary", "ref": "MDR0282", "maxspeed": null }, "geometry": { "type": "LineString", "coordinates": [ [ 78.4955529, 14.7255692 ], [ 78.489205, 14.7368378 ], [ 78.48208, 14.7428939 ] ] } },
{ "type": "Feature", "properties": { "name": null, "highway": "secondary", "ref": "MDR0282", "maxspeed": null }, "geometry": { "type": "LineString", "coordinates": [ [ 78.5043414, 14.6904459 ], [ 78.5019494, 14.6780025 ], [ 78.4999623, 14.6588517 ], [ 78.5012223, 14.653352 ], [ 78.5008322, 14.6471971 ], [ 78.4992908, 14.6448447 ] ] } },
{ "type": "Feature", "properties": { "name": null, "highway": "secondary", "ref": "MDR0282", "maxspeed": null }, "geometry": { "type": "LineString", "coordinates": [ [ 78.5043515, 14.6905126 ], [ 78.5057053, 14.7009829 ], [ 78.5070998, 14.7055378 ] ] } },
{ "type": "Feature", "properties": { "name": null, "highway": "secondary", "ref": "MDR0282", "maxspeed": null }, "geometry": { "type": "LineString", "coordinates": [ [ 78.5043414, 14.6904459 ], [ 78.5043515, 14.6905126 ] ] } },
{ "type": "Feature", "properties": { "name": "Thermal(RTPP) Road", "highway": "secondary", "ref": "MDR0229", "maxspeed": null }, "geometry": { "type": "LineString", "coordinates": [ [ 78.4733621, 14.6926496 ], [ 78.4733785, 14.6927453 ] ] } },
{ "type": "Feature", "properties": { "name": "Thermal(RTPP) Road", "highway": "secondary", "ref": "MDR0229", "maxspeed": null }, "geometry": { "type": "LineString", "coordinates": [ [ 78.4733785, 14.6927453 ], [ 78.476313, 14.6987259 ], [ 78.4842191, 14.7024177 ], [ 78.4899001, 14.7046022 ], [ 78.4989391, 14.7056866 ], [ 78.5067404, 14.7082983 ] ] } },
{ "type": "Feature", "properties": { "name": null, "highway": "secondary", "ref": "MDR075", "maxspeed": null }, "geometry": { "type": "LineString", "coordinates": [ [ 78.4087157, 14.6038284 ], [ 78.4088853, 14.6039338 ] ] } },
{ "type": "Feature", "properties": { "name": null, "highway": "secondary", "ref": "MDR075", "maxspeed": null }, "geometry": { "type": "LineString", "coordinates": [ [ 78.4088853, 14.6039338 ], [ 78.4102318, 14.6048429 ] ] } },
{ "type": "Feature", "properties": { "name": null, "highway": "secondary", "ref": "MDR075", "maxspeed": null }, "geometry": { "type": "LineString", "coordinates": [ [ 78.4102318, 14.6048429 ], [ 78.410311, 14.6048796 ] ] } },
{ "type": "Feature", "properties": { "name": null, "highway": "secondary", "ref": "MDR075", "maxspeed": null }, "geometry": { "type": "LineString", "coordinates": [ [ 78.3982588, 14.5968156 ], [ 78.4087157, 14.6038284 ] ] } },
{ "type": "Feature", "properties": { "name": null, "highway": "secondary", "ref": "MDR0280", "maxspeed": null }, "geometry": { "type": "LineString", "coordinates": [ [ 78.5451704, 14.7078076 ], [ 78.5325586, 14.7012132 ], [ 78.5266252, 14.6965835 ], [ 78.5242869, 14.6942087 ], [ 78.521842, 14.6881303 ] ] } },
{ "type": "Feature", "properties": { "name": "Thermal(RTPP) Road", "highway": "secondary", "ref": "MDR0361", "maxspeed": null }, "geometry": { "type": "LineString", "coordinates": [ [ 78.6095271, 14.6621235 ], [ 78.6105517, 14.6528596 ], [ 78.6109058, 14.6335522 ], [ 78.6087019, 14.6179451 ], [ 78.6063326, 14.6139185 ] ] } },
{ "type": "Feature", "properties": { "name": null, "highway": "secondary", "ref": "MDR075", "maxspeed": null }, "geometry": { "type": "LineString", "coordinates": [ [ 78.4083503, 14.5805737 ], [ 78.408071, 14.5806518 ] ] } },
{ "type": "Feature", "properties": { "name": null, "highway": "secondary", "ref": "MDR075", "maxspeed": null }, "geometry": { "type": "LineString", "coordinates": [ [ 78.408071, 14.5806518 ], [ 78.405485, 14.5826035 ], [ 78.4059007, 14.5874823 ], [ 78.4049056, 14.5900702 ], [ 78.4001018, 14.5928269 ], [ 78.3982588, 14.5968156 ] ] } },
{ "type": "Feature", "properties": { "name": null, "highway": "secondary", "ref": "MDR075", "maxspeed": null }, "geometry": { "type": "LineString", "coordinates": [ [ 78.430903, 14.6190729 ], [ 78.4310371, 14.6191455 ] ] } },
{ "type": "Feature", "properties": { "name": null, "highway": "secondary", "ref": "MDR075", "maxspeed": null }, "geometry": { "type": "LineString", "coordinates": [ [ 78.4245498, 14.6151926 ], [ 78.4275036, 14.617741 ], [ 78.430903, 14.6190729 ] ] } },
{ "type": "Feature", "properties": { "name": "Proddatur Yerraguntla Road", "highway": "trunk", "ref": "NH67", "maxspeed": null }, "geometry": { "type": "LineString", "coordinates": [ [ 78.5453743, 14.6846741 ], [ 78.5454172, 14.6849686 ] ] } },
{ "type": "Feature", "properties": { "name": "Proddatur Yerraguntla Road", "highway": "trunk", "ref": "NH67", "maxspeed": null }, "geometry": { "type": "LineString", "coordinates": [ [ 78.5426003, 14.668515 ], [ 78.5453743, 14.6846741 ] ] } },
{ "type": "Feature", "properties": { "name": "Proddatur Yerraguntla Road", "highway": "trunk", "ref": "NH67", "maxspeed": null }, "geometry": { "type": "LineString", "coordinates": [ [ 78.5493662, 14.7084522 ], [ 78.550158, 14.7115382 ] ] } },
{ "type": "Feature", "properties": { "name": "Proddatur Yerraguntla Road", "highway": "trunk", "ref": "NH67", "maxspeed": null }, "geometry": { "type": "LineString", "coordinates": [ [ 78.550158, 14.7115382 ], [ 78.5496469, 14.7158305 ] ] } },
{ "type": "Feature", "properties": { "name": null, "highway": "secondary", "ref": "MDR0280", "maxspeed": null }, "geometry": { "type": "LineString", "coordinates": [ [ 78.5004092, 14.6562832 ], [ 78.5068714, 14.6537512 ], [ 78.507425, 14.6563036 ], [ 78.514214, 14.6702151 ] ] } },
{ "type": "Feature", "properties": { "name": null, "highway": "secondary", "ref": "MDR0278", "maxspeed": null }, "geometry": { "type": "LineString", "coordinates": [ [ 78.5667072, 14.6714257 ], [ 78.5618632, 14.6639844 ], [ 78.5559146, 14.656731 ] ] } },
{ "type": "Feature", "properties": { "name": null, "highway": "secondary", "ref": "MDR0278", "maxspeed": null }, "geometry": { "type": "LineString", "coordinates": [ [ 78.5667542, 14.6715113 ], [ 78.5667072, 14.6714257 ] ] } },
{ "type": "Feature", "properties": { "name": null, "highway": "secondary", "ref": "MDR0278", "maxspeed": null }, "geometry": { "type": "LineString", "coordinates": [ [ 78.5714132, 14.6781745 ], [ 78.5667542, 14.6715113 ] ] } },
{ "type": "Feature", "properties": { "name": null, "highway": "secondary", "ref": "MDR0225", "maxspeed": null }, "geometry": { "type": "LineString", "coordinates": [ [ 78.6251193, 14.5547749 ], [ 78.6275787, 14.554373 ] ] } },
{ "type": "Feature", "properties": { "name": null, "highway": "secondary", "ref": "MDR0225", "maxspeed": null }, "geometry": { "type": "LineString", "coordinates": [ [ 78.6215519, 14.5581972 ], [ 78.618256, 14.5593529 ], [ 78.6182807, 14.5665747 ], [ 78.621046, 14.5670952 ], [ 78.6219586, 14.570187 ], [ 78.621795, 14.5732034 ], [ 78.6167417, 14.5759593 ], [ 78.6164491, 14.5768971 ], [ 78.6233693, 14.5943417 ] ] } },
{ "type": "Feature", "properties": { "name": null, "highway": "secondary", "ref": "MDR0225", "maxspeed": null }, "geometry": { "type": "LineString", "coordinates": [ [ 78.6217149, 14.5581308 ], [ 78.6215519, 14.5581972 ] ] } },
{ "type": "Feature", "properties": { "name": null, "highway": "secondary", "ref": "MDR0280", "maxspeed": null }, "geometry": { "type": "LineString", "coordinates": [ [ 78.521842, 14.6881303 ], [ 78.5217213, 14.6880654 ] ] } },
{ "type": "Feature", "properties": { "name": null, "highway": "secondary", "ref": "MDR0280", "maxspeed": null }, "geometry": { "type": "LineString", "coordinates": [ [ 78.5146164, 14.6707847 ], [ 78.5176625, 14.6763643 ], [ 78.5196342, 14.6854481 ], [ 78.5206907, 14.686636 ] ] } },
{ "type": "Feature", "properties": { "name": null, "highway": "secondary", "ref": "MDR0280", "maxspeed": null }, "geometry": { "type": "LineString", "coordinates": [ [ 78.514214, 14.6702151 ], [ 78.5146164, 14.6707847 ] ] } },
{ "type": "Feature", "properties": { "name": null, "highway": "secondary", "ref": "MDR0280", "maxspeed": null }, "geometry": { "type": "LineString", "coordinates": [ [ 78.5207816, 14.6867132 ], [ 78.5217213, 14.6880654 ] ] } },
{ "type": "Feature", "properties": { "name": null, "highway": "secondary", "ref": "MDR0280", "maxspeed": null }, "geometry": { "type": "LineString", "coordinates": [ [ 78.5206907, 14.686636 ], [ 78.5207816, 14.6867132 ] ] } },
{ "type": "Feature", "properties": { "name": null, "highway": "trunk", "ref": "NH67", "maxspeed": null }, "geometry": { "type": "LineString", "coordinates": [ [ 78.5409661, 14.6578232 ], [ 78.5410542, 14.6576992 ] ] } },
{ "type": "Feature", "properties": { "name": null, "highway": "trunk", "ref": "NH67", "maxspeed": null }, "geometry": { "type": "LineString", "coordinates": [ [ 78.5410542, 14.6576992 ], [ 78.5465276, 14.6497143 ], [ 78.5440741, 14.6436588 ] ] } },
{ "type": "Feature", "properties": { "name": null, "highway": "trunk", "ref": "NH716;NH544F", "maxspeed": null }, "geometry": { "type": "LineString", "coordinates": [ [ 78.6277261, 14.5924479 ], [ 78.62758, 14.5925076 ] ] } },
{ "type": "Feature", "properties": { "name": null, "highway": "trunk", "ref": "NH716;NH544F", "maxspeed": null }, "geometry": { "type": "LineString", "coordinates": [ [ 78.62758, 14.5925076 ], [ 78.623124, 14.5944619 ] ] } },
{ "type": "Feature", "properties": { "name": null, "highway": "secondary", "ref": "MDR0227", "maxspeed": null }, "geometry": { "type": "LineString", "coordinates": [ [ 78.6273882, 14.5935134 ], [ 78.6294159, 14.5964024 ], [ 78.6308295, 14.6020258 ], [ 78.6333092, 14.6045487 ], [ 78.6324522, 14.6091207 ] ] } },
{ "type": "Feature", "properties": { "name": null, "highway": "secondary", "ref": "MDR0227", "maxspeed": null }, "geometry": { "type": "LineString", "coordinates": [ [ 78.6273292, 14.5934563 ], [ 78.6273882, 14.5935134 ] ] } },
{ "type": "Feature", "properties": { "name": null, "highway": "secondary", "ref": "MDR0227", "maxspeed": null }, "geometry": { "type": "LineString", "coordinates": [ [ 78.6267576, 14.5928436 ], [ 78.6273292, 14.5934563 ] ] } },
{ "type": "Feature", "properties": { "name": "Khajipeta - Kamalapuram Road", "highway": "primary", "ref": "SH337", "maxspeed": null }, "geometry": { "type": "LineString", "coordinates": [ [ 78.6727935, 14.6076615 ], [ 78.672014, 14.6016413 ] ] } },
{ "type": "Feature", "properties": { "name": "Khajipeta - Kamalapuram Road", "highway": "primary", "ref": "SH337", "maxspeed": null }, "geometry": { "type": "LineString", "coordinates": [ [ 78.6729337, 14.608519 ], [ 78.6727935, 14.6076615 ] ] } },
{ "type": "Feature", "properties": { "name": null, "highway": "secondary", "ref": "MDR0227", "maxspeed": null }, "geometry": { "type": "LineString", "coordinates": [ [ 78.6324522, 14.6091207 ], [ 78.6323503, 14.6093672 ] ] } },
{ "type": "Feature", "properties": { "name": null, "highway": "secondary", "ref": "MDR0227", "maxspeed": null }, "geometry": { "type": "LineString", "coordinates": [ [ 78.6323722, 14.6109001 ], [ 78.6324877, 14.613178 ], [ 78.6352578, 14.6130307 ], [ 78.6423013, 14.6170874 ], [ 78.6501581, 14.617962 ], [ 78.6545099, 14.620244 ] ] } },
{ "type": "Feature", "properties": { "name": "Proddatur Yerraguntla Road", "highway": "trunk", "ref": "NH67", "maxspeed": null }, "geometry": { "type": "LineString", "coordinates": [ [ 78.5425806, 14.6684029 ], [ 78.5426003, 14.668515 ] ] } },
{ "type": "Feature", "properties": { "name": "Proddatur Yerraguntla Road", "highway": "trunk", "ref": "NH67", "maxspeed": null }, "geometry": { "type": "LineString", "coordinates": [ [ 78.5405392, 14.658424 ], [ 78.5425806, 14.6684029 ] ] } },
{ "type": "Feature", "properties": { "name": null, "highway": "secondary", "ref": "MDR0279", "maxspeed": null }, "geometry": { "type": "LineString", "coordinates": [ [ 78.5852346, 14.6158987 ], [ 78.5918288, 14.6193519 ], [ 78.5944855, 14.617613 ], [ 78.5973877, 14.6177726 ], [ 78.607269, 14.6153837 ] ] } },
{ "type": "Feature", "properties": { "name": null, "highway": "secondary", "ref": "MDR0279", "maxspeed": null }, "geometry": { "type": "LineString", "coordinates": [ [ 78.5851514, 14.6158455 ], [ 78.5852346, 14.6158987 ] ] } },
{ "type": "Feature", "properties": { "name": null, "highway": "secondary", "ref": "MDR0279", "maxspeed": null }, "geometry": { "type": "LineString", "coordinates": [ [ 78.5828085, 14.6133733 ], [ 78.5828447, 14.6133954 ] ] } },
{ "type": "Feature", "properties": { "name": null, "highway": "secondary", "ref": "MDR0279", "maxspeed": null }, "geometry": { "type": "LineString", "coordinates": [ [ 78.5828447, 14.6133954 ], [ 78.5851514, 14.6158455 ] ] } },
{ "type": "Feature", "properties": { "name": null, "highway": "trunk", "ref": "NH716;NH544F", "maxspeed": null }, "geometry": { "type": "LineString", "coordinates": [ [ 78.5825121, 14.6089065 ], [ 78.5814661, 14.6093504 ] ] } },
{ "type": "Feature", "properties": { "name": null, "highway": "trunk", "ref": "NH716;NH544F", "maxspeed": null }, "geometry": { "type": "LineString", "coordinates": [ [ 78.6063341, 14.6022177 ], [ 78.5961694, 14.6066287 ], [ 78.5825121, 14.6089065 ] ] } },
{ "type": "Feature", "properties": { "name": "Thermal(RTPP) Road", "highway": "secondary", "ref": "MDR0361", "maxspeed": null }, "geometry": { "type": "LineString", "coordinates": [ [ 78.6001798, 14.6099811 ], [ 78.6001635, 14.6099501 ] ] } },
{ "type": "Feature", "properties": { "name": "Thermal(RTPP) Road", "highway": "secondary", "ref": "MDR0361", "maxspeed": null }, "geometry": { "type": "LineString", "coordinates": [ [ 78.6001635, 14.6099501 ], [ 78.5982948, 14.6059717 ] ] } },
{ "type": "Feature", "properties": { "name": null, "highway": "secondary", "ref": "MDR0326", "maxspeed": null }, "geometry": { "type": "LineString", "coordinates": [ [ 78.4515901, 14.7753767 ], [ 78.4511213, 14.7717956 ], [ 78.4543481, 14.7669099 ], [ 78.4562547, 14.762055 ] ] } },
{ "type": "Feature", "properties": { "name": "Thermal(RTPP) Road", "highway": "secondary", "ref": "MDR0222", "maxspeed": null }, "geometry": { "type": "LineString", "coordinates": [ [ 78.4522808, 14.7511329 ], [ 78.4523335, 14.7512483 ] ] } },
{ "type": "Feature", "properties": { "name": "Thermal(RTPP) Road", "highway": "secondary", "ref": "MDR0222", "maxspeed": null }, "geometry": { "type": "LineString", "coordinates": [ [ 78.4699619, 14.7115567 ], [ 78.4720157, 14.7157267 ], [ 78.4738235, 14.7175686 ], [ 78.476816, 14.7253719 ], [ 78.4731854, 14.7318727 ], [ 78.4680332, 14.7384062 ], [ 78.4643317, 14.740637 ], [ 78.4613008, 14.7442529 ], [ 78.4532869, 14.7490372 ], [ 78.4522808, 14.7511329 ] ] } },
{ "type": "Feature", "properties": { "name": null, "highway": "secondary", "ref": "MDR0326", "maxspeed": null }, "geometry": { "type": "LineString", "coordinates": [ [ 78.450267, 14.757441 ], [ 78.4526838, 14.7610409 ], [ 78.4562547, 14.762055 ] ] } },
{ "type": "Feature", "properties": { "name": "Thermal(RTPP) Road", "highway": "secondary", "ref": "MDR0228", "maxspeed": null }, "geometry": { "type": "LineString", "coordinates": [ [ 78.5588162, 14.6975092 ], [ 78.5588678, 14.6974372 ] ] } },
{ "type": "Feature", "properties": { "name": "Thermal(RTPP) Road", "highway": "secondary", "ref": "MDR0228", "maxspeed": null }, "geometry": { "type": "LineString", "coordinates": [ [ 78.548963, 14.706607 ], [ 78.5588162, 14.6975092 ] ] } },
{ "type": "Feature", "properties": { "name": "Thermal(RTPP) Road", "highway": "secondary", "ref": "MDR0361", "maxspeed": null }, "geometry": { "type": "LineString", "coordinates": [ [ 78.604737, 14.6120126 ], [ 78.603122, 14.612068 ], [ 78.6001798, 14.6099811 ] ] } },
{ "type": "Feature", "properties": { "name": "Thermal(RTPP) Road", "highway": "secondary", "ref": "MDR0361", "maxspeed": null }, "geometry": { "type": "LineString", "coordinates": [ [ 78.6063326, 14.6139185 ], [ 78.6057592, 14.6123881 ] ] } },
{ "type": "Feature", "properties": { "name": null, "highway": "secondary", "ref": "MDR0364", "maxspeed": null }, "geometry": { "type": "LineString", "coordinates": [ [ 78.6391, 14.6795873 ], [ 78.615396, 14.6816021 ], [ 78.6127802, 14.6824278 ], [ 78.614113, 14.6841236 ] ] } },
{ "type": "Feature", "properties": { "name": null, "highway": "secondary", "ref": "MDR0364", "maxspeed": null }, "geometry": { "type": "LineString", "coordinates": [ [ 78.6391604, 14.6795795 ], [ 78.6391, 14.6795873 ] ] } },
{ "type": "Feature", "properties": { "name": null, "highway": "secondary", "ref": "MDR0364", "maxspeed": null }, "geometry": { "type": "LineString", "coordinates": [ [ 78.6492361, 14.6796532 ], [ 78.6391604, 14.6795795 ] ] } },
{ "type": "Feature", "properties": { "name": null, "highway": "secondary", "ref": "MDRp257", "maxspeed": null }, "geometry": { "type": "LineString", "coordinates": [ [ 78.6265875, 14.7009883 ], [ 78.628854, 14.7033738 ], [ 78.629436, 14.7081879 ] ] } },
{ "type": "Feature", "properties": { "name": null, "highway": "secondary", "ref": "MDR0257", "maxspeed": null }, "geometry": { "type": "LineString", "coordinates": [ [ 78.6264414, 14.7008391 ], [ 78.6265875, 14.7009883 ] ] } },
{ "type": "Feature", "properties": { "name": "Thermal(RTPP) Road", "highway": "secondary", "ref": "MDR0228", "maxspeed": null }, "geometry": { "type": "LineString", "coordinates": [ [ 78.5677443, 14.6859742 ], [ 78.5678048, 14.6858831 ] ] } },
{ "type": "Feature", "properties": { "name": "Thermal(RTPP) Road", "highway": "secondary", "ref": "MDR0228", "maxspeed": null }, "geometry": { "type": "LineString", "coordinates": [ [ 78.5588678, 14.6974372 ], [ 78.5677443, 14.6859742 ] ] } },
{ "type": "Feature", "properties": { "name": null, "highway": "secondary", "ref": "MDR0278", "maxspeed": null }, "geometry": { "type": "LineString", "coordinates": [ [ 78.5714413, 14.6782154 ], [ 78.5714132, 14.6781745 ] ] } },
{ "type": "Feature", "properties": { "name": null, "highway": "secondary", "ref": "MDR0278", "maxspeed": null }, "geometry": { "type": "LineString", "coordinates": [ [ 78.573172, 14.6815391 ], [ 78.5714413, 14.6782154 ] ] } },
{ "type": "Feature", "properties": { "name": null, "highway": "secondary", "ref": "MDR0221", "maxspeed": null }, "geometry": { "type": "LineString", "coordinates": [ [ 78.6785284, 14.6273253 ], [ 78.6787391, 14.6280864 ] ] } },
{ "type": "Feature", "properties": { "name": null, "highway": "secondary", "ref": "MDR0221", "maxspeed": null }, "geometry": { "type": "LineString", "coordinates": [ [ 78.6784524, 14.6270506 ], [ 78.6785284, 14.6273253 ] ] } },
{ "type": "Feature", "properties": { "name": null, "highway": "secondary", "ref": "MDR0418", "maxspeed": null }, "geometry": { "type": "LineString", "coordinates": [ [ 78.7815696, 14.5469953 ], [ 78.7790054, 14.5450741 ], [ 78.7796491, 14.5420365 ], [ 78.7778681, 14.5400789 ], [ 78.7731636, 14.5396167 ], [ 78.7691402, 14.536766 ], [ 78.7624937, 14.5344916 ], [ 78.7616208, 14.533128 ] ] } },
{ "type": "Feature", "properties": { "name": null, "highway": "secondary", "ref": "MDR0124", "maxspeed": null }, "geometry": { "type": "LineString", "coordinates": [ [ 78.8123989, 14.5382355 ], [ 78.8159931, 14.5214834 ], [ 78.8135493, 14.5079477 ] ] } },
{ "type": "Feature", "properties": { "name": "Jammalamadugu Road", "highway": "primary", "ref": "SH57", "maxspeed": null }, "geometry": { "type": "LineString", "coordinates": [ [ 78.4446533, 14.7934345 ], [ 78.4317669, 14.7977986 ], [ 78.4281277, 14.7998297 ], [ 78.4173259, 14.8090415 ], [ 78.4091502, 14.8195241 ], [ 78.3981317, 14.8296439 ], [ 78.3920231, 14.836643 ], [ 78.3860946, 14.841291 ] ] } },
{ "type": "Feature", "properties": { "name": "Thermal(RTPP) Road", "highway": "secondary", "ref": "MDR0325", "maxspeed": null }, "geometry": { "type": "LineString", "coordinates": [ [ 78.3984862, 14.7841821 ], [ 78.3945702, 14.7864384 ], [ 78.3902625, 14.787704 ], [ 78.3860806, 14.7907128 ], [ 78.3829911, 14.7914125 ], [ 78.3824917, 14.7935421 ], [ 78.3811185, 14.7947817 ], [ 78.3738984, 14.797774 ] ] } },
{ "type": "Feature", "properties": { "name": "Thermal(RTPP) Road", "highway": "secondary", "ref": "MDR0325", "maxspeed": null }, "geometry": { "type": "LineString", "coordinates": [ [ 78.3987352, 14.7840348 ], [ 78.3984862, 14.7841821 ] ] } },
{ "type": "Feature", "properties": { "name": null, "highway": "secondary", "ref": "MDR0124", "maxspeed": null }, "geometry": { "type": "LineString", "coordinates": [ [ 78.8061056, 14.5044174 ], [ 78.8098709, 14.5020174 ], [ 78.813661, 14.5013984 ] ] } },
{ "type": "Feature", "properties": { "name": null, "highway": "trunk", "ref": "NH40", "maxspeed": null }, "geometry": { "type": "LineString", "coordinates": [ [ 78.7954956, 14.5768187 ], [ 78.7925425, 14.5713154 ] ] } },
{ "type": "Feature", "properties": { "name": null, "highway": "trunk", "ref": "NH40", "maxspeed": null }, "geometry": { "type": "LineString", "coordinates": [ [ 78.7971544, 14.5802727 ], [ 78.7954956, 14.5768187 ] ] } },
{ "type": "Feature", "properties": { "name": null, "highway": "primary", "ref": "SH337", "maxspeed": null }, "geometry": { "type": "LineString", "coordinates": [ [ 78.7685595, 14.6483236 ], [ 78.7696499, 14.6486333 ], [ 78.7701697, 14.6511669 ] ] } },
{ "type": "Feature", "properties": { "name": null, "highway": "primary", "ref": "SH337", "maxspeed": null }, "geometry": { "type": "LineString", "coordinates": [ [ 78.7701697, 14.6511669 ], [ 78.7702731, 14.6525932 ] ] } },
{ "type": "Feature", "properties": { "name": null, "highway": "trunk", "ref": "NH716", "maxspeed": null }, "geometry": { "type": "LineString", "coordinates": [ [ 78.7706656, 14.525583 ], [ 78.7793486, 14.5190025 ], [ 78.7908775, 14.5082112 ] ] } },
{ "type": "Feature", "properties": { "name": null, "highway": "trunk", "ref": "NH716", "maxspeed": null }, "geometry": { "type": "LineString", "coordinates": [ [ 78.7917841, 14.5082609 ], [ 78.7919828, 14.5083336 ] ] } },
{ "type": "Feature", "properties": { "name": null, "highway": "trunk", "ref": "NH716", "maxspeed": null }, "geometry": { "type": "LineString", "coordinates": [ [ 78.7916115, 14.508231 ], [ 78.7917841, 14.5082609 ] ] } },
{ "type": "Feature", "properties": { "name": null, "highway": "trunk", "ref": "NH716", "maxspeed": null }, "geometry": { "type": "LineString", "coordinates": [ [ 78.7920196, 14.5081565 ], [ 78.7917991, 14.5081767 ] ] } },
{ "type": "Feature", "properties": { "name": null, "highway": "trunk", "ref": "NH716", "maxspeed": null }, "geometry": { "type": "LineString", "coordinates": [ [ 78.7917991, 14.5081767 ], [ 78.7916299, 14.5081475 ] ] } },
{ "type": "Feature", "properties": { "name": null, "highway": "trunk", "ref": "NH40", "maxspeed": null }, "geometry": { "type": "LineString", "coordinates": [ [ 78.7901831, 14.5070681 ], [ 78.7908775, 14.5082112 ] ] } },
{ "type": "Feature", "properties": { "name": null, "highway": "trunk", "ref": "NH40", "maxspeed": null }, "geometry": { "type": "LineString", "coordinates": [ [ 78.7901508, 14.5069778 ], [ 78.7901831, 14.5070681 ] ] } },
{ "type": "Feature", "properties": { "name": "Kadapa Bypass", "highway": "trunk", "ref": "NH40", "maxspeed": null }, "geometry": { "type": "LineString", "coordinates": [ [ 78.7910122, 14.5081814 ], [ 78.7902957, 14.5070229 ] ] } },
{ "type": "Feature", "properties": { "name": "Kadapa Bypass", "highway": "trunk", "ref": "NH40", "maxspeed": null }, "geometry": { "type": "LineString", "coordinates": [ [ 78.7902957, 14.5070229 ], [ 78.7902688, 14.506943 ] ] } },
{ "type": "Feature", "properties": { "name": null, "highway": "trunk", "ref": "NH40", "maxspeed": null }, "geometry": { "type": "LineString", "coordinates": [ [ 78.7864092, 14.4965291 ], [ 78.7901508, 14.5069778 ] ] } },
{ "type": "Feature", "properties": { "name": null, "highway": "trunk", "ref": "NH40", "maxspeed": null }, "geometry": { "type": "LineString", "coordinates": [ [ 78.7839831, 14.487365 ], [ 78.7849909, 14.492747 ] ] } },
{ "type": "Feature", "properties": { "name": null, "highway": "trunk", "ref": "NH40", "maxspeed": null }, "geometry": { "type": "LineString", "coordinates": [ [ 78.7863498, 14.4963776 ], [ 78.7864092, 14.4965291 ] ] } },
{ "type": "Feature", "properties": { "name": "Kadapa Bypass", "highway": "trunk", "ref": "NH40", "maxspeed": null }, "geometry": { "type": "LineString", "coordinates": [ [ 78.7851055, 14.4927061 ], [ 78.7840803, 14.4871103 ] ] } },
{ "type": "Feature", "properties": { "name": "Kadapa Bypass", "highway": "trunk", "ref": "NH40", "maxspeed": null }, "geometry": { "type": "LineString", "coordinates": [ [ 78.7865636, 14.4966336 ], [ 78.7865062, 14.4964829 ] ] } },
{ "type": "Feature", "properties": { "name": "Kadapa Bypass", "highway": "trunk", "ref": "NH40", "maxspeed": null }, "geometry": { "type": "LineString", "coordinates": [ [ 78.7865062, 14.4964829 ], [ 78.7856066, 14.4941014 ] ] } },
{ "type": "Feature", "properties": { "name": "Kadapa Bypass", "highway": "trunk", "ref": "NH40", "maxspeed": null }, "geometry": { "type": "LineString", "coordinates": [ [ 78.7856066, 14.4941014 ], [ 78.7852664, 14.4931458 ] ] } },
{ "type": "Feature", "properties": { "name": null, "highway": "trunk", "ref": "NH40", "maxspeed": null }, "geometry": { "type": "LineString", "coordinates": [ [ 78.7854839, 14.4941163 ], [ 78.7863498, 14.4963776 ] ] } },
{ "type": "Feature", "properties": { "name": null, "highway": "trunk", "ref": "NH40", "maxspeed": null }, "geometry": { "type": "LineString", "coordinates": [ [ 78.7851422, 14.4931711 ], [ 78.7854839, 14.4941163 ] ] } },
{ "type": "Feature", "properties": { "name": "Kadapa Bypass", "highway": "trunk", "ref": "NH40", "maxspeed": null }, "geometry": { "type": "LineString", "coordinates": [ [ 78.7852664, 14.4931458 ], [ 78.7851573, 14.4928536 ] ] } },
{ "type": "Feature", "properties": { "name": "Kadapa Bypass", "highway": "trunk", "ref": "NH40", "maxspeed": null }, "geometry": { "type": "LineString", "coordinates": [ [ 78.7851573, 14.4928536 ], [ 78.7851055, 14.4927061 ] ] } },
{ "type": "Feature", "properties": { "name": null, "highway": "trunk", "ref": "NH40", "maxspeed": null }, "geometry": { "type": "LineString", "coordinates": [ [ 78.7850456, 14.4929003 ], [ 78.7851422, 14.4931711 ] ] } },
{ "type": "Feature", "properties": { "name": null, "highway": "trunk", "ref": "NH40", "maxspeed": null }, "geometry": { "type": "LineString", "coordinates": [ [ 78.7849909, 14.492747 ], [ 78.7850456, 14.4929003 ] ] } },
{ "type": "Feature", "properties": { "name": null, "highway": "primary", "ref": null, "maxspeed": null }, "geometry": { "type": "LineString", "coordinates": [ [ 78.8038496, 14.49207 ], [ 78.8028128, 14.4930076 ] ] } },
{ "type": "Feature", "properties": { "name": null, "highway": "primary", "ref": null, "maxspeed": null }, "geometry": { "type": "LineString", "coordinates": [ [ 78.8028128, 14.4930076 ], [ 78.7992898, 14.4962865 ] ] } },
{ "type": "Feature", "properties": { "name": null, "highway": "primary", "ref": null, "maxspeed": null }, "geometry": { "type": "LineString", "coordinates": [ [ 78.8046847, 14.4915436 ], [ 78.8048182, 14.4914538 ] ] } },
{ "type": "Feature", "properties": { "name": null, "highway": "primary", "ref": null, "maxspeed": null }, "geometry": { "type": "LineString", "coordinates": [ [ 78.8046275, 14.4914739 ], [ 78.8038496, 14.49207 ] ] } },
{ "type": "Feature", "properties": { "name": null, "highway": "primary", "ref": null, "maxspeed": null }, "geometry": { "type": "LineString", "coordinates": [ [ 78.8047594, 14.4913808 ], [ 78.8046275, 14.4914739 ] ] } },
{ "type": "Feature", "properties": { "name": null, "highway": "secondary", "ref": "MDR0214", "maxspeed": null }, "geometry": { "type": "LineString", "coordinates": [ [ 78.7608802, 14.5337104 ], [ 78.7553005, 14.5313282 ], [ 78.7453012, 14.5312036 ], [ 78.743134, 14.5307881 ], [ 78.7412601, 14.5292847 ] ] } },
{ "type": "Feature", "properties": { "name": null, "highway": "secondary", "ref": "MDR0214", "maxspeed": null }, "geometry": { "type": "LineString", "coordinates": [ [ 78.7355577, 14.5154928 ], [ 78.7359421, 14.5151736 ] ] } },
{ "type": "Feature", "properties": { "name": null, "highway": "secondary", "ref": "MDR0124", "maxspeed": null }, "geometry": { "type": "LineString", "coordinates": [ [ 78.8359769, 14.4926848 ], [ 78.8344641, 14.4992651 ], [ 78.8361432, 14.5048949 ], [ 78.8382822, 14.5085199 ] ] } },
{ "type": "Feature", "properties": { "name": null, "highway": "secondary", "ref": "MDR049", "maxspeed": null }, "geometry": { "type": "LineString", "coordinates": [ [ 78.6174447, 14.8234196 ], [ 78.625393, 14.8181426 ] ] } },
{ "type": "Feature", "properties": { "name": null, "highway": "secondary", "ref": "MDR049", "maxspeed": null }, "geometry": { "type": "LineString", "coordinates": [ [ 78.6294428, 14.8133735 ], [ 78.6364111, 14.8047886 ] ] } },
{ "type": "Feature", "properties": { "name": null, "highway": "primary", "ref": "SH414", "maxspeed": null }, "geometry": { "type": "LineString", "coordinates": [ [ 78.5567113, 14.7552964 ], [ 78.5541518, 14.7525794 ] ] } },
{ "type": "Feature", "properties": { "name": "Proddatur - Chagalamarri Road", "highway": "primary", "ref": "SH414", "maxspeed": null }, "geometry": { "type": "LineString", "coordinates": [ [ 78.5541518, 14.7525794 ], [ 78.556856, 14.7556286 ] ] } },
{ "type": "Feature", "properties": { "name": "Proddatur - Chagalamarri Road", "highway": "primary", "ref": "SH414", "maxspeed": null }, "geometry": { "type": "LineString", "coordinates": [ [ 78.5573672, 14.7560625 ], [ 78.5623493, 14.7613649 ] ] } },
{ "type": "Feature", "properties": { "name": null, "highway": "primary", "ref": null, "maxspeed": null }, "geometry": { "type": "LineString", "coordinates": [ [ 78.5547739, 14.7535017 ], [ 78.5548494, 14.7534212 ] ] } },
{ "type": "Feature", "properties": { "name": null, "highway": "secondary", "ref": "MDR0124", "maxspeed": null }, "geometry": { "type": "LineString", "coordinates": [ [ 78.8357202, 14.4920219 ], [ 78.8359769, 14.4926848 ] ] } },
{ "type": "Feature", "properties": { "name": null, "highway": "secondary", "ref": "MDR0430", "maxspeed": null }, "geometry": { "type": "LineString", "coordinates": [ [ 78.7989128, 14.5563779 ], [ 78.796943, 14.5519011 ] ] } },
{ "type": "Feature", "properties": { "name": null, "highway": "secondary", "ref": "MDR0442", "maxspeed": null }, "geometry": { "type": "LineString", "coordinates": [ [ 78.6977431, 14.5609771 ], [ 78.6987586, 14.5620702 ], [ 78.7071715, 14.5634138 ], [ 78.7078298, 14.5641843 ], [ 78.7102738, 14.5634754 ], [ 78.7107432, 14.5644828 ] ] } },
{ "type": "Feature", "properties": { "name": null, "highway": "secondary", "ref": "MDR0105", "maxspeed": null }, "geometry": { "type": "LineString", "coordinates": [ [ 78.7232093, 14.5697009 ], [ 78.7205704, 14.5626635 ] ] } },
{ "type": "Feature", "properties": { "name": null, "highway": "secondary", "ref": "MDR06", "maxspeed": null }, "geometry": { "type": "LineString", "coordinates": [ [ 78.7563341, 14.5884971 ], [ 78.7639352, 14.5811974 ], [ 78.7658257, 14.5750799 ], [ 78.7672286, 14.5750233 ], [ 78.7679817, 14.5733839 ], [ 78.7732866, 14.5691613 ], [ 78.7789185, 14.5567464 ], [ 78.7815696, 14.5469953 ] ] } },
{ "type": "Feature", "properties": { "name": null, "highway": "secondary", "ref": "MDR0346", "maxspeed": null }, "geometry": { "type": "LineString", "coordinates": [ [ 78.7624937, 14.5344916 ], [ 78.7633776, 14.5454402 ], [ 78.7685165, 14.5604634 ], [ 78.771629, 14.5598713 ], [ 78.7724441, 14.5621616 ] ] } },
{ "type": "Feature", "properties": { "name": null, "highway": "secondary", "ref": "MDR0428", "maxspeed": null }, "geometry": { "type": "LineString", "coordinates": [ [ 78.7672286, 14.5750233 ], [ 78.7687031, 14.5751355 ], [ 78.7707142, 14.5767978 ], [ 78.7841997, 14.5743568 ], [ 78.7920974, 14.5716179 ], [ 78.7912221, 14.5693285 ], [ 78.7915428, 14.5677849 ] ] } },
{ "type": "Feature", "properties": { "name": null, "highway": "secondary", "ref": "MDR0226", "maxspeed": null }, "geometry": { "type": "LineString", "coordinates": [ [ 78.6318443, 14.554129 ], [ 78.6329854, 14.5523295 ] ] } },
{ "type": "Feature", "properties": { "name": "Thermal(RTPP) Road", "highway": "secondary", "ref": "MDR0361", "maxspeed": null }, "geometry": { "type": "LineString", "coordinates": [ [ 78.6057592, 14.6123881 ], [ 78.604737, 14.6120126 ] ] } },
{ "type": "Feature", "properties": { "name": null, "highway": "secondary", "ref": "MDR0378", "maxspeed": null }, "geometry": { "type": "LineString", "coordinates": [ [ 78.6226059, 14.7129934 ], [ 78.6407902, 14.7107438 ], [ 78.6410031, 14.7123214 ], [ 78.6443953, 14.7119759 ], [ 78.644619, 14.7127054 ], [ 78.6510029, 14.7118958 ] ] } },
{ "type": "Feature", "properties": { "name": null, "highway": "secondary", "ref": "MDR0364", "maxspeed": null }, "geometry": { "type": "LineString", "coordinates": [ [ 78.610052, 14.6847182 ], [ 78.614113, 14.6841236 ] ] } },
{ "type": "Feature", "properties": { "name": null, "highway": "secondary", "ref": "MDR0364", "maxspeed": null }, "geometry": { "type": "LineString", "coordinates": [ [ 78.610052, 14.6847182 ], [ 78.6056103, 14.6928068 ], [ 78.6026258, 14.6959903 ], [ 78.5983928, 14.7029297 ], [ 78.5974184, 14.7064482 ], [ 78.5981488, 14.7101373 ] ] } },
{ "type": "Feature", "properties": { "name": null, "highway": "secondary", "ref": "MDR0364", "maxspeed": null }, "geometry": { "type": "LineString", "coordinates": [ [ 78.6492451, 14.6796066 ], [ 78.6580343, 14.6784201 ], [ 78.6597761, 14.6790454 ], [ 78.6670591, 14.6780796 ], [ 78.6743746, 14.678216 ] ] } },
{ "type": "Feature", "properties": { "name": null, "highway": "secondary", "ref": "MDR0232", "maxspeed": null }, "geometry": { "type": "LineString", "coordinates": [ [ 78.6897191, 14.6354849 ], [ 78.6945926, 14.637185 ] ] } },
{ "type": "Feature", "properties": { "name": null, "highway": "secondary", "ref": "MDR0232", "maxspeed": null }, "geometry": { "type": "LineString", "coordinates": [ [ 78.6945926, 14.637185 ], [ 78.6946311, 14.6332732 ], [ 78.696985, 14.6340489 ] ] } },
{ "type": "Feature", "properties": { "name": null, "highway": "secondary", "ref": "MDR0232", "maxspeed": null }, "geometry": { "type": "LineString", "coordinates": [ [ 78.696985, 14.6340489 ], [ 78.7130086, 14.6448152 ], [ 78.7122232, 14.6493811 ], [ 78.7173127, 14.6542 ] ] } },
{ "type": "Feature", "properties": { "name": null, "highway": "secondary", "ref": "MDR0236", "maxspeed": null }, "geometry": { "type": "LineString", "coordinates": [ [ 78.730829, 14.6935488 ], [ 78.7291666, 14.693682 ], [ 78.7257183, 14.69566 ], [ 78.724556, 14.7006516 ], [ 78.7248543, 14.7030742 ] ] } },
{ "type": "Feature", "properties": { "name": null, "highway": "secondary", "ref": "MDR0234", "maxspeed": null }, "geometry": { "type": "LineString", "coordinates": [ [ 78.6994635, 14.6280084 ], [ 78.7061787, 14.6228373 ], [ 78.7078207, 14.620634 ], [ 78.7076114, 14.6187344 ], [ 78.7136154, 14.6153632 ], [ 78.7146981, 14.6129589 ], [ 78.7203511, 14.6100134 ], [ 78.7267618, 14.6090682 ], [ 78.7320185, 14.6092781 ] ] } },
{ "type": "Feature", "properties": { "name": null, "highway": "secondary", "ref": "MDR0234", "maxspeed": null }, "geometry": { "type": "LineString", "coordinates": [ [ 78.7346276, 14.6097903 ], [ 78.7355045, 14.6120514 ], [ 78.7420107, 14.6154605 ], [ 78.7474713, 14.6195809 ] ] } },
{ "type": "Feature", "properties": { "name": "Khajipeta - Kamalapuram Road", "highway": "secondary", "ref": "MDR062", "maxspeed": null }, "geometry": { "type": "LineString", "coordinates": [ [ 78.7696225, 14.6547195 ], [ 78.7685595, 14.6483236 ] ] } },
{ "type": "Feature", "properties": { "name": "KADAPA ROAD", "highway": "primary", "ref": "SH337", "maxspeed": null }, "geometry": { "type": "LineString", "coordinates": [ [ 78.7708519, 14.6524403 ], [ 78.7702731, 14.6525932 ] ] } },
{ "type": "Feature", "properties": { "name": null, "highway": "primary", "ref": "SH337", "maxspeed": null }, "geometry": { "type": "LineString", "coordinates": [ [ 78.7767275, 14.6518247 ], [ 78.7715628, 14.6523335 ] ] } },
{ "type": "Feature", "properties": { "name": null, "highway": "secondary", "ref": null, "maxspeed": null }, "geometry": { "type": "LineString", "coordinates": [ [ 78.7769357, 14.6520186 ], [ 78.7768067, 14.6515486 ] ] } },
{ "type": "Feature", "properties": { "name": null, "highway": "secondary", "ref": "MDR0235", "maxspeed": null }, "geometry": { "type": "LineString", "coordinates": [ [ 78.7572672, 14.6099342 ], [ 78.761087, 14.5960363 ], [ 78.7610576, 14.5922855 ], [ 78.7697841, 14.5820703 ], [ 78.7709528, 14.581695 ], [ 78.774293, 14.5831549 ] ] } },
{ "type": "Feature", "properties": { "name": null, "highway": "secondary", "ref": "MDR0235", "maxspeed": null }, "geometry": { "type": "LineString", "coordinates": [ [ 78.774293, 14.5831549 ], [ 78.7815967, 14.5824099 ], [ 78.7834206, 14.5831367 ], [ 78.7835547, 14.5845073 ], [ 78.7867492, 14.5847903 ], [ 78.7965861, 14.5829501 ] ] } },
{ "type": "Feature", "properties": { "name": null, "highway": "secondary", "ref": "MDR0234", "maxspeed": null }, "geometry": { "type": "LineString", "coordinates": [ [ 78.7572672, 14.6099342 ], [ 78.7549346, 14.6073519 ], [ 78.7542714, 14.6026727 ], [ 78.7464946, 14.6047953 ], [ 78.7468744, 14.6057151 ] ] } },
{ "type": "Feature", "properties": { "name": null, "highway": "secondary", "ref": "MDR0266", "maxspeed": null }, "geometry": { "type": "LineString", "coordinates": [ [ 78.6218017, 14.7309896 ], [ 78.6239666, 14.7435219 ], [ 78.6357762, 14.7417595 ] ] } },
{ "type": "Feature", "properties": { "name": null, "highway": "secondary", "ref": "MDR0266", "maxspeed": null }, "geometry": { "type": "LineString", "coordinates": [ [ 78.6357762, 14.7417595 ], [ 78.6367961, 14.7412138 ], [ 78.636606, 14.7400901 ] ] } },
{ "type": "Feature", "properties": { "name": null, "highway": "secondary", "ref": "MDR0264", "maxspeed": null }, "geometry": { "type": "LineString", "coordinates": [ [ 78.6642831, 14.7693199 ], [ 78.671513, 14.7664597 ], [ 78.6744413, 14.763268 ] ] } },
{ "type": "Feature", "properties": { "name": null, "highway": "secondary", "ref": "MDR0265", "maxspeed": null }, "geometry": { "type": "LineString", "coordinates": [ [ 78.6716258, 14.7374601 ], [ 78.6775075, 14.7378849 ], [ 78.683966, 14.7410017 ], [ 78.6864488, 14.7404563 ], [ 78.6860814, 14.7372852 ], [ 78.6900519, 14.7357823 ], [ 78.6894854, 14.7343337 ], [ 78.6903683, 14.7338549 ], [ 78.6926037, 14.7285169 ], [ 78.6925571, 14.7239108 ] ] } },
{ "type": "Feature", "properties": { "name": null, "highway": "secondary", "ref": "MDR0262", "maxspeed": null }, "geometry": { "type": "LineString", "coordinates": [ [ 78.6950303, 14.7241821 ], [ 78.6996336, 14.7302345 ], [ 78.7011957, 14.7350593 ] ] } },
{ "type": "Feature", "properties": { "name": null, "highway": "secondary", "ref": "MDR042", "maxspeed": null }, "geometry": { "type": "LineString", "coordinates": [ [ 78.7041796, 14.7345944 ], [ 78.707515, 14.7342369 ], [ 78.7066214, 14.7254963 ] ] } },
{ "type": "Feature", "properties": { "name": "Morrayapalle Road", "highway": "secondary", "ref": "MDR042", "maxspeed": null }, "geometry": { "type": "LineString", "coordinates": [ [ 78.7041796, 14.7345944 ], [ 78.7050508, 14.7400263 ], [ 78.7035019, 14.7418919 ], [ 78.703234, 14.7438834 ], [ 78.7041798, 14.7470584 ] ] } },
{ "type": "Feature", "properties": { "name": null, "highway": "secondary", "ref": "MDR048", "maxspeed": null }, "geometry": { "type": "LineString", "coordinates": [ [ 78.6404695, 14.8017643 ], [ 78.6380761, 14.8007086 ], [ 78.6293206, 14.7996455 ], [ 78.6279149, 14.8027248 ], [ 78.6206344, 14.8022326 ], [ 78.6178697, 14.8002776 ], [ 78.6155545, 14.8017944 ] ] } },
{ "type": "Feature", "properties": { "name": null, "highway": "secondary", "ref": "MDR049", "maxspeed": null }, "geometry": { "type": "LineString", "coordinates": [ [ 78.6404695, 14.8017643 ], [ 78.6390965, 14.8018155 ], [ 78.6364111, 14.8047886 ] ] } },
{ "type": "Feature", "properties": { "name": null, "highway": "secondary", "ref": "MDR0261", "maxspeed": null }, "geometry": { "type": "LineString", "coordinates": [ [ 78.6404386, 14.8018025 ], [ 78.6429122, 14.8152601 ], [ 78.6432669, 14.8218662 ] ] } },
{ "type": "Feature", "properties": { "name": null, "highway": "secondary", "ref": "MDR0252", "maxspeed": null }, "geometry": { "type": "LineString", "coordinates": [ [ 78.6601674, 14.8360686 ], [ 78.6599049, 14.8276676 ], [ 78.6606083, 14.8235016 ], [ 78.6732634, 14.8227745 ] ] } },
{ "type": "Feature", "properties": { "name": null, "highway": "secondary", "ref": "MDR049", "maxspeed": null }, "geometry": { "type": "LineString", "coordinates": [ [ 78.625393, 14.8181426 ], [ 78.6294428, 14.8133735 ] ] } },
{ "type": "Feature", "properties": { "name": null, "highway": "secondary", "ref": "MDR049", "maxspeed": null }, "geometry": { "type": "LineString", "coordinates": [ [ 78.6174447, 14.8234196 ], [ 78.6167283, 14.8234506 ], [ 78.6137377, 14.8170762 ], [ 78.6117943, 14.817223 ], [ 78.6081581, 14.813424 ], [ 78.6073517, 14.8102391 ], [ 78.6064229, 14.8093584 ], [ 78.6046442, 14.7990833 ], [ 78.6083673, 14.7962691 ] ] } },
{ "type": "Feature", "properties": { "name": "Proddatur - Duvvuru Road", "highway": "secondary", "ref": "MDR0260", "maxspeed": null }, "geometry": { "type": "LineString", "coordinates": [ [ 78.5665789, 14.7636181 ], [ 78.5778058, 14.7693368 ], [ 78.5894961, 14.7787406 ], [ 78.6027393, 14.7879953 ] ] } },
{ "type": "Feature", "properties": { "name": null, "highway": "secondary", "ref": "MDR0256", "maxspeed": null }, "geometry": { "type": "LineString", "coordinates": [ [ 78.6083673, 14.7962691 ], [ 78.611144, 14.7945722 ], [ 78.6146395, 14.7897777 ], [ 78.6219888, 14.7828118 ], [ 78.6248963, 14.7805348 ], [ 78.6274625, 14.7803208 ] ] } },
{ "type": "Feature", "properties": { "name": null, "highway": "secondary", "ref": "MDR0251", "maxspeed": null }, "geometry": { "type": "LineString", "coordinates": [ [ 78.5920776, 14.7982644 ], [ 78.5994846, 14.8262161 ] ] } },
{ "type": "Feature", "properties": { "name": null, "highway": "secondary", "ref": "MDR0251", "maxspeed": null }, "geometry": { "type": "LineString", "coordinates": [ [ 78.6002304, 14.8270587 ], [ 78.6009962, 14.83039 ], [ 78.602376, 14.8325341 ], [ 78.6051354, 14.8343926 ], [ 78.6114526, 14.8493474 ], [ 78.6138276, 14.852458 ] ] } },
{ "type": "Feature", "properties": { "name": "Velavali  Main Road", "highway": "secondary", "ref": "MDR", "maxspeed": null }, "geometry": { "type": "LineString", "coordinates": [ [ 78.6104739, 14.8307606 ], [ 78.6134433, 14.8312124 ], [ 78.6145347, 14.8345151 ] ] } },
{ "type": "Feature", "properties": { "name": "Thondladinne Road", "highway": "secondary", "ref": "MDR0352", "maxspeed": null }, "geometry": { "type": "LineString", "coordinates": [ [ 78.6141127, 14.8547519 ], [ 78.6125183, 14.8549971 ], [ 78.609982, 14.8569425 ], [ 78.5940905, 14.861999 ], [ 78.5803047, 14.8646698 ] ] } },
{ "type": "Feature", "properties": { "name": null, "highway": "secondary", "ref": "MDR0230", "maxspeed": null }, "geometry": { "type": "LineString", "coordinates": [ [ 78.620213, 14.841843 ], [ 78.6214463, 14.8417819 ], [ 78.6229311, 14.8464363 ], [ 78.6288921, 14.8566449 ], [ 78.6300497, 14.8574103 ], [ 78.633188, 14.8568823 ], [ 78.6465648, 14.8590119 ] ] } },
{ "type": "Feature", "properties": { "name": "Manerapalle - Gudipadu Road", "highway": "secondary", "ref": "MDR0362", "maxspeed": null }, "geometry": { "type": "LineString", "coordinates": [ [ 78.6807872, 14.817019 ], [ 78.6847358, 14.825986 ], [ 78.6860103, 14.8325747 ], [ 78.6873911, 14.83278 ] ] } },
{ "type": "Feature", "properties": { "name": null, "highway": "secondary", "ref": "MDR0362", "maxspeed": null }, "geometry": { "type": "LineString", "coordinates": [ [ 78.6873911, 14.83278 ], [ 78.6921874, 14.8333523 ], [ 78.7006588, 14.8365425 ], [ 78.6986676, 14.8392182 ], [ 78.6947923, 14.8414106 ], [ 78.6975247, 14.8422078 ], [ 78.6985771, 14.8474191 ], [ 78.6980375, 14.8506532 ], [ 78.6953167, 14.8607414 ], [ 78.6894587, 14.8595384 ], [ 78.6913453, 14.8674825 ], [ 78.6900755, 14.8689953 ], [ 78.6883275, 14.8691605 ], [ 78.688769, 14.8711755 ], [ 78.686669, 14.8784674 ], [ 78.6823667, 14.8781604 ], [ 78.6811222, 14.8754562 ], [ 78.6770822, 14.8714361 ], [ 78.6722371, 14.8697503 ], [ 78.6672586, 14.866771 ], [ 78.6636596, 14.8678793 ], [ 78.662989, 14.866275 ], [ 78.6590107, 14.8630399 ], [ 78.6570898, 14.8590509 ], [ 78.6551603, 14.8576427 ] ] } },
{ "type": "Feature", "properties": { "name": null, "highway": "trunk", "ref": "NH40", "maxspeed": null }, "geometry": { "type": "LineString", "coordinates": [ [ 78.6491878, 14.8554911 ], [ 78.6499475, 14.8544054 ] ] } },
{ "type": "Feature", "properties": { "name": null, "highway": "secondary", "ref": "MDR0238", "maxspeed": null }, "geometry": { "type": "LineString", "coordinates": [ [ 78.7441796, 14.7797682 ], [ 78.7458605, 14.7834215 ], [ 78.7457415, 14.7878842 ], [ 78.7535035, 14.787929 ] ] } },
{ "type": "Feature", "properties": { "name": "Lekkalavaripalle Road", "highway": "secondary", "ref": "MDR0239", "maxspeed": null }, "geometry": { "type": "LineString", "coordinates": [ [ 78.7535035, 14.787929 ], [ 78.7535282, 14.7897217 ], [ 78.7522344, 14.7922912 ], [ 78.7531244, 14.7943109 ], [ 78.7513609, 14.7947969 ], [ 78.7508418, 14.795753 ], [ 78.7510354, 14.7980595 ], [ 78.749265, 14.8018955 ] ] } },
{ "type": "Feature", "properties": { "name": null, "highway": "trunk", "ref": "NH167B", "maxspeed": null }, "geometry": { "type": "LineString", "coordinates": [ [ 78.7775471, 14.7898305 ], [ 78.7779554, 14.7933639 ] ] } },
{ "type": "Feature", "properties": { "name": null, "highway": "secondary", "ref": "MDR0238", "maxspeed": null }, "geometry": { "type": "LineString", "coordinates": [ [ 78.7775471, 14.7898305 ], [ 78.7747964, 14.7901384 ], [ 78.7740836, 14.7914441 ], [ 78.7698464, 14.7891239 ], [ 78.7535035, 14.787929 ] ] } },
{ "type": "Feature", "properties": { "name": "Nallapareddipalle Road", "highway": "secondary", "ref": "MDR0239", "maxspeed": null }, "geometry": { "type": "LineString", "coordinates": [ [ 78.7449752, 14.8034751 ], [ 78.7424052, 14.8050585 ], [ 78.7423286, 14.8062673 ], [ 78.7386643, 14.8117737 ], [ 78.7374649, 14.8179015 ], [ 78.7386337, 14.828948 ], [ 78.7379498, 14.8350902 ], [ 78.7339997, 14.837404 ] ] } },
{ "type": "Feature", "properties": { "name": "Nallapareddipalle Road", "highway": "secondary", "ref": "MDR0239", "maxspeed": null }, "geometry": { "type": "LineString", "coordinates": [ [ 78.749265, 14.8018955 ], [ 78.7487151, 14.8040722 ], [ 78.7461566, 14.8030582 ], [ 78.7449752, 14.8034751 ] ] } },
{ "type": "Feature", "properties": { "name": null, "highway": "secondary", "ref": "MDR0250", "maxspeed": null }, "geometry": { "type": "LineString", "coordinates": [ [ 78.5293527, 14.8277275 ], [ 78.5334768, 14.827101 ], [ 78.5361058, 14.8231554 ] ] } },
{ "type": "Feature", "properties": { "name": null, "highway": "secondary", "ref": "MDR0250", "maxspeed": null }, "geometry": { "type": "LineString", "coordinates": [ [ 78.5361618, 14.8229659 ], [ 78.5443387, 14.8221185 ] ] } },
{ "type": "Feature", "properties": { "name": null, "highway": "secondary", "ref": "MDR0250", "maxspeed": null }, "geometry": { "type": "LineString", "coordinates": [ [ 78.5443387, 14.8221185 ], [ 78.5514283, 14.8199777 ], [ 78.5608482, 14.8184717 ], [ 78.5752405, 14.8172374 ], [ 78.5763899, 14.8158141 ] ] } },
{ "type": "Feature", "properties": { "name": null, "highway": "secondary", "ref": "MDR0249", "maxspeed": null }, "geometry": { "type": "LineString", "coordinates": [ [ 78.5768109, 14.82525 ], [ 78.5706454, 14.8353052 ], [ 78.5592084, 14.8489555 ], [ 78.5578339, 14.847578 ], [ 78.55586, 14.8472885 ], [ 78.5538643, 14.8490815 ], [ 78.551313, 14.8435909 ], [ 78.5488771, 14.8420351 ], [ 78.543897, 14.8354665 ], [ 78.5412374, 14.8339944 ], [ 78.5402377, 14.8324176 ], [ 78.5377908, 14.8317373 ] ] } },
{ "type": "Feature", "properties": { "name": null, "highway": "secondary", "ref": "MDR0365", "maxspeed": null }, "geometry": { "type": "LineString", "coordinates": [ [ 78.5422689, 14.7625739 ], [ 78.5420642, 14.7631748 ] ] } },
{ "type": "Feature", "properties": { "name": null, "highway": "secondary", "ref": "MDR0365", "maxspeed": null }, "geometry": { "type": "LineString", "coordinates": [ [ 78.529203, 14.8177854 ], [ 78.5289297, 14.8211199 ], [ 78.5261399, 14.821651 ], [ 78.5275588, 14.8290426 ] ] } },
{ "type": "Feature", "properties": { "name": null, "highway": "secondary", "ref": "MDR0365", "maxspeed": null }, "geometry": { "type": "LineString", "coordinates": [ [ 78.5275588, 14.8290426 ], [ 78.526846, 14.8320231 ], [ 78.5271778, 14.8366359 ], [ 78.5260346, 14.838032 ], [ 78.5239676, 14.8456786 ], [ 78.523049, 14.8458611 ], [ 78.5222375, 14.8513862 ], [ 78.5201706, 14.8553326 ], [ 78.5178332, 14.880494 ], [ 78.5150263, 14.8814509 ], [ 78.5167377, 14.8885255 ] ] } },
{ "type": "Feature", "properties": { "name": null, "highway": "secondary", "ref": "MDR0320", "maxspeed": null }, "geometry": { "type": "LineString", "coordinates": [ [ 78.4523422, 14.8394544 ], [ 78.4393303, 14.839778 ], [ 78.4273784, 14.843329 ], [ 78.4148943, 14.8442416 ], [ 78.4041569, 14.8437355 ], [ 78.3987877, 14.8392677 ] ] } },
{ "type": "Feature", "properties": { "name": null, "highway": "secondary", "ref": "MDR0320", "maxspeed": null }, "geometry": { "type": "LineString", "coordinates": [ [ 78.3987877, 14.8392677 ], [ 78.3928739, 14.8358006 ] ] } },
{ "type": "Feature", "properties": { "name": null, "highway": "secondary", "ref": "MDR0369", "maxspeed": null }, "geometry": { "type": "LineString", "coordinates": [ [ 78.4336206, 14.8409802 ], [ 78.4297994, 14.8272095 ], [ 78.4252981, 14.8186792 ], [ 78.4246066, 14.8168734 ], [ 78.4253619, 14.816422 ], [ 78.4244662, 14.8165132 ], [ 78.4204322, 14.8062881 ] ] } },
{ "type": "Feature", "properties": { "name": null, "highway": "secondary", "ref": "MDR0283", "maxspeed": null }, "geometry": { "type": "LineString", "coordinates": [ [ 78.451943, 14.8444834 ], [ 78.449936, 14.8504401 ], [ 78.4497114, 14.8577202 ], [ 78.4473687, 14.8692059 ], [ 78.4471381, 14.8746964 ], [ 78.4487537, 14.8791163 ], [ 78.4481898, 14.8810374 ], [ 78.4460374, 14.8820669 ] ] } },
{ "type": "Feature", "properties": { "name": null, "highway": "secondary", "ref": "MDR0409", "maxspeed": null }, "geometry": { "type": "LineString", "coordinates": [ [ 78.431807, 14.5246082 ], [ 78.4296247, 14.5241905 ], [ 78.4268474, 14.5259173 ], [ 78.4232325, 14.5265238 ], [ 78.4211422, 14.5258254 ], [ 78.4204441, 14.5235096 ], [ 78.4167163, 14.5216969 ] ] } },
{ "type": "Feature", "properties": { "name": null, "highway": "secondary", "ref": "MDR075", "maxspeed": null }, "geometry": { "type": "LineString", "coordinates": [ [ 78.4323229, 14.5069821 ], [ 78.4355168, 14.5101849 ], [ 78.438636, 14.5120131 ] ] } },
{ "type": "Feature", "properties": { "name": null, "highway": "secondary", "ref": "MDR075", "maxspeed": null }, "geometry": { "type": "LineString", "coordinates": [ [ 78.438636, 14.5120131 ], [ 78.4370789, 14.5121946 ], [ 78.4324958, 14.5183642 ], [ 78.431807, 14.5246082 ], [ 78.4337805, 14.5305492 ], [ 78.440487, 14.5361979 ] ] } },
{ "type": "Feature", "properties": { "name": "Jammalamadugu Road", "highway": "primary", "ref": "SH317", "maxspeed": null }, "geometry": { "type": "LineString", "coordinates": [ [ 78.5273155, 14.7632392 ], [ 78.5425995, 14.7591223 ], [ 78.5445884, 14.7593212 ], [ 78.5462562, 14.7572039 ] ] } },
{ "type": "Feature", "properties": { "name": null, "highway": "primary", "ref": "SH57", "maxspeed": null }, "geometry": { "type": "LineString", "coordinates": [ [ 78.5270532, 14.7633248 ], [ 78.5272646, 14.7633476 ], [ 78.527283, 14.7631519 ], [ 78.5270805, 14.7631295 ], [ 78.5270532, 14.7633248 ] ] } },
{ "type": "Feature", "properties": { "name": null, "highway": "primary", "ref": "SH57", "maxspeed": null }, "geometry": { "type": "LineString", "coordinates": [ [ 78.5359151, 14.7608252 ], [ 78.5272464, 14.7631209 ] ] } },
{ "type": "Feature", "properties": { "name": null, "highway": "primary", "ref": null, "maxspeed": null }, "geometry": { "type": "LineString", "coordinates": [ [ 78.5271142, 14.7631106 ], [ 78.5267037, 14.7629679 ] ] } },
{ "type": "Feature", "properties": { "name": null, "highway": "primary", "ref": "SH57", "maxspeed": null }, "geometry": { "type": "LineString", "coordinates": [ [ 78.5194529, 14.7648495 ], [ 78.5266029, 14.7634139 ] ] } },
{ "type": "Feature", "properties": { "name": "Proddatur New Bypass", "highway": "trunk", "ref": null, "maxspeed": null }, "geometry": { "type": "LineString", "coordinates": [ [ 78.5645199, 14.767264 ], [ 78.5698255, 14.7643926 ], [ 78.5744482, 14.7559411 ], [ 78.5760535, 14.7520661 ], [ 78.576181, 14.7487236 ], [ 78.5787925, 14.7392807 ] ] } },
{ "type": "Feature", "properties": { "name": null, "highway": "secondary", "ref": "MDR0365", "maxspeed": null }, "geometry": { "type": "LineString", "coordinates": [ [ 78.5387649, 14.768825 ], [ 78.5419571, 14.7683377 ] ] } },
{ "type": "Feature", "properties": { "name": "Proddatur New Bypass", "highway": "trunk", "ref": null, "maxspeed": null }, "geometry": { "type": "LineString", "coordinates": [ [ 78.578705, 14.7392948 ], [ 78.5747331, 14.7551751 ], [ 78.5697582, 14.7643462 ], [ 78.5644954, 14.7671795 ] ] } },
{ "type": "Feature", "properties": { "name": null, "highway": "primary", "ref": "SH57", "maxspeed": null }, "geometry": { "type": "LineString", "coordinates": [ [ 78.5265926, 14.7632839 ], [ 78.5194273, 14.764751 ] ] } },
{ "type": "Feature", "properties": { "name": null, "highway": "primary", "ref": "SH317", "maxspeed": null }, "geometry": { "type": "LineString", "coordinates": [ [ 78.5529992, 14.7490207 ], [ 78.5531029, 14.7490682 ], [ 78.5531709, 14.7489792 ], [ 78.5530361, 14.7489137 ], [ 78.5529992, 14.7490207 ] ] } },
{ "type": "Feature", "properties": { "name": null, "highway": "primary", "ref": "SH317", "maxspeed": null }, "geometry": { "type": "LineString", "coordinates": [ [ 78.5682184, 14.7409355 ], [ 78.5530984, 14.748911 ] ] } },
{ "type": "Feature", "properties": { "name": null, "highway": "secondary", "ref": null, "maxspeed": null }, "geometry": { "type": "LineString", "coordinates": [ [ 78.5596356, 14.7455415 ], [ 78.5595966, 14.7454711 ] ] } },
{ "type": "Feature", "properties": { "name": "Kadapa Bypass Road", "highway": "trunk", "ref": "NH716", "maxspeed": null }, "geometry": { "type": "LineString", "coordinates": [ [ 78.8482316, 14.4933157 ], [ 78.8480437, 14.4935399 ] ] } },
{ "type": "Feature", "properties": { "name": "Kadapa Bypass Road", "highway": "trunk", "ref": "NH716", "maxspeed": null }, "geometry": { "type": "LineString", "coordinates": [ [ 78.8116591, 14.5087775 ], [ 78.8076224, 14.50963 ], [ 78.8019863, 14.5072611 ], [ 78.795207, 14.5086203 ], [ 78.7924187, 14.5083633 ] ] } },
{ "type": "Feature", "properties": { "name": "Kadapa Bypass Road", "highway": "trunk", "ref": "NH716", "maxspeed": null }, "geometry": { "type": "LineString", "coordinates": [ [ 78.8120731, 14.5085721 ], [ 78.8116591, 14.5087775 ] ] } },
{ "type": "Feature", "properties": { "name": null, "highway": "trunk", "ref": "NH40", "maxspeed": null }, "geometry": { "type": "LineString", "coordinates": [ [ 78.791601, 14.56806 ], [ 78.7925379, 14.5654405 ] ] } },
{ "type": "Feature", "properties": { "name": null, "highway": "trunk", "ref": "NH40", "maxspeed": null }, "geometry": { "type": "LineString", "coordinates": [ [ 78.7928742, 14.5640919 ], [ 78.7924292, 14.5654073 ] ] } },
{ "type": "Feature", "properties": { "name": null, "highway": "secondary", "ref": "MDR0430", "maxspeed": null }, "geometry": { "type": "LineString", "coordinates": [ [ 78.7925379, 14.5654405 ], [ 78.7924292, 14.5654073 ] ] } },
{ "type": "Feature", "properties": { "name": null, "highway": "secondary", "ref": "MDR0214", "maxspeed": null }, "geometry": { "type": "LineString", "coordinates": [ [ 78.7330801, 14.5169034 ], [ 78.7355577, 14.5154928 ] ] } },
{ "type": "Feature", "properties": { "name": null, "highway": "secondary", "ref": "MDR0214", "maxspeed": null }, "geometry": { "type": "LineString", "coordinates": [ [ 78.7330801, 14.5169034 ], [ 78.7275269, 14.518084 ], [ 78.7253162, 14.5194549 ], [ 78.7281182, 14.5328837 ], [ 78.7355697, 14.5314371 ], [ 78.7412601, 14.5292847 ] ] } },
{ "type": "Feature", "properties": { "name": null, "highway": "secondary", "ref": "MDR0234", "maxspeed": null }, "geometry": { "type": "LineString", "coordinates": [ [ 78.7468744, 14.6057151 ], [ 78.7464032, 14.6132903 ], [ 78.7458388, 14.6135104 ], [ 78.7474713, 14.6195809 ] ] } },
{ "type": "Feature", "properties": { "name": null, "highway": "secondary", "ref": "MDR0257", "maxspeed": null }, "geometry": { "type": "LineString", "coordinates": [ [ 78.613737, 14.6838389 ], [ 78.6148369, 14.6829206 ], [ 78.6143298, 14.6820094 ] ] } },
{ "type": "Feature", "properties": { "name": null, "highway": "secondary", "ref": "MDR0281", "maxspeed": null }, "geometry": { "type": "LineString", "coordinates": [ [ 78.4649804, 14.6264592 ], [ 78.4652245, 14.6263502 ] ] } },
{ "type": "Feature", "properties": { "name": null, "highway": "secondary", "ref": "MDR0238", "maxspeed": null }, "geometry": { "type": "LineString", "coordinates": [ [ 78.7431711, 14.7803699 ], [ 78.7441796, 14.7797682 ] ] } },
{ "type": "Feature", "properties": { "name": null, "highway": "trunk", "ref": "NH716;NH544F", "maxspeed": null }, "geometry": { "type": "LineString", "coordinates": [ [ 78.7701351, 14.5260677 ], [ 78.7414082, 14.5479573 ], [ 78.7352145, 14.5543003 ] ] } },
{ "type": "Feature", "properties": { "name": null, "highway": "trunk", "ref": "NH716", "maxspeed": null }, "geometry": { "type": "LineString", "coordinates": [ [ 78.7908775, 14.5082112 ], [ 78.7916115, 14.508231 ] ] } },
{ "type": "Feature", "properties": { "name": "Proddatur - Chagalamarri Road", "highway": "primary", "ref": "SH414", "maxspeed": null }, "geometry": { "type": "LineString", "coordinates": [ [ 78.5623493, 14.7613649 ], [ 78.5644954, 14.7671795 ] ] } },
{ "type": "Feature", "properties": { "name": null, "highway": "secondary", "ref": "MDR0369", "maxspeed": null }, "geometry": { "type": "LineString", "coordinates": [ [ 78.4175205, 14.798564 ], [ 78.41842, 14.8022 ] ] } },
{ "type": "Feature", "properties": { "name": null, "highway": "secondary", "ref": "MDR0369", "maxspeed": null }, "geometry": { "type": "LineString", "coordinates": [ [ 78.41842, 14.8022 ], [ 78.4204322, 14.8062881 ] ] } },
{ "type": "Feature", "properties": { "name": null, "highway": "secondary", "ref": "MDR0326", "maxspeed": null }, "geometry": { "type": "LineString", "coordinates": [ [ 78.4582729, 14.788786 ], [ 78.4541265, 14.7807983 ] ] } },
{ "type": "Feature", "properties": { "name": null, "highway": "secondary", "ref": "MDR0326", "maxspeed": null }, "geometry": { "type": "LineString", "coordinates": [ [ 78.4541265, 14.7807983 ], [ 78.4515901, 14.7753767 ] ] } },
{ "type": "Feature", "properties": { "name": null, "highway": "secondary", "ref": "MDR06", "maxspeed": null }, "geometry": { "type": "LineString", "coordinates": [ [ 78.7563341, 14.5884971 ], [ 78.7555306, 14.5942665 ], [ 78.7561652, 14.5953467 ], [ 78.7571981, 14.5952941 ] ] } },
{ "type": "Feature", "properties": { "name": null, "highway": "secondary", "ref": "MDR0124", "maxspeed": null }, "geometry": { "type": "LineString", "coordinates": [ [ 78.8023788, 14.5073516 ], [ 78.8019186, 14.5055363 ], [ 78.8057253, 14.5050152 ] ] } },
{ "type": "Feature", "properties": { "name": null, "highway": "secondary", "ref": "MDR0240", "maxspeed": null }, "geometry": { "type": "LineString", "coordinates": [ [ 78.8514768, 14.7271776 ], [ 78.8425309, 14.7246621 ], [ 78.8385027, 14.7250938 ], [ 78.8346575, 14.7284076 ] ] } },
{ "type": "Feature", "properties": { "name": null, "highway": "trunk", "ref": null, "maxspeed": null }, "geometry": { "type": "LineString", "coordinates": [ [ 78.807341, 14.7171652 ], [ 78.8118074, 14.7129799 ] ] } },
{ "type": "Feature", "properties": { "name": "Mydukuru Main Road", "highway": "primary", "ref": null, "maxspeed": null }, "geometry": { "type": "LineString", "coordinates": [ [ 78.7409654, 14.7036535 ], [ 78.7372916, 14.7112909 ] ] } },
{ "type": "Feature", "properties": { "name": "Mydukuru Main Road", "highway": "primary", "ref": null, "maxspeed": null }, "geometry": { "type": "LineString", "coordinates": [ [ 78.7372916, 14.7112909 ], [ 78.7372391, 14.7113946 ] ] } },
{ "type": "Feature", "properties": { "name": null, "highway": "secondary", "ref": "MDR0362", "maxspeed": null }, "geometry": { "type": "LineString", "coordinates": [ [ 78.6548795, 14.8575405 ], [ 78.6538549, 14.8561588 ], [ 78.6501833, 14.8562585 ] ] } },
{ "type": "Feature", "properties": { "name": null, "highway": "secondary", "ref": "MDR0362", "maxspeed": null }, "geometry": { "type": "LineString", "coordinates": [ [ 78.6551603, 14.8576427 ], [ 78.6548795, 14.8575405 ] ] } },
{ "type": "Feature", "properties": { "name": null, "highway": "secondary", "ref": "MDR0230", "maxspeed": null }, "geometry": { "type": "LineString", "coordinates": [ [ 78.6149334, 14.8423056 ], [ 78.6177205, 14.8420343 ] ] } },
{ "type": "Feature", "properties": { "name": null, "highway": "secondary", "ref": "MDR0230", "maxspeed": null }, "geometry": { "type": "LineString", "coordinates": [ [ 78.6177205, 14.8420343 ], [ 78.620213, 14.841843 ] ] } },
{ "type": "Feature", "properties": { "name": null, "highway": "secondary", "ref": "MDR082", "maxspeed": null }, "geometry": { "type": "LineString", "coordinates": [ [ 78.5952713, 14.7518481 ], [ 78.6091529, 14.7560495 ], [ 78.6132395, 14.7593884 ], [ 78.6198227, 14.7612733 ], [ 78.6274434, 14.7617343 ] ] } },
{ "type": "Feature", "properties": { "name": null, "highway": "secondary", "ref": "MDR082", "maxspeed": null }, "geometry": { "type": "LineString", "coordinates": [ [ 78.6274434, 14.7617343 ], [ 78.6291859, 14.7622147 ] ] } },
{ "type": "Feature", "properties": { "name": "Proddatur - Duvvuru Road", "highway": "secondary", "ref": "MDR0260", "maxspeed": null }, "geometry": { "type": "LineString", "coordinates": [ [ 78.6047476, 14.790483 ], [ 78.6083203, 14.7962236 ] ] } },
{ "type": "Feature", "properties": { "name": "Proddatur - Duvvuru Road", "highway": "secondary", "ref": "MDR0260", "maxspeed": null }, "geometry": { "type": "LineString", "coordinates": [ [ 78.6027393, 14.7879953 ], [ 78.6047476, 14.790483 ] ] } },
{ "type": "Feature", "properties": { "name": null, "highway": "secondary", "ref": "MDR082", "maxspeed": null }, "geometry": { "type": "LineString", "coordinates": [ [ 78.6781597, 14.7974604 ], [ 78.6806874, 14.7985724 ], [ 78.6809803, 14.8128221 ] ] } },
{ "type": "Feature", "properties": { "name": null, "highway": "secondary", "ref": "MDR082", "maxspeed": null }, "geometry": { "type": "LineString", "coordinates": [ [ 78.6781597, 14.7971129 ], [ 78.6781597, 14.7974604 ] ] } },
{ "type": "Feature", "properties": { "name": "Badvel Road", "highway": "trunk", "ref": "NH167B", "maxspeed": null }, "geometry": { "type": "LineString", "coordinates": [ [ 78.7321601, 14.7264821 ], [ 78.7345524, 14.7260739 ] ] } },
{ "type": "Feature", "properties": { "name": null, "highway": "secondary", "ref": "MDR0465", "maxspeed": null }, "geometry": { "type": "LineString", "coordinates": [ [ 78.5419033, 14.7668232 ], [ 78.5419571, 14.7683377 ] ] } },
{ "type": "Feature", "properties": { "name": "Proddatur New Bypass", "highway": "primary", "ref": null, "maxspeed": null }, "geometry": { "type": "LineString", "coordinates": [ [ 78.5361648, 14.7676545 ], [ 78.5273133, 14.763265 ] ] } },
{ "type": "Feature", "properties": { "name": "Proddatur New Bypass", "highway": "primary", "ref": null, "maxspeed": null }, "geometry": { "type": "LineString", "coordinates": [ [ 78.5272217, 14.7633723 ], [ 78.5360086, 14.7676787 ] ] } },
{ "type": "Feature", "properties": { "name": null, "highway": "trunk", "ref": "NH716;NH544F", "maxspeed": null }, "geometry": { "type": "LineString", "coordinates": [ [ 78.7706656, 14.525583 ], [ 78.7704451, 14.5257845 ] ] } },
{ "type": "Feature", "properties": { "name": null, "highway": "trunk", "ref": "NH716;NH544F", "maxspeed": null }, "geometry": { "type": "LineString", "coordinates": [ [ 78.7704451, 14.5257845 ], [ 78.7701351, 14.5260677 ] ] } },
{ "type": "Feature", "properties": { "name": null, "highway": "trunk", "ref": "NH40", "maxspeed": null }, "geometry": { "type": "LineString", "coordinates": [ [ 78.6499475, 14.8544054 ], [ 78.6500956, 14.854185 ] ] } },
{ "type": "Feature", "properties": { "name": null, "highway": "trunk", "ref": "NH40", "maxspeed": null }, "geometry": { "type": "LineString", "coordinates": [ [ 78.6500869, 14.8540615 ], [ 78.6498569, 14.8544048 ] ] } },
{ "type": "Feature", "properties": { "name": null, "highway": "secondary", "ref": "MDR0346", "maxspeed": null }, "geometry": { "type": "LineString", "coordinates": [ [ 78.7726161, 14.5622502 ], [ 78.781605, 14.5598649 ], [ 78.7895234, 14.5600854 ] ] } },
{ "type": "Feature", "properties": { "name": null, "highway": "secondary", "ref": "MDR0346", "maxspeed": null }, "geometry": { "type": "LineString", "coordinates": [ [ 78.7724441, 14.5621616 ], [ 78.7726161, 14.5622502 ] ] } },
{ "type": "Feature", "properties": { "name": "Proddatur New Bypass", "highway": "primary", "ref": null, "maxspeed": null }, "geometry": { "type": "LineString", "coordinates": [ [ 78.5644954, 14.7671795 ], [ 78.5427425, 14.7702603 ], [ 78.5361648, 14.7676545 ] ] } },
{ "type": "Feature", "properties": { "name": "Proddatur New Bypass", "highway": "primary", "ref": null, "maxspeed": null }, "geometry": { "type": "LineString", "coordinates": [ [ 78.5360086, 14.7676787 ], [ 78.5427392, 14.7703553 ], [ 78.5645199, 14.767264 ] ] } },
{ "type": "Feature", "properties": { "name": null, "highway": "secondary", "ref": "MDR0105", "maxspeed": null }, "geometry": { "type": "LineString", "coordinates": [ [ 78.7232093, 14.5697009 ], [ 78.7291799, 14.5705409 ], [ 78.7297501, 14.5722419 ], [ 78.7316374, 14.573377 ], [ 78.7323014, 14.5753503 ], [ 78.7371371, 14.5785111 ], [ 78.7385012, 14.5805752 ], [ 78.739952, 14.5886916 ], [ 78.7332543, 14.5994087 ], [ 78.732969, 14.600739 ], [ 78.7346271, 14.601724 ] ] } },
{ "type": "Feature", "properties": { "name": null, "highway": "secondary", "ref": "MDR0105", "maxspeed": null }, "geometry": { "type": "LineString", "coordinates": [ [ 78.7346271, 14.601724 ], [ 78.7347865, 14.601788 ] ] } },
{ "type": "Feature", "properties": { "name": null, "highway": "secondary", "ref": "MDR0261", "maxspeed": null }, "geometry": { "type": "LineString", "coordinates": [ [ 78.6274625, 14.7803208 ], [ 78.6345977, 14.789658 ], [ 78.638329, 14.7967468 ], [ 78.6390437, 14.8010022 ] ] } },
{ "type": "Feature", "properties": { "name": "Proddatur - Chagalamarri Road", "highway": "primary", "ref": "SH414", "maxspeed": null }, "geometry": { "type": "LineString", "coordinates": [ [ 78.556856, 14.7556286 ], [ 78.5572639, 14.755945 ] ] } },
{ "type": "Feature", "properties": { "name": null, "highway": "primary", "ref": "SH414", "maxspeed": null }, "geometry": { "type": "LineString", "coordinates": [ [ 78.5572639, 14.755945 ], [ 78.5567113, 14.7552964 ] ] } },
{ "type": "Feature", "properties": { "name": null, "highway": "secondary", "ref": "MDR0234", "maxspeed": null }, "geometry": { "type": "LineString", "coordinates": [ [ 78.7661883, 14.6337445 ], [ 78.7629439, 14.6263574 ], [ 78.7612449, 14.6265614 ] ] } },
{ "type": "Feature", "properties": { "name": null, "highway": "secondary", "ref": "MDR0234", "maxspeed": null }, "geometry": { "type": "LineString", "coordinates": [ [ 78.7801203, 14.634739 ], [ 78.7770373, 14.6334372 ], [ 78.7710849, 14.634687 ], [ 78.767377, 14.6333417 ], [ 78.7661883, 14.6337445 ] ] } },
{ "type": "Feature", "properties": { "name": "Proddatur Mydukuru Road", "highway": "trunk", "ref": "NH67", "maxspeed": null }, "geometry": { "type": "LineString", "coordinates": [ [ 78.7125866, 14.7260423 ], [ 78.7147477, 14.7249774 ], [ 78.7161072, 14.7232705 ] ] } },
{ "type": "Feature", "properties": { "name": null, "highway": "primary", "ref": "SH57", "maxspeed": null }, "geometry": { "type": "LineString", "coordinates": [ [ 78.5194273, 14.764751 ], [ 78.5190548, 14.7648667 ] ] } },
{ "type": "Feature", "properties": { "name": null, "highway": "primary", "ref": "SH57", "maxspeed": null }, "geometry": { "type": "LineString", "coordinates": [ [ 78.5190548, 14.7648667 ], [ 78.5194529, 14.7648495 ] ] } },
{ "type": "Feature", "properties": { "name": null, "highway": "primary", "ref": "SH57", "maxspeed": null }, "geometry": { "type": "LineString", "coordinates": [ [ 78.5266029, 14.7634139 ], [ 78.5270532, 14.7633248 ] ] } },
{ "type": "Feature", "properties": { "name": null, "highway": "primary", "ref": null, "maxspeed": null }, "geometry": { "type": "LineString", "coordinates": [ [ 78.5270245, 14.763248 ], [ 78.5265926, 14.7632839 ] ] } },
{ "type": "Feature", "properties": { "name": null, "highway": "secondary", "ref": "MDR0259", "maxspeed": null }, "geometry": { "type": "LineString", "coordinates": [ [ 78.5280188, 14.7705012 ], [ 78.5279914, 14.7703939 ] ] } },
{ "type": "Feature", "properties": { "name": null, "highway": "secondary", "ref": "MDR0259", "maxspeed": null }, "geometry": { "type": "LineString", "coordinates": [ [ 78.5280238, 14.7705208 ], [ 78.5280188, 14.7705012 ] ] } },
{ "type": "Feature", "properties": { "name": "Thermal(RTPP) Road", "highway": "secondary", "ref": "MDR0229", "maxspeed": null }, "geometry": { "type": "LineString", "coordinates": [ [ 78.5067404, 14.7082983 ], [ 78.5064984, 14.7074147 ], [ 78.5072057, 14.7069215 ], [ 78.5093193, 14.7076531 ], [ 78.513609, 14.7075416 ] ] } },
{ "type": "Feature", "properties": { "name": null, "highway": "primary", "ref": null, "maxspeed": null }, "geometry": { "type": "LineString", "coordinates": [ [ 78.5267037, 14.7629679 ], [ 78.5270251, 14.7632259 ] ] } },
{ "type": "Feature", "properties": { "name": null, "highway": "secondary", "ref": "MDR0259", "maxspeed": null }, "geometry": { "type": "LineString", "coordinates": [ [ 78.5673495, 14.763695 ], [ 78.5675213, 14.7636869 ] ] } },
{ "type": "Feature", "properties": { "name": null, "highway": "secondary", "ref": "MDR0250", "maxspeed": null }, "geometry": { "type": "LineString", "coordinates": [ [ 78.5275588, 14.8290426 ], [ 78.5300565, 14.8286775 ], [ 78.5293527, 14.8277275 ] ] } },
{ "type": "Feature", "properties": { "name": null, "highway": "trunk", "ref": "NH40", "maxspeed": null }, "geometry": { "type": "LineString", "coordinates": [ [ 78.7925379, 14.5654405 ], [ 78.7937423, 14.5620361 ] ] } },
{ "type": "Feature", "properties": { "name": null, "highway": "trunk", "ref": "NH40", "maxspeed": null }, "geometry": { "type": "LineString", "coordinates": [ [ 78.7937423, 14.5620361 ], [ 78.7938598, 14.5616859 ] ] } },
{ "type": "Feature", "properties": { "name": null, "highway": "trunk", "ref": "NH40", "maxspeed": null }, "geometry": { "type": "LineString", "coordinates": [ [ 78.7936401, 14.5619957 ], [ 78.7928742, 14.5640919 ] ] } },
{ "type": "Feature", "properties": { "name": null, "highway": "trunk", "ref": "NH40", "maxspeed": null }, "geometry": { "type": "LineString", "coordinates": [ [ 78.7937692, 14.5616409 ], [ 78.7936401, 14.5619957 ] ] } },
{ "type": "Feature", "properties": { "name": null, "highway": "secondary", "ref": "MDR0105", "maxspeed": null }, "geometry": { "type": "LineString", "coordinates": [ [ 78.7347865, 14.601788 ], [ 78.7381229, 14.6003365 ], [ 78.7407207, 14.5979749 ], [ 78.7462163, 14.5958106 ], [ 78.7523917, 14.5904306 ], [ 78.7563341, 14.5884971 ] ] } },
{ "type": "Feature", "properties": { "name": null, "highway": "secondary", "ref": "MDR06", "maxspeed": null }, "geometry": { "type": "LineString", "coordinates": [ [ 78.7938223, 14.5438412 ], [ 78.7845147, 14.5472861 ], [ 78.7815696, 14.5469953 ] ] } },
{ "type": "Feature", "properties": { "name": null, "highway": "secondary", "ref": "MDR0124", "maxspeed": null }, "geometry": { "type": "LineString", "coordinates": [ [ 78.8061056, 14.5044174 ], [ 78.8057253, 14.5050152 ] ] } },
{ "type": "Feature", "properties": { "name": null, "highway": "secondary", "ref": "MDR0234", "maxspeed": null }, "geometry": { "type": "LineString", "coordinates": [ [ 78.7612449, 14.6265614 ], [ 78.7590128, 14.6212788 ], [ 78.7558414, 14.618671 ], [ 78.7558028, 14.6156562 ], [ 78.7572672, 14.6099342 ] ] } },
{ "type": "Feature", "properties": { "name": null, "highway": "secondary", "ref": "MDR0235", "maxspeed": null }, "geometry": { "type": "LineString", "coordinates": [ [ 78.7474713, 14.6195809 ], [ 78.7493604, 14.6214066 ], [ 78.7506926, 14.6216738 ], [ 78.7549015, 14.628483 ], [ 78.7554292, 14.6315882 ] ] } },
{ "type": "Feature", "properties": { "name": null, "highway": "secondary", "ref": "MDR0226", "maxspeed": null }, "geometry": { "type": "LineString", "coordinates": [ [ 78.6477762, 14.5563363 ], [ 78.6486198, 14.5535013 ], [ 78.6484686, 14.547976 ], [ 78.6476916, 14.5469904 ], [ 78.6446424, 14.5471392 ], [ 78.6428189, 14.5451978 ], [ 78.6366154, 14.5459067 ], [ 78.6360739, 14.5479344 ], [ 78.6350622, 14.548265 ], [ 78.632982, 14.5521722 ] ] } },
{ "type": "Feature", "properties": { "name": null, "highway": "secondary", "ref": "MDR0225", "maxspeed": null }, "geometry": { "type": "LineString", "coordinates": [ [ 78.6272341, 14.5537794 ], [ 78.6318443, 14.554129 ] ] } },
{ "type": "Feature", "properties": { "name": null, "highway": "secondary", "ref": "MDR0225", "maxspeed": null }, "geometry": { "type": "LineString", "coordinates": [ [ 78.6272341, 14.5537794 ], [ 78.6275787, 14.554373 ] ] } },
{ "type": "Feature", "properties": { "name": "Thermal(RTPP) Road", "highway": "secondary", "ref": "MDR0228", "maxspeed": null }, "geometry": { "type": "LineString", "coordinates": [ [ 78.5678048, 14.6858831 ], [ 78.572368, 14.6825516 ], [ 78.5775627, 14.6772248 ], [ 78.5888902, 14.6722847 ], [ 78.6046584, 14.6638436 ], [ 78.6083343, 14.6640308 ], [ 78.6095271, 14.6621235 ] ] } },
{ "type": "Feature", "properties": { "name": null, "highway": "secondary", "ref": "MDR0228", "maxspeed": null }, "geometry": { "type": "LineString", "coordinates": [ [ 78.6559275, 14.6181566 ], [ 78.6469709, 14.6303288 ], [ 78.6449209, 14.6360346 ] ] } },
{ "type": "Feature", "properties": { "name": null, "highway": "secondary", "ref": "MDR0228", "maxspeed": null }, "geometry": { "type": "LineString", "coordinates": [ [ 78.6561819, 14.6177797 ], [ 78.6559275, 14.6181566 ] ] } },
{ "type": "Feature", "properties": { "name": null, "highway": "secondary", "ref": "MDR075", "maxspeed": null }, "geometry": { "type": "LineString", "coordinates": [ [ 78.427971, 14.4927173 ], [ 78.4279232, 14.497598 ] ] } },
{ "type": "Feature", "properties": { "name": null, "highway": "secondary", "ref": "MDR075", "maxspeed": null }, "geometry": { "type": "LineString", "coordinates": [ [ 78.4408821, 14.5465585 ], [ 78.4409594, 14.5441459 ], [ 78.440001, 14.5438827 ], [ 78.4396818, 14.5423328 ], [ 78.440487, 14.5361979 ] ] } },
{ "type": "Feature", "properties": { "name": null, "highway": "secondary", "ref": "MDR0281", "maxspeed": null }, "geometry": { "type": "LineString", "coordinates": [ [ 78.5089875, 14.6072398 ], [ 78.5134484, 14.6056723 ], [ 78.5135625, 14.6043844 ], [ 78.5171625, 14.6025321 ], [ 78.5209873, 14.598858 ] ] } },
{ "type": "Feature", "properties": { "name": null, "highway": "secondary", "ref": "MDR0413", "maxspeed": null }, "geometry": { "type": "LineString", "coordinates": [ [ 78.4076221, 14.6429094 ], [ 78.4086111, 14.6432747 ] ] } },
{ "type": "Feature", "properties": { "name": "Thermal(RTPP) Road", "highway": "secondary", "ref": "MDR0222", "maxspeed": null }, "geometry": { "type": "LineString", "coordinates": [ [ 78.4523335, 14.7512483 ], [ 78.4527821, 14.7550225 ], [ 78.450267, 14.757441 ] ] } },
{ "type": "Feature", "properties": { "name": null, "highway": "secondary", "ref": "MDR070", "maxspeed": null }, "geometry": { "type": "LineString", "coordinates": [ [ 78.3956047, 14.8569683 ], [ 78.407389, 14.8657698 ], [ 78.4385551, 14.8782962 ], [ 78.44477, 14.8816551 ], [ 78.4674916, 14.889139 ], [ 78.4833047, 14.895364 ], [ 78.4860536, 14.8947106 ] ] } },
{ "type": "Feature", "properties": { "name": null, "highway": "secondary", "ref": "MDR0283", "maxspeed": null }, "geometry": { "type": "LineString", "coordinates": [ [ 78.4493465, 14.801716 ], [ 78.4524667, 14.8159234 ], [ 78.4513423, 14.8221673 ], [ 78.452265, 14.8276726 ], [ 78.4517586, 14.8323854 ], [ 78.4529988, 14.8393673 ], [ 78.4523422, 14.8394544 ] ] } },
{ "type": "Feature", "properties": { "name": null, "highway": "secondary", "ref": "MDR0259", "maxspeed": null }, "geometry": { "type": "LineString", "coordinates": [ [ 78.5369355, 14.7690595 ], [ 78.5386378, 14.7688706 ] ] } },
{ "type": "Feature", "properties": { "name": null, "highway": "secondary", "ref": "MDR0259", "maxspeed": null }, "geometry": { "type": "LineString", "coordinates": [ [ 78.5687445, 14.762643 ], [ 78.5689425, 14.7633492 ] ] } },
{ "type": "Feature", "properties": { "name": null, "highway": "secondary", "ref": "MDR0259", "maxspeed": null }, "geometry": { "type": "LineString", "coordinates": [ [ 78.5675213, 14.7636869 ], [ 78.5689425, 14.7633492 ] ] } },
{ "type": "Feature", "properties": { "name": null, "highway": "secondary", "ref": "MDR0349", "maxspeed": null }, "geometry": { "type": "LineString", "coordinates": [ [ 78.6716819, 14.7259118 ], [ 78.6702423, 14.7348158 ] ] } },
{ "type": "Feature", "properties": { "name": null, "highway": "secondary", "ref": "MDR0262", "maxspeed": null }, "geometry": { "type": "LineString", "coordinates": [ [ 78.7011957, 14.7350593 ], [ 78.7041796, 14.7345944 ] ] } },
{ "type": "Feature", "properties": { "name": null, "highway": "secondary", "ref": "MDR064", "maxspeed": null }, "geometry": { "type": "LineString", "coordinates": [ [ 78.6777392, 14.7191315 ], [ 78.6796086, 14.7143741 ], [ 78.6803591, 14.7071605 ] ] } },
{ "type": "Feature", "properties": { "name": null, "highway": "secondary", "ref": "MDR0221", "maxspeed": null }, "geometry": { "type": "LineString", "coordinates": [ [ 78.6789805, 14.6290231 ], [ 78.6813317, 14.6392561 ], [ 78.6782775, 14.6400348 ], [ 78.6786369, 14.6432631 ], [ 78.6804393, 14.643533 ], [ 78.6806915, 14.6476228 ], [ 78.6695793, 14.6491562 ], [ 78.6696193, 14.6551534 ], [ 78.6675486, 14.6551379 ], [ 78.6656121, 14.6569647 ], [ 78.6562252, 14.6593682 ] ] } },
{ "type": "Feature", "properties": { "name": null, "highway": "secondary", "ref": "MDR0257", "maxspeed": null }, "geometry": { "type": "LineString", "coordinates": [ [ 78.614113, 14.6841236 ], [ 78.6192477, 14.6902031 ], [ 78.6210823, 14.6956814 ], [ 78.6264414, 14.7008391 ] ] } },
{ "type": "Feature", "properties": { "name": null, "highway": "secondary", "ref": "MDR0364", "maxspeed": null }, "geometry": { "type": "LineString", "coordinates": [ [ 78.5948438, 14.7302074 ], [ 78.5931414, 14.7138044 ], [ 78.5978981, 14.7123256 ], [ 78.5976114, 14.7102272 ], [ 78.5981488, 14.7101373 ] ] } },
{ "type": "Feature", "properties": { "name": null, "highway": "secondary", "ref": "MDR0240", "maxspeed": null }, "geometry": { "type": "LineString", "coordinates": [ [ 78.8346575, 14.7284076 ], [ 78.8339871, 14.7348612 ], [ 78.8328364, 14.7350539 ], [ 78.8321252, 14.7368108 ], [ 78.8225113, 14.7352188 ] ] } },
{ "type": "Feature", "properties": { "name": null, "highway": "secondary", "ref": "MDR0239", "maxspeed": null }, "geometry": { "type": "LineString", "coordinates": [ [ 78.7235573, 14.8365829 ], [ 78.7245076, 14.8340655 ], [ 78.7260681, 14.8339037 ], [ 78.7299815, 14.8290192 ], [ 78.7383475, 14.8286402 ] ] } },
{ "type": "Feature", "properties": { "name": "Proddatur - Chagalamarri Road", "highway": "trunk", "ref": "NH440", "maxspeed": null }, "geometry": { "type": "LineString", "coordinates": [ [ 78.5644954, 14.7671795 ], [ 78.5667607, 14.7747569 ] ] } },
{ "type": "Feature", "properties": { "name": "Proddatur - Chagalamarri Road", "highway": "trunk", "ref": "NH440", "maxspeed": null }, "geometry": { "type": "LineString", "coordinates": [ [ 78.5667607, 14.7747569 ], [ 78.566843, 14.7750422 ] ] } },
{ "type": "Feature", "properties": { "name": null, "highway": "secondary", "ref": "MDR0249", "maxspeed": null }, "geometry": { "type": "LineString", "coordinates": [ [ 78.57746, 14.8248891 ], [ 78.5770416, 14.8252412 ] ] } },
{ "type": "Feature", "properties": { "name": null, "highway": "secondary", "ref": "MDR0249", "maxspeed": null }, "geometry": { "type": "LineString", "coordinates": [ [ 78.5770416, 14.8252412 ], [ 78.5768109, 14.82525 ] ] } },
{ "type": "Feature", "properties": { "name": null, "highway": "secondary", "ref": "MDR081", "maxspeed": null }, "geometry": { "type": "LineString", "coordinates": [ [ 78.6005847, 14.7975057 ], [ 78.6083673, 14.7962691 ] ] } },
{ "type": "Feature", "properties": { "name": null, "highway": "secondary", "ref": "MDR081", "maxspeed": null }, "geometry": { "type": "LineString", "coordinates": [ [ 78.6001593, 14.7975441 ], [ 78.6005847, 14.7975057 ] ] } },
{ "type": "Feature", "properties": { "name": null, "highway": "primary", "ref": null, "maxspeed": null }, "geometry": { "type": "LineString", "coordinates": [ [ 78.3957671, 14.8560523 ], [ 78.4001423, 14.8321342 ], [ 78.40458, 14.8238354 ] ] } },
{ "type": "Feature", "properties": { "name": null, "highway": "primary", "ref": null, "maxspeed": null }, "geometry": { "type": "LineString", "coordinates": [ [ 78.3957042, 14.8564074 ], [ 78.3957671, 14.8560523 ] ] } },
{ "type": "Feature", "properties": { "name": null, "highway": "secondary", "ref": "MDR070", "maxspeed": null }, "geometry": { "type": "LineString", "coordinates": [ [ 78.3952526, 14.856734 ], [ 78.3956047, 14.8569683 ] ] } },
{ "type": "Feature", "properties": { "name": null, "highway": "secondary", "ref": "MDR070", "maxspeed": null }, "geometry": { "type": "LineString", "coordinates": [ [ 78.3950816, 14.8565448 ], [ 78.3952526, 14.856734 ] ] } },
{ "type": "Feature", "properties": { "name": null, "highway": "secondary", "ref": "MDR0269", "maxspeed": null }, "geometry": { "type": "LineString", "coordinates": [ [ 78.4818031, 14.792244 ], [ 78.4795229, 14.7784972 ] ] } },
{ "type": "Feature", "properties": { "name": null, "highway": "secondary", "ref": "MDR0269", "maxspeed": null }, "geometry": { "type": "LineString", "coordinates": [ [ 78.4818851, 14.792534 ], [ 78.4818031, 14.792244 ] ] } },
{ "type": "Feature", "properties": { "name": null, "highway": "secondary", "ref": "MDR071", "maxspeed": null }, "geometry": { "type": "LineString", "coordinates": [ [ 78.5399837, 14.80925 ], [ 78.5448052, 14.7957813 ], [ 78.5455833, 14.7845822 ], [ 78.5490873, 14.7646276 ], [ 78.5446253, 14.7592167 ] ] } },
{ "type": "Feature", "properties": { "name": null, "highway": "secondary", "ref": "MDR071", "maxspeed": null }, "geometry": { "type": "LineString", "coordinates": [ [ 78.539899, 14.8094992 ], [ 78.5399837, 14.80925 ] ] } },
{ "type": "Feature", "properties": { "name": null, "highway": "secondary", "ref": "MDR0365", "maxspeed": null }, "geometry": { "type": "LineString", "coordinates": [ [ 78.5293799, 14.8103918 ], [ 78.529203, 14.8177854 ] ] } },
{ "type": "Feature", "properties": { "name": null, "highway": "secondary", "ref": "MDR0365", "maxspeed": null }, "geometry": { "type": "LineString", "coordinates": [ [ 78.5294199, 14.8101667 ], [ 78.5293799, 14.8103918 ] ] } },
{ "type": "Feature", "properties": { "name": "Proddatur - Duvvuru Road", "highway": "secondary", "ref": "MDR0260", "maxspeed": null }, "geometry": { "type": "LineString", "coordinates": [ [ 78.5623493, 14.7613649 ], [ 78.5663373, 14.7634988 ] ] } },
{ "type": "Feature", "properties": { "name": "Proddatur - Duvvuru Road", "highway": "secondary", "ref": "MDR0260", "maxspeed": null }, "geometry": { "type": "LineString", "coordinates": [ [ 78.5663373, 14.7634988 ], [ 78.5665789, 14.7636181 ] ] } },
{ "type": "Feature", "properties": { "name": null, "highway": "secondary", "ref": "MDR0350", "maxspeed": null }, "geometry": { "type": "LineString", "coordinates": [ [ 78.6421852, 14.7041995 ], [ 78.6473109, 14.7026252 ], [ 78.6483511, 14.7072997 ], [ 78.650227, 14.7089746 ], [ 78.6508735, 14.7117826 ], [ 78.6544779, 14.711659 ] ] } },
{ "type": "Feature", "properties": { "name": null, "highway": "secondary", "ref": "MDR0350", "maxspeed": null }, "geometry": { "type": "LineString", "coordinates": [ [ 78.641925, 14.7041715 ], [ 78.6421852, 14.7041995 ] ] } },
{ "type": "Feature", "properties": { "name": null, "highway": "secondary", "ref": "MDR0378", "maxspeed": null }, "geometry": { "type": "LineString", "coordinates": [ [ 78.6210036, 14.7099169 ], [ 78.6200691, 14.7130761 ], [ 78.6223305, 14.713002 ] ] } },
{ "type": "Feature", "properties": { "name": null, "highway": "secondary", "ref": "MDR0378", "maxspeed": null }, "geometry": { "type": "LineString", "coordinates": [ [ 78.6223305, 14.713002 ], [ 78.6226059, 14.7129934 ] ] } },
{ "type": "Feature", "properties": { "name": "Morrayapalle Road", "highway": "secondary", "ref": "MDR042", "maxspeed": null }, "geometry": { "type": "LineString", "coordinates": [ [ 78.7043283, 14.7474854 ], [ 78.7036933, 14.7514839 ], [ 78.7010805, 14.7517688 ], [ 78.7011405, 14.7560767 ] ] } },
{ "type": "Feature", "properties": { "name": "Morrayapalle Road", "highway": "secondary", "ref": "MDR042", "maxspeed": null }, "geometry": { "type": "LineString", "coordinates": [ [ 78.7041798, 14.7470584 ], [ 78.7043283, 14.7474854 ] ] } },
{ "type": "Feature", "properties": { "name": null, "highway": "trunk", "ref": "NH40", "maxspeed": null }, "geometry": { "type": "LineString", "coordinates": [ [ 78.7155264, 14.7593307 ], [ 78.7173625, 14.7531537 ] ] } },
{ "type": "Feature", "properties": { "name": null, "highway": "trunk", "ref": "NH40", "maxspeed": null }, "geometry": { "type": "LineString", "coordinates": [ [ 78.7173625, 14.7531537 ], [ 78.7175277, 14.7527325 ] ] } },
{ "type": "Feature", "properties": { "name": null, "highway": "secondary", "ref": "MDR0238", "maxspeed": null }, "geometry": { "type": "LineString", "coordinates": [ [ 78.7398237, 14.7748825 ], [ 78.7396735, 14.7735752 ], [ 78.7365889, 14.7705197 ], [ 78.7360364, 14.7656175 ], [ 78.7343413, 14.7642998 ], [ 78.7340408, 14.7626294 ] ] } },
{ "type": "Feature", "properties": { "name": null, "highway": "secondary", "ref": "MDR0238", "maxspeed": null }, "geometry": { "type": "LineString", "coordinates": [ [ 78.7340408, 14.7626294 ], [ 78.7341312, 14.7622274 ] ] } },
{ "type": "Feature", "properties": { "name": null, "highway": "secondary", "ref": "MDR0232", "maxspeed": null }, "geometry": { "type": "LineString", "coordinates": [ [ 78.7175422, 14.6542046 ], [ 78.7180865, 14.6548828 ] ] } },
{ "type": "Feature", "properties": { "name": null, "highway": "secondary", "ref": "MDR0232", "maxspeed": null }, "geometry": { "type": "LineString", "coordinates": [ [ 78.7173127, 14.6542 ], [ 78.7175422, 14.6542046 ] ] } },
{ "type": "Feature", "properties": { "name": null, "highway": "secondary", "ref": "MDR0234", "maxspeed": null }, "geometry": { "type": "LineString", "coordinates": [ [ 78.7322073, 14.6092732 ], [ 78.7341924, 14.6090616 ], [ 78.7346276, 14.6097903 ] ] } },
{ "type": "Feature", "properties": { "name": null, "highway": "secondary", "ref": "MDR0234", "maxspeed": null }, "geometry": { "type": "LineString", "coordinates": [ [ 78.7320185, 14.6092781 ], [ 78.7322073, 14.6092732 ] ] } },
{ "type": "Feature", "properties": { "name": null, "highway": "secondary", "ref": "MDR0124", "maxspeed": null }, "geometry": { "type": "LineString", "coordinates": [ [ 78.8382822, 14.5085199 ], [ 78.8419461, 14.5143844 ], [ 78.8454598, 14.5289093 ], [ 78.8429975, 14.5292936 ], [ 78.8390161, 14.5332056 ] ] } },
{ "type": "Feature", "properties": { "name": null, "highway": "secondary", "ref": "MDR0124", "maxspeed": null }, "geometry": { "type": "LineString", "coordinates": [ [ 78.8390161, 14.5332056 ], [ 78.8386704, 14.5335062 ] ] } },
{ "type": "Feature", "properties": { "name": null, "highway": "secondary", "ref": "MDR0283", "maxspeed": null }, "geometry": { "type": "LineString", "coordinates": [ [ 78.4523422, 14.8394544 ], [ 78.451887, 14.8442479 ] ] } },
{ "type": "Feature", "properties": { "name": null, "highway": "secondary", "ref": "MDR0283", "maxspeed": null }, "geometry": { "type": "LineString", "coordinates": [ [ 78.451887, 14.8442479 ], [ 78.451943, 14.8444834 ] ] } },
{ "type": "Feature", "properties": { "name": null, "highway": "secondary", "ref": "MDR0227", "maxspeed": null }, "geometry": { "type": "LineString", "coordinates": [ [ 78.6323503, 14.6093672 ], [ 78.6323462, 14.6106261 ] ] } },
{ "type": "Feature", "properties": { "name": null, "highway": "secondary", "ref": "MDR0227", "maxspeed": null }, "geometry": { "type": "LineString", "coordinates": [ [ 78.6323462, 14.6106261 ], [ 78.6323722, 14.6109001 ] ] } },
{ "type": "Feature", "properties": { "name": "Jammalamadugu Road", "highway": "primary", "ref": "SH317", "maxspeed": null }, "geometry": { "type": "LineString", "coordinates": [ [ 78.5503283, 14.7551981 ], [ 78.5462562, 14.7572039 ] ] } },
{ "type": "Feature", "properties": { "name": null, "highway": "primary", "ref": "SH317", "maxspeed": null }, "geometry": { "type": "LineString", "coordinates": [ [ 78.546199, 14.7572896 ], [ 78.5518899, 14.7547747 ], [ 78.5542307, 14.7526358 ] ] } },
{ "type": "Feature", "properties": { "name": "Proddatur Mydukuru Road", "highway": "trunk", "ref": "NH167B", "maxspeed": null }, "geometry": { "type": "LineString", "coordinates": [ [ 78.7222733, 14.727338 ], [ 78.7160674, 14.7271578 ], [ 78.7124777, 14.7260631 ] ] } },
{ "type": "Feature", "properties": { "name": "Proddatur Mydukuru Road", "highway": "trunk", "ref": "NH67", "maxspeed": null }, "geometry": { "type": "LineString", "coordinates": [ [ 78.7430108, 14.7176509 ], [ 78.7578615, 14.7219046 ] ] } },
{ "type": "Feature", "properties": { "name": "Proddatur Mydukuru Road", "highway": "trunk", "ref": "NH67", "maxspeed": null }, "geometry": { "type": "LineString", "coordinates": [ [ 78.7428631, 14.7175804 ], [ 78.7430108, 14.7176509 ] ] } },
{ "type": "Feature", "properties": { "name": "Proddatur Mydukuru Road", "highway": "trunk", "ref": "NH67", "maxspeed": null }, "geometry": { "type": "LineString", "coordinates": [ [ 78.7578549, 14.7218022 ], [ 78.7430844, 14.7175561 ] ] } },
{ "type": "Feature", "properties": { "name": "Proddatur Mydukuru Road", "highway": "trunk", "ref": "NH67", "maxspeed": null }, "geometry": { "type": "LineString", "coordinates": [ [ 78.7430844, 14.7175561 ], [ 78.742911, 14.7174706 ] ] } },
{ "type": "Feature", "properties": { "name": "Proddatur Mydukuru Road", "highway": "trunk", "ref": "NH67", "maxspeed": null }, "geometry": { "type": "LineString", "coordinates": [ [ 78.7359687, 14.7140594 ], [ 78.7428631, 14.7175804 ] ] } },
{ "type": "Feature", "properties": { "name": "Proddatur Mydukuru Road", "highway": "trunk", "ref": "NH67", "maxspeed": null }, "geometry": { "type": "LineString", "coordinates": [ [ 78.742911, 14.7174706 ], [ 78.7360636, 14.7139434 ] ] } },
{ "type": "Feature", "properties": { "name": "Proddatur Mydukuru Road", "highway": "trunk", "ref": "NH67", "maxspeed": null }, "geometry": { "type": "LineString", "coordinates": [ [ 78.7360636, 14.7139434 ], [ 78.7358621, 14.7138561 ] ] } },
{ "type": "Feature", "properties": { "name": "Proddatur Mydukuru Road", "highway": "trunk", "ref": "NH67", "maxspeed": null }, "geometry": { "type": "LineString", "coordinates": [ [ 78.735793, 14.7139871 ], [ 78.7359687, 14.7140594 ] ] } },
{ "type": "Feature", "properties": { "name": "Proddatur Mydukuru Road", "highway": "trunk", "ref": "NH67", "maxspeed": null }, "geometry": { "type": "LineString", "coordinates": [ [ 78.7315223, 14.7127756 ], [ 78.7270186, 14.7131254 ] ] } },
{ "type": "Feature", "properties": { "name": "Proddatur Mydukuru Road", "highway": "trunk", "ref": "NH67", "maxspeed": null }, "geometry": { "type": "LineString", "coordinates": [ [ 78.7270334, 14.7132277 ], [ 78.7315053, 14.712879 ] ] } },
{ "type": "Feature", "properties": { "name": "Proddatur Mydukuru Road", "highway": "trunk", "ref": "NH67", "maxspeed": null }, "geometry": { "type": "LineString", "coordinates": [ [ 78.7266793, 14.7133221 ], [ 78.7270334, 14.7132277 ] ] } },
{ "type": "Feature", "properties": { "name": "Proddatur Mydukuru Road", "highway": "trunk", "ref": "NH67", "maxspeed": null }, "geometry": { "type": "LineString", "coordinates": [ [ 78.7270186, 14.7131254 ], [ 78.7266316, 14.7132128 ] ] } },
{ "type": "Feature", "properties": { "name": "Proddatur Mydukuru Road", "highway": "trunk", "ref": "NH67", "maxspeed": null }, "geometry": { "type": "LineString", "coordinates": [ [ 78.7266316, 14.7132128 ], [ 78.7227218, 14.7149376 ], [ 78.7188239, 14.7186516 ] ] } },
{ "type": "Feature", "properties": { "name": "Proddatur Mydukuru Road", "highway": "trunk", "ref": "NH67", "maxspeed": null }, "geometry": { "type": "LineString", "coordinates": [ [ 78.7189221, 14.7187048 ], [ 78.7228024, 14.7150158 ], [ 78.7266793, 14.7133221 ] ] } },
{ "type": "Feature", "properties": { "name": "Proddatur Mydukuru Road", "highway": "trunk", "ref": "NH67", "maxspeed": null }, "geometry": { "type": "LineString", "coordinates": [ [ 78.7188239, 14.7186516 ], [ 78.717459, 14.7208132 ] ] } },
{ "type": "Feature", "properties": { "name": "Proddatur Mydukuru Road", "highway": "trunk", "ref": "NH67", "maxspeed": null }, "geometry": { "type": "LineString", "coordinates": [ [ 78.71756, 14.7208661 ], [ 78.7189221, 14.7187048 ] ] } },
{ "type": "Feature", "properties": { "name": null, "highway": "trunk", "ref": null, "maxspeed": null }, "geometry": { "type": "LineString", "coordinates": [ [ 78.8117467, 14.712889 ], [ 78.8073468, 14.7170442 ] ] } },
{ "type": "Feature", "properties": { "name": null, "highway": "trunk", "ref": null, "maxspeed": null }, "geometry": { "type": "LineString", "coordinates": [ [ 78.821678, 14.7139184 ], [ 78.8180717, 14.7136062 ] ] } },
{ "type": "Feature", "properties": { "name": null, "highway": "trunk", "ref": null, "maxspeed": null }, "geometry": { "type": "LineString", "coordinates": [ [ 78.8180263, 14.7137104 ], [ 78.8216351, 14.7140559 ] ] } },
{ "type": "Feature", "properties": { "name": null, "highway": "trunk", "ref": null, "maxspeed": null }, "geometry": { "type": "LineString", "coordinates": [ [ 78.8153909, 14.7125814 ], [ 78.8180263, 14.7137104 ] ] } },
{ "type": "Feature", "properties": { "name": null, "highway": "trunk", "ref": null, "maxspeed": null }, "geometry": { "type": "LineString", "coordinates": [ [ 78.8180717, 14.7136062 ], [ 78.8153616, 14.7124657 ] ] } },
{ "type": "Feature", "properties": { "name": null, "highway": "trunk", "ref": null, "maxspeed": null }, "geometry": { "type": "LineString", "coordinates": [ [ 78.8153616, 14.7124657 ], [ 78.8117467, 14.712889 ] ] } },
{ "type": "Feature", "properties": { "name": null, "highway": "trunk", "ref": null, "maxspeed": null }, "geometry": { "type": "LineString", "coordinates": [ [ 78.8118074, 14.7129799 ], [ 78.8153909, 14.7125814 ] ] } },
{ "type": "Feature", "properties": { "name": null, "highway": "trunk", "ref": null, "maxspeed": null }, "geometry": { "type": "LineString", "coordinates": [ [ 78.8069434, 14.7171822 ], [ 78.8064503, 14.7173318 ] ] } },
{ "type": "Feature", "properties": { "name": null, "highway": "trunk", "ref": null, "maxspeed": null }, "geometry": { "type": "LineString", "coordinates": [ [ 78.8065159, 14.7174281 ], [ 78.8069646, 14.7172989 ] ] } },
{ "type": "Feature", "properties": { "name": null, "highway": "trunk", "ref": null, "maxspeed": null }, "geometry": { "type": "LineString", "coordinates": [ [ 78.8069646, 14.7172989 ], [ 78.807341, 14.7171652 ] ] } },
{ "type": "Feature", "properties": { "name": null, "highway": "trunk", "ref": null, "maxspeed": null }, "geometry": { "type": "LineString", "coordinates": [ [ 78.8073468, 14.7170442 ], [ 78.8069434, 14.7171822 ] ] } },
{ "type": "Feature", "properties": { "name": null, "highway": "trunk", "ref": "NH67;NH544F", "maxspeed": null }, "geometry": { "type": "LineString", "coordinates": [ [ 78.525551, 14.6408381 ], [ 78.5247217, 14.6408167 ] ] } },
{ "type": "Feature", "properties": { "name": null, "highway": "trunk", "ref": "NH67;NH544F", "maxspeed": null }, "geometry": { "type": "LineString", "coordinates": [ [ 78.525551, 14.6408381 ], [ 78.534813, 14.6401491 ], [ 78.5406498, 14.6375611 ] ] } },
{ "type": "Feature", "properties": { "name": "Mydukuru Road", "highway": "trunk", "ref": "NH67", "maxspeed": null }, "geometry": { "type": "LineString", "coordinates": [ [ 78.6698207, 14.7263367 ], [ 78.6714247, 14.7261603 ], [ 78.6757296, 14.723465 ], [ 78.6805509, 14.7226816 ], [ 78.7114767, 14.7261558 ] ] } },
{ "type": "Feature", "properties": { "name": "Mydukuru Road", "highway": "trunk", "ref": "NH167B", "maxspeed": null }, "geometry": { "type": "LineString", "coordinates": [ [ 78.7123437, 14.7258615 ], [ 78.7161519, 14.7272421 ], [ 78.7229258, 14.7274055 ] ] } },
{ "type": "Feature", "properties": { "name": "Proddatur Mydukuru Road", "highway": "trunk", "ref": "NH67", "maxspeed": null }, "geometry": { "type": "LineString", "coordinates": [ [ 78.7124777, 14.7260631 ], [ 78.7124558, 14.7259774 ] ] } },
{ "type": "Feature", "properties": { "name": null, "highway": "trunk", "ref": "NH67", "maxspeed": null }, "geometry": { "type": "LineString", "coordinates": [ [ 78.7588931, 14.7217829 ], [ 78.758094, 14.7218033 ] ] } },
{ "type": "Feature", "properties": { "name": null, "highway": "trunk", "ref": "NH67", "maxspeed": null }, "geometry": { "type": "LineString", "coordinates": [ [ 78.8065159, 14.7174281 ], [ 78.8064503, 14.7173318 ] ] } },
{ "type": "Feature", "properties": { "name": null, "highway": "trunk", "ref": "NH67", "maxspeed": null }, "geometry": { "type": "LineString", "coordinates": [ [ 78.7589117, 14.7218571 ], [ 78.7702249, 14.7199671 ] ] } },
{ "type": "Feature", "properties": { "name": null, "highway": "trunk", "ref": "NH67", "maxspeed": null }, "geometry": { "type": "LineString", "coordinates": [ [ 78.8066241, 14.7175123 ], [ 78.8068444, 14.7175243 ] ] } },
{ "type": "Feature", "properties": { "name": null, "highway": "trunk", "ref": "NH67", "maxspeed": null }, "geometry": { "type": "LineString", "coordinates": [ [ 78.8064503, 14.7173318 ], [ 78.7990683, 14.7188682 ], [ 78.7710738, 14.7197623 ] ] } },
{ "type": "Feature", "properties": { "name": null, "highway": "trunk", "ref": "NH40", "maxspeed": null }, "geometry": { "type": "LineString", "coordinates": [ [ 78.7519472, 14.6824572 ], [ 78.7520729, 14.6822041 ] ] } },
{ "type": "Feature", "properties": { "name": null, "highway": "trunk", "ref": "NH40", "maxspeed": null }, "geometry": { "type": "LineString", "coordinates": [ [ 78.7520729, 14.6822041 ], [ 78.7602291, 14.6688493 ], [ 78.7647173, 14.6658752 ] ] } },
{ "type": "Feature", "properties": { "name": null, "highway": "trunk", "ref": "NH40", "maxspeed": null }, "geometry": { "type": "LineString", "coordinates": [ [ 78.7519903, 14.6821132 ], [ 78.7518533, 14.6823895 ] ] } },
{ "type": "Feature", "properties": { "name": null, "highway": "trunk", "ref": "NH40", "maxspeed": null }, "geometry": { "type": "LineString", "coordinates": [ [ 78.7646885, 14.6657628 ], [ 78.7601616, 14.6687595 ], [ 78.7519903, 14.6821132 ] ] } },
{ "type": "Feature", "properties": { "name": null, "highway": "trunk", "ref": "NH40", "maxspeed": null }, "geometry": { "type": "LineString", "coordinates": [ [ 78.7647751, 14.6657149 ], [ 78.7646885, 14.6657628 ] ] } },
{ "type": "Feature", "properties": { "name": null, "highway": "trunk", "ref": "NH40", "maxspeed": null }, "geometry": { "type": "LineString", "coordinates": [ [ 78.7739561, 14.6580895 ], [ 78.7647751, 14.6657149 ] ] } },
{ "type": "Feature", "properties": { "name": null, "highway": "trunk", "ref": "NH40", "maxspeed": null }, "geometry": { "type": "LineString", "coordinates": [ [ 78.7647173, 14.6658752 ], [ 78.7648043, 14.665831 ] ] } },
{ "type": "Feature", "properties": { "name": null, "highway": "trunk", "ref": "NH40", "maxspeed": null }, "geometry": { "type": "LineString", "coordinates": [ [ 78.7648043, 14.665831 ], [ 78.7740031, 14.6582063 ] ] } },
{ "type": "Feature", "properties": { "name": null, "highway": "trunk", "ref": "NH40", "maxspeed": null }, "geometry": { "type": "LineString", "coordinates": [ [ 78.7740031, 14.6582063 ], [ 78.7746992, 14.6577658 ] ] } },
{ "type": "Feature", "properties": { "name": null, "highway": "trunk", "ref": "NH40", "maxspeed": null }, "geometry": { "type": "LineString", "coordinates": [ [ 78.7746992, 14.6577658 ], [ 78.7762643, 14.6567931 ] ] } },
{ "type": "Feature", "properties": { "name": null, "highway": "trunk", "ref": "NH40", "maxspeed": null }, "geometry": { "type": "LineString", "coordinates": [ [ 78.7747345, 14.6576006 ], [ 78.7739561, 14.6580895 ] ] } },
{ "type": "Feature", "properties": { "name": null, "highway": "trunk", "ref": "NH40", "maxspeed": null }, "geometry": { "type": "LineString", "coordinates": [ [ 78.7761686, 14.6567167 ], [ 78.7747345, 14.6576006 ] ] } },
{ "type": "Feature", "properties": { "name": null, "highway": "trunk", "ref": "NH40", "maxspeed": null }, "geometry": { "type": "LineString", "coordinates": [ [ 78.7775546, 14.6560042 ], [ 78.7793132, 14.6549136 ] ] } },
{ "type": "Feature", "properties": { "name": null, "highway": "trunk", "ref": "NH40", "maxspeed": null }, "geometry": { "type": "LineString", "coordinates": [ [ 78.7792391, 14.6548171 ], [ 78.7775275, 14.6558799 ] ] } },
{ "type": "Feature", "properties": { "name": null, "highway": "trunk", "ref": "NH40", "maxspeed": null }, "geometry": { "type": "LineString", "coordinates": [ [ 78.7762643, 14.6567931 ], [ 78.7773568, 14.656124 ] ] } },
{ "type": "Feature", "properties": { "name": null, "highway": "trunk", "ref": "NH40", "maxspeed": null }, "geometry": { "type": "LineString", "coordinates": [ [ 78.7773284, 14.656008 ], [ 78.7761686, 14.6567167 ] ] } },
{ "type": "Feature", "properties": { "name": null, "highway": "trunk", "ref": "NH40", "maxspeed": null }, "geometry": { "type": "LineString", "coordinates": [ [ 78.7773568, 14.656124 ], [ 78.7775546, 14.6560042 ] ] } },
{ "type": "Feature", "properties": { "name": null, "highway": "trunk", "ref": "NH40", "maxspeed": null }, "geometry": { "type": "LineString", "coordinates": [ [ 78.7793132, 14.6549136 ], [ 78.7814494, 14.6528609 ], [ 78.7819665, 14.6502722 ], [ 78.7776174, 14.6434771 ] ] } },
{ "type": "Feature", "properties": { "name": null, "highway": "trunk", "ref": "NH40", "maxspeed": null }, "geometry": { "type": "LineString", "coordinates": [ [ 78.7775275, 14.6558799 ], [ 78.7773284, 14.656008 ] ] } },
{ "type": "Feature", "properties": { "name": null, "highway": "trunk", "ref": "NH40", "maxspeed": null }, "geometry": { "type": "LineString", "coordinates": [ [ 78.7775034, 14.6435251 ], [ 78.7817913, 14.649865 ], [ 78.781334, 14.652822 ], [ 78.7792391, 14.6548171 ] ] } },
{ "type": "Feature", "properties": { "name": null, "highway": "trunk", "ref": "NH40", "maxspeed": null }, "geometry": { "type": "LineString", "coordinates": [ [ 78.7772512, 14.6400126 ], [ 78.7772275, 14.6401037 ] ] } },
{ "type": "Feature", "properties": { "name": null, "highway": "trunk", "ref": "NH40", "maxspeed": null }, "geometry": { "type": "LineString", "coordinates": [ [ 78.7773449, 14.6401283 ], [ 78.7773679, 14.6400373 ] ] } },
{ "type": "Feature", "properties": { "name": null, "highway": "trunk", "ref": "NH40", "maxspeed": null }, "geometry": { "type": "LineString", "coordinates": [ [ 78.777524, 14.6432748 ], [ 78.7773449, 14.6401283 ] ] } },
{ "type": "Feature", "properties": { "name": null, "highway": "trunk", "ref": "NH40", "maxspeed": null }, "geometry": { "type": "LineString", "coordinates": [ [ 78.7772275, 14.6401037 ], [ 78.7774033, 14.6433164 ] ] } },
{ "type": "Feature", "properties": { "name": null, "highway": "trunk", "ref": "NH40", "maxspeed": null }, "geometry": { "type": "LineString", "coordinates": [ [ 78.7773679, 14.6400373 ], [ 78.780866, 14.6333913 ], [ 78.7830112, 14.6257626 ] ] } },
{ "type": "Feature", "properties": { "name": null, "highway": "trunk", "ref": "NH40", "maxspeed": null }, "geometry": { "type": "LineString", "coordinates": [ [ 78.7776174, 14.6434771 ], [ 78.777524, 14.6432748 ] ] } },
{ "type": "Feature", "properties": { "name": null, "highway": "trunk", "ref": "NH40", "maxspeed": null }, "geometry": { "type": "LineString", "coordinates": [ [ 78.7774033, 14.6433164 ], [ 78.7775034, 14.6435251 ] ] } },
{ "type": "Feature", "properties": { "name": null, "highway": "trunk", "ref": "NH40", "maxspeed": null }, "geometry": { "type": "LineString", "coordinates": [ [ 78.7829018, 14.6257444 ], [ 78.7807185, 14.6334289 ], [ 78.7772512, 14.6400126 ] ] } },
{ "type": "Feature", "properties": { "name": null, "highway": "trunk", "ref": "NH40", "maxspeed": null }, "geometry": { "type": "LineString", "coordinates": [ [ 78.7830541, 14.625102 ], [ 78.7829018, 14.6257444 ] ] } },
{ "type": "Feature", "properties": { "name": null, "highway": "trunk", "ref": "NH40", "maxspeed": null }, "geometry": { "type": "LineString", "coordinates": [ [ 78.7830112, 14.6257626 ], [ 78.7831685, 14.6251218 ] ] } },
{ "type": "Feature", "properties": { "name": null, "highway": "trunk", "ref": "NH40", "maxspeed": null }, "geometry": { "type": "LineString", "coordinates": [ [ 78.7835488, 14.6225586 ], [ 78.7830541, 14.625102 ] ] } },
{ "type": "Feature", "properties": { "name": null, "highway": "trunk", "ref": "NH40", "maxspeed": null }, "geometry": { "type": "LineString", "coordinates": [ [ 78.7831685, 14.6251218 ], [ 78.7836644, 14.6225805 ] ] } },
{ "type": "Feature", "properties": { "name": null, "highway": "trunk", "ref": "NH40", "maxspeed": null }, "geometry": { "type": "LineString", "coordinates": [ [ 78.7836644, 14.6225805 ], [ 78.7857442, 14.6132658 ], [ 78.7875925, 14.6094568 ] ] } },
{ "type": "Feature", "properties": { "name": null, "highway": "trunk", "ref": "NH40", "maxspeed": null }, "geometry": { "type": "LineString", "coordinates": [ [ 78.7875106, 14.609348 ], [ 78.7856316, 14.6132749 ], [ 78.7835488, 14.6225586 ] ] } },
{ "type": "Feature", "properties": { "name": null, "highway": "trunk", "ref": "NH40", "maxspeed": null }, "geometry": { "type": "LineString", "coordinates": [ [ 78.7877561, 14.6088235 ], [ 78.7875106, 14.609348 ] ] } },
{ "type": "Feature", "properties": { "name": null, "highway": "trunk", "ref": "NH40", "maxspeed": null }, "geometry": { "type": "LineString", "coordinates": [ [ 78.7969948, 14.5806828 ], [ 78.7877561, 14.6088235 ] ] } },
{ "type": "Feature", "properties": { "name": null, "highway": "trunk", "ref": "NH40", "maxspeed": null }, "geometry": { "type": "LineString", "coordinates": [ [ 78.7878162, 14.6090053 ], [ 78.7972134, 14.5806127 ] ] } },
{ "type": "Feature", "properties": { "name": null, "highway": "trunk", "ref": "NH40", "maxspeed": null }, "geometry": { "type": "LineString", "coordinates": [ [ 78.7875925, 14.6094568 ], [ 78.7878162, 14.6090053 ] ] } },
{ "type": "Feature", "properties": { "name": null, "highway": "trunk", "ref": "NH40", "maxspeed": null }, "geometry": { "type": "LineString", "coordinates": [ [ 78.7903832, 14.5160231 ], [ 78.7917769, 14.5111047 ] ] } },
{ "type": "Feature", "properties": { "name": null, "highway": "trunk", "ref": "NH40", "maxspeed": null }, "geometry": { "type": "LineString", "coordinates": [ [ 78.7917168, 14.5108623 ], [ 78.7902685, 14.5159905 ] ] } },
{ "type": "Feature", "properties": { "name": null, "highway": "trunk", "ref": "NH40", "maxspeed": null }, "geometry": { "type": "LineString", "coordinates": [ [ 78.7921282, 14.5084928 ], [ 78.7917168, 14.5108623 ] ] } },
{ "type": "Feature", "properties": { "name": null, "highway": "trunk", "ref": "NH40", "maxspeed": null }, "geometry": { "type": "LineString", "coordinates": [ [ 78.7917769, 14.5111047 ], [ 78.7922928, 14.5084889 ] ] } },
{ "type": "Feature", "properties": { "name": null, "highway": "trunk", "ref": "NH716;NH544F", "maxspeed": null }, "geometry": { "type": "LineString", "coordinates": [ [ 78.5407354, 14.6375005 ], [ 78.5485273, 14.6309297 ] ] } },
{ "type": "Feature", "properties": { "name": null, "highway": "trunk", "ref": "NH716;NH544F", "maxspeed": null }, "geometry": { "type": "LineString", "coordinates": [ [ 78.5485273, 14.6309297 ], [ 78.5464378, 14.6319871 ], [ 78.5407148, 14.6374577 ] ] } },
{ "type": "Feature", "properties": { "name": "Yerraguntla - Vempalle Road", "highway": "trunk", "ref": "NH440", "maxspeed": null }, "geometry": { "type": "LineString", "coordinates": [ [ 78.4778353, 14.4887917 ], [ 78.4778521, 14.4889332 ] ] } },
{ "type": "Feature", "properties": { "name": null, "highway": "trunk", "ref": "NH40", "maxspeed": null }, "geometry": { "type": "LineString", "coordinates": [ [ 78.6809975, 14.813166 ], [ 78.6811241, 14.8130885 ] ] } },
{ "type": "Feature", "properties": { "name": null, "highway": "trunk", "ref": "NH40", "maxspeed": null }, "geometry": { "type": "LineString", "coordinates": [ [ 78.6794559, 14.8140882 ], [ 78.6809975, 14.813166 ] ] } },
{ "type": "Feature", "properties": { "name": null, "highway": "trunk", "ref": "NH40", "maxspeed": null }, "geometry": { "type": "LineString", "coordinates": [ [ 78.6810977, 14.8129682 ], [ 78.680964, 14.813053 ] ] } },
{ "type": "Feature", "properties": { "name": null, "highway": "trunk", "ref": "NH40", "maxspeed": null }, "geometry": { "type": "LineString", "coordinates": [ [ 78.680964, 14.813053 ], [ 78.6793769, 14.813981 ] ] } },
{ "type": "Feature", "properties": { "name": null, "highway": "trunk", "ref": "NH40", "maxspeed": null }, "geometry": { "type": "LineString", "coordinates": [ [ 78.718282, 14.7510774 ], [ 78.7183652, 14.7509035 ] ] } },
{ "type": "Feature", "properties": { "name": null, "highway": "trunk", "ref": "NH40", "maxspeed": null }, "geometry": { "type": "LineString", "coordinates": [ [ 78.7175277, 14.7527325 ], [ 78.718282, 14.7510774 ] ] } },
{ "type": "Feature", "properties": { "name": null, "highway": "trunk", "ref": "NH40", "maxspeed": null }, "geometry": { "type": "LineString", "coordinates": [ [ 78.718261, 14.7508649 ], [ 78.7181757, 14.7510421 ] ] } },
{ "type": "Feature", "properties": { "name": null, "highway": "trunk", "ref": "NH40", "maxspeed": null }, "geometry": { "type": "LineString", "coordinates": [ [ 78.7181757, 14.7510421 ], [ 78.7173855, 14.7527368 ] ] } },
{ "type": "Feature", "properties": { "name": null, "highway": "trunk", "ref": "NH40", "maxspeed": null }, "geometry": { "type": "LineString", "coordinates": [ [ 78.7173855, 14.7527368 ], [ 78.7172414, 14.7530969 ] ] } },
{ "type": "Feature", "properties": { "name": null, "highway": "trunk", "ref": "NH40", "maxspeed": null }, "geometry": { "type": "LineString", "coordinates": [ [ 78.7172414, 14.7530969 ], [ 78.7154327, 14.7592781 ] ] } },
{ "type": "Feature", "properties": { "name": null, "highway": "trunk", "ref": "NH40", "maxspeed": null }, "geometry": { "type": "LineString", "coordinates": [ [ 78.722756, 14.7271658 ], [ 78.7256353, 14.7230553 ] ] } },
{ "type": "Feature", "properties": { "name": null, "highway": "trunk", "ref": "NH40", "maxspeed": null }, "geometry": { "type": "LineString", "coordinates": [ [ 78.7255112, 14.7230203 ], [ 78.7226466, 14.7271437 ] ] } },
{ "type": "Feature", "properties": { "name": null, "highway": "trunk", "ref": "NH40", "maxspeed": null }, "geometry": { "type": "LineString", "coordinates": [ [ 78.7223885, 14.728363 ], [ 78.7224178, 14.7282128 ] ] } },
{ "type": "Feature", "properties": { "name": null, "highway": "trunk", "ref": "NH40", "maxspeed": null }, "geometry": { "type": "LineString", "coordinates": [ [ 78.7224178, 14.7282128 ], [ 78.7225602, 14.7276638 ] ] } },
{ "type": "Feature", "properties": { "name": null, "highway": "trunk", "ref": "NH40", "maxspeed": null }, "geometry": { "type": "LineString", "coordinates": [ [ 78.7223084, 14.7281777 ], [ 78.7222752, 14.7283396 ] ] } },
{ "type": "Feature", "properties": { "name": null, "highway": "trunk", "ref": "NH40", "maxspeed": null }, "geometry": { "type": "LineString", "coordinates": [ [ 78.7224535, 14.7276365 ], [ 78.7223084, 14.7281777 ] ] } },
{ "type": "Feature", "properties": { "name": null, "highway": "trunk", "ref": "NH67", "maxspeed": null }, "geometry": { "type": "LineString", "coordinates": [ [ 78.7580987, 14.7219057 ], [ 78.7589117, 14.7218571 ] ] } },
{ "type": "Feature", "properties": { "name": "Badvel Road", "highway": "primary", "ref": null, "maxspeed": null }, "geometry": { "type": "LineString", "coordinates": [ [ 78.7579032, 14.7217944 ], [ 78.7432594, 14.7246902 ] ] } },
{ "type": "Feature", "properties": { "name": "Badvel Road", "highway": "primary", "ref": null, "maxspeed": null }, "geometry": { "type": "LineString", "coordinates": [ [ 78.7432721, 14.7247564 ], [ 78.7580269, 14.7217929 ] ] } },
{ "type": "Feature", "properties": { "name": null, "highway": "trunk", "ref": "NH67", "maxspeed": null }, "geometry": { "type": "LineString", "coordinates": [ [ 78.8062524, 14.7174991 ], [ 78.8065159, 14.7174281 ] ] } },
{ "type": "Feature", "properties": { "name": null, "highway": "trunk", "ref": "NH67", "maxspeed": null }, "geometry": { "type": "LineString", "coordinates": [ [ 78.8062524, 14.7174991 ], [ 78.8066241, 14.7175123 ] ] } },
{ "type": "Feature", "properties": { "name": null, "highway": "trunk", "ref": "NH67", "maxspeed": null }, "geometry": { "type": "LineString", "coordinates": [ [ 78.8066241, 14.7175123 ], [ 78.8065159, 14.7174281 ] ] } },
{ "type": "Feature", "properties": { "name": null, "highway": "trunk", "ref": "NH67", "maxspeed": null }, "geometry": { "type": "LineString", "coordinates": [ [ 78.8216351, 14.7140559 ], [ 78.8223124, 14.7138082 ] ] } },
{ "type": "Feature", "properties": { "name": null, "highway": "trunk", "ref": "NH67", "maxspeed": null }, "geometry": { "type": "LineString", "coordinates": [ [ 78.8223124, 14.7138082 ], [ 78.821678, 14.7139184 ] ] } },
{ "type": "Feature", "properties": { "name": null, "highway": "trunk", "ref": "NH67", "maxspeed": null }, "geometry": { "type": "LineString", "coordinates": [ [ 78.8073279, 14.71755 ], [ 78.821678, 14.7139184 ] ] } },
{ "type": "Feature", "properties": { "name": "Proddatur Mydukuru Road", "highway": "trunk", "ref": "NH67", "maxspeed": null }, "geometry": { "type": "LineString", "coordinates": [ [ 78.7319665, 14.7128355 ], [ 78.7315223, 14.7127756 ] ] } },
{ "type": "Feature", "properties": { "name": "Proddatur Mydukuru Road", "highway": "trunk", "ref": "NH67", "maxspeed": null }, "geometry": { "type": "LineString", "coordinates": [ [ 78.7358621, 14.7138561 ], [ 78.7319665, 14.7128355 ] ] } },
{ "type": "Feature", "properties": { "name": "Proddatur Mydukuru Road", "highway": "trunk", "ref": "NH67", "maxspeed": null }, "geometry": { "type": "LineString", "coordinates": [ [ 78.7319239, 14.7129361 ], [ 78.735793, 14.7139871 ] ] } },
{ "type": "Feature", "properties": { "name": "Proddatur Mydukuru Road", "highway": "trunk", "ref": "NH67", "maxspeed": null }, "geometry": { "type": "LineString", "coordinates": [ [ 78.7315053, 14.712879 ], [ 78.7319239, 14.7129361 ] ] } },
{ "type": "Feature", "properties": { "name": "Badvel Road", "highway": "trunk", "ref": "NH167B", "maxspeed": null }, "geometry": { "type": "LineString", "coordinates": [ [ 78.7358325, 14.7258073 ], [ 78.7345367, 14.7260309 ] ] } },
{ "type": "Feature", "properties": { "name": "Badvel Road", "highway": "trunk", "ref": "NH167B", "maxspeed": null }, "geometry": { "type": "LineString", "coordinates": [ [ 78.7345367, 14.7260309 ], [ 78.7321699, 14.7264339 ] ] } },
{ "type": "Feature", "properties": { "name": "Badvel Road", "highway": "primary", "ref": null, "maxspeed": null }, "geometry": { "type": "LineString", "coordinates": [ [ 78.7432594, 14.7246902 ], [ 78.7430626, 14.7247221 ] ] } },
{ "type": "Feature", "properties": { "name": "Badvel Road", "highway": "primary", "ref": null, "maxspeed": null }, "geometry": { "type": "LineString", "coordinates": [ [ 78.7430626, 14.7247221 ], [ 78.7358325, 14.7258073 ] ] } },
{ "type": "Feature", "properties": { "name": "Badvel Road", "highway": "trunk", "ref": "NH167B", "maxspeed": null }, "geometry": { "type": "LineString", "coordinates": [ [ 78.7345524, 14.7260739 ], [ 78.7358574, 14.7258563 ] ] } },
{ "type": "Feature", "properties": { "name": null, "highway": "trunk", "ref": "NH67", "maxspeed": null }, "geometry": { "type": "LineString", "coordinates": [ [ 78.7702179, 14.7198673 ], [ 78.7588931, 14.7217829 ] ] } },
{ "type": "Feature", "properties": { "name": null, "highway": "trunk", "ref": "NH67", "maxspeed": null }, "geometry": { "type": "LineString", "coordinates": [ [ 78.7710738, 14.7197623 ], [ 78.7702179, 14.7198673 ] ] } },
{ "type": "Feature", "properties": { "name": null, "highway": "trunk", "ref": "NH67", "maxspeed": null }, "geometry": { "type": "LineString", "coordinates": [ [ 78.7702249, 14.7199671 ], [ 78.7710964, 14.7198697 ] ] } },
{ "type": "Feature", "properties": { "name": null, "highway": "trunk", "ref": "NH67", "maxspeed": null }, "geometry": { "type": "LineString", "coordinates": [ [ 78.758094, 14.7218033 ], [ 78.7578549, 14.7218022 ] ] } },
{ "type": "Feature", "properties": { "name": null, "highway": "trunk", "ref": "NH67", "maxspeed": null }, "geometry": { "type": "LineString", "coordinates": [ [ 78.7578615, 14.7219046 ], [ 78.7580987, 14.7219057 ] ] } },
{ "type": "Feature", "properties": { "name": "Proddatur Mydukuru Road", "highway": "trunk", "ref": "NH67", "maxspeed": null }, "geometry": { "type": "LineString", "coordinates": [ [ 78.717459, 14.7208132 ], [ 78.7159981, 14.7232057 ] ] } },
{ "type": "Feature", "properties": { "name": "Proddatur Mydukuru Road", "highway": "trunk", "ref": "NH67", "maxspeed": null }, "geometry": { "type": "LineString", "coordinates": [ [ 78.7161072, 14.7232705 ], [ 78.71756, 14.7208661 ] ] } },
{ "type": "Feature", "properties": { "name": "Proddatur Mydukuru Road", "highway": "trunk", "ref": "NH67", "maxspeed": null }, "geometry": { "type": "LineString", "coordinates": [ [ 78.7125713, 14.725948 ], [ 78.7123067, 14.7259958 ] ] } },
{ "type": "Feature", "properties": { "name": "Proddatur Mydukuru Road", "highway": "trunk", "ref": "NH67", "maxspeed": null }, "geometry": { "type": "LineString", "coordinates": [ [ 78.7159981, 14.7232057 ], [ 78.7125713, 14.725948 ] ] } },
{ "type": "Feature", "properties": { "name": "Proddatur Mydukuru Road", "highway": "trunk", "ref": "NH67", "maxspeed": null }, "geometry": { "type": "LineString", "coordinates": [ [ 78.7123444, 14.7260864 ], [ 78.7125866, 14.7260423 ] ] } },
{ "type": "Feature", "properties": { "name": "Proddatur Mydukuru Road", "highway": "trunk", "ref": "NH67", "maxspeed": null }, "geometry": { "type": "LineString", "coordinates": [ [ 78.7114767, 14.7261558 ], [ 78.7123444, 14.7260864 ] ] } },
{ "type": "Feature", "properties": { "name": "Proddatur - Chagalamarri Road", "highway": "trunk", "ref": "NH440", "maxspeed": null }, "geometry": { "type": "LineString", "coordinates": [ [ 78.5737385, 14.9489052 ], [ 78.5717457, 14.9478376 ], [ 78.5686182, 14.9489882 ], [ 78.5614407, 14.94394 ], [ 78.5580772, 14.9395966 ], [ 78.5523533, 14.9406125 ], [ 78.5423702, 14.9440022 ], [ 78.5407737, 14.9433341 ], [ 78.5369084, 14.9386747 ] ] } },
{ "type": "Feature", "properties": { "name": null, "highway": "trunk", "ref": "NH40", "maxspeed": null }, "geometry": { "type": "LineString", "coordinates": [ [ 78.605578, 14.9384803 ], [ 78.605573, 14.9389301 ] ] } },
{ "type": "Feature", "properties": { "name": null, "highway": "trunk", "ref": "NH40", "maxspeed": null }, "geometry": { "type": "LineString", "coordinates": [ [ 78.6204282, 14.9062327 ], [ 78.624542, 14.9001309 ], [ 78.6283504, 14.8914327 ], [ 78.6316294, 14.8863619 ] ] } },
{ "type": "Feature", "properties": { "name": null, "highway": "trunk", "ref": "NH40", "maxspeed": null }, "geometry": { "type": "LineString", "coordinates": [ [ 78.605573, 14.9389301 ], [ 78.6050238, 14.9408469 ], [ 78.6012405, 14.9462696 ], [ 78.5987355, 14.9484115 ] ] } },
{ "type": "Feature", "properties": { "name": null, "highway": "secondary", "ref": "MDR0267", "maxspeed": null }, "geometry": { "type": "LineString", "coordinates": [ [ 78.386578, 14.8535355 ], [ 78.3899669, 14.8575017 ], [ 78.3979386, 14.8702565 ], [ 78.4008501, 14.8767308 ], [ 78.4142706, 14.8906161 ], [ 78.4160784, 14.897502 ], [ 78.4209654, 14.9049955 ], [ 78.4257115, 14.9104942 ], [ 78.4331024, 14.9155834 ] ] } },
{ "type": "Feature", "properties": { "name": null, "highway": "trunk", "ref": "NH40", "maxspeed": null }, "geometry": { "type": "LineString", "coordinates": [ [ 78.6333538, 14.8837849 ], [ 78.6332139, 14.8840696 ] ] } },
{ "type": "Feature", "properties": { "name": null, "highway": "trunk", "ref": "NH40", "maxspeed": null }, "geometry": { "type": "LineString", "coordinates": [ [ 78.5987355, 14.9484115 ], [ 78.5946143, 14.9501075 ], [ 78.5839994, 14.9602137 ] ] } },
{ "type": "Feature", "properties": { "name": null, "highway": "trunk", "ref": "NH40", "maxspeed": null }, "geometry": { "type": "LineString", "coordinates": [ [ 78.5840619, 14.9603081 ], [ 78.5944957, 14.9503586 ], [ 78.5982667, 14.9487918 ] ] } },
{ "type": "Feature", "properties": { "name": "Proddatur - Chagalamarri Road", "highway": "trunk", "ref": "NH440", "maxspeed": null }, "geometry": { "type": "LineString", "coordinates": [ [ 78.5644503, 14.888651 ], [ 78.5622453, 14.8888845 ] ] } },
{ "type": "Feature", "properties": { "name": null, "highway": "trunk", "ref": "NH40", "maxspeed": null }, "geometry": { "type": "LineString", "coordinates": [ [ 78.6133478, 14.9253456 ], [ 78.6107287, 14.931663 ], [ 78.6074706, 14.9351472 ] ] } },
{ "type": "Feature", "properties": { "name": null, "highway": "trunk", "ref": "NH40", "maxspeed": null }, "geometry": { "type": "LineString", "coordinates": [ [ 78.6177125, 14.9137396 ], [ 78.6133478, 14.9253456 ] ] } },
{ "type": "Feature", "properties": { "name": null, "highway": "trunk", "ref": "NH40", "maxspeed": null }, "geometry": { "type": "LineString", "coordinates": [ [ 78.6060696, 14.9367237 ], [ 78.605578, 14.9384803 ] ] } },
{ "type": "Feature", "properties": { "name": null, "highway": "trunk", "ref": "NH40", "maxspeed": null }, "geometry": { "type": "LineString", "coordinates": [ [ 78.6083525, 14.934449 ], [ 78.6108345, 14.9317198 ], [ 78.6134599, 14.9253884 ] ] } },
{ "type": "Feature", "properties": { "name": null, "highway": "trunk", "ref": "NH40", "maxspeed": null }, "geometry": { "type": "LineString", "coordinates": [ [ 78.5982667, 14.9487918 ], [ 78.6013572, 14.9463214 ], [ 78.6059357, 14.9386964 ] ] } },
{ "type": "Feature", "properties": { "name": null, "highway": "trunk", "ref": "NH40", "maxspeed": null }, "geometry": { "type": "LineString", "coordinates": [ [ 78.6134599, 14.9253884 ], [ 78.6155306, 14.9203803 ] ] } },
{ "type": "Feature", "properties": { "name": null, "highway": "trunk", "ref": "NH40", "maxspeed": null }, "geometry": { "type": "LineString", "coordinates": [ [ 78.6332139, 14.8840696 ], [ 78.6281364, 14.891575 ], [ 78.6252503, 14.8985788 ], [ 78.6198323, 14.9071808 ], [ 78.6183523, 14.9115045 ] ] } },
{ "type": "Feature", "properties": { "name": null, "highway": "trunk", "ref": "NH40", "maxspeed": null }, "geometry": { "type": "LineString", "coordinates": [ [ 78.6155306, 14.9203803 ], [ 78.6184187, 14.9116777 ] ] } },
{ "type": "Feature", "properties": { "name": "Koilakuntla - Jammalamadugu Road", "highway": "trunk", "ref": "NH167K", "maxspeed": null }, "geometry": { "type": "LineString", "coordinates": [ [ 78.3471527, 15.1357504 ], [ 78.3472899, 15.1296892 ], [ 78.3482984, 15.1252978 ], [ 78.3606532, 15.0981327 ], [ 78.364567, 15.0848725 ], [ 78.3726815, 15.0733106 ], [ 78.3814141, 15.0577332 ], [ 78.3857886, 15.0540743 ], [ 78.3888296, 15.0381029 ], [ 78.390725, 15.011036 ], [ 78.3911139, 14.9881965 ], [ 78.3953476, 14.9874617 ], [ 78.3962763, 14.9864464 ] ] } },
{ "type": "Feature", "properties": { "name": "Gundlakunta - Peddamudiyam - Suddapalle Road", "highway": "primary", "ref": "SH408", "maxspeed": null }, "geometry": { "type": "LineString", "coordinates": [ [ 78.4121262, 14.9583437 ], [ 78.4174892, 14.9609577 ], [ 78.419053, 14.9606234 ], [ 78.4302995, 14.965267 ], [ 78.4328181, 14.9716206 ], [ 78.4369245, 14.9779766 ], [ 78.4401405, 14.9860328 ], [ 78.443858, 15.0013346 ], [ 78.4456873, 15.0041922 ], [ 78.4447673, 15.0064488 ], [ 78.4480879, 15.0102299 ], [ 78.4522399, 15.0113717 ], [ 78.4529105, 15.0133018 ], [ 78.4520495, 15.0165012 ], [ 78.4530392, 15.023203 ], [ 78.4581006, 15.0330909 ], [ 78.4646358, 15.051515 ], [ 78.4683104, 15.0585602 ], [ 78.4751098, 15.0683972 ], [ 78.4846981, 15.0667458 ] ] } },
{ "type": "Feature", "properties": { "name": null, "highway": "secondary", "ref": "MDR0273", "maxspeed": null }, "geometry": { "type": "LineString", "coordinates": [ [ 78.4377104, 15.023852 ], [ 78.4405589, 15.0151677 ], [ 78.4414273, 15.014783 ], [ 78.4415647, 15.0123407 ], [ 78.4433685, 15.0104559 ], [ 78.4447539, 15.0063374 ] ] } },
{ "type": "Feature", "properties": { "name": null, "highway": "secondary", "ref": "MDR", "maxspeed": null }, "geometry": { "type": "LineString", "coordinates": [ [ 78.5414153, 14.9449662 ], [ 78.5435718, 14.9438882 ] ] } },
{ "type": "Feature", "properties": { "name": null, "highway": "secondary", "ref": "MDR070", "maxspeed": null }, "geometry": { "type": "LineString", "coordinates": [ [ 78.4910131, 14.8893716 ], [ 78.5138932, 14.8893602 ], [ 78.5173988, 14.8883376 ], [ 78.5183443, 14.8893031 ], [ 78.5361636, 14.885446 ], [ 78.5410036, 14.8836068 ] ] } },
{ "type": "Feature", "properties": { "name": null, "highway": "trunk", "ref": "NH40", "maxspeed": null }, "geometry": { "type": "LineString", "coordinates": [ [ 78.6316294, 14.8863619 ], [ 78.63348, 14.8838448 ] ] } },
{ "type": "Feature", "properties": { "name": null, "highway": "trunk", "ref": "NH40", "maxspeed": null }, "geometry": { "type": "LineString", "coordinates": [ [ 78.6059357, 14.9386964 ], [ 78.6059813, 14.9382636 ] ] } },
{ "type": "Feature", "properties": { "name": null, "highway": "trunk", "ref": "NH40", "maxspeed": null }, "geometry": { "type": "LineString", "coordinates": [ [ 78.6059813, 14.9382636 ], [ 78.607316, 14.9354659 ] ] } },
{ "type": "Feature", "properties": { "name": null, "highway": "secondary", "ref": "MDR0351", "maxspeed": null }, "geometry": { "type": "LineString", "coordinates": [ [ 78.5831343, 14.9460804 ], [ 78.584042, 14.948633 ], [ 78.5871737, 14.9529373 ], [ 78.5898292, 14.9593887 ] ] } },
{ "type": "Feature", "properties": { "name": null, "highway": "secondary", "ref": "MDR0351", "maxspeed": null }, "geometry": { "type": "LineString", "coordinates": [ [ 78.5844688, 14.9266619 ], [ 78.5844232, 14.9278864 ] ] } },
{ "type": "Feature", "properties": { "name": null, "highway": "secondary", "ref": "MDR074", "maxspeed": null }, "geometry": { "type": "LineString", "coordinates": [ [ 78.6202239, 14.8942371 ], [ 78.6272486, 14.8936036 ] ] } },
{ "type": "Feature", "properties": { "name": "Kasinayana Ashramam Jyothi Main Road", "highway": "secondary", "ref": "MDR026", "maxspeed": null }, "geometry": { "type": "LineString", "coordinates": [ [ 78.7960891, 15.0622963 ], [ 78.7961267, 15.0542773 ], [ 78.799517, 15.0492264 ], [ 78.8057719, 15.0486255 ], [ 78.8102619, 15.0455949 ], [ 78.8151435, 15.0444034 ], [ 78.8218276, 15.0470454 ], [ 78.8334396, 15.0482059 ] ] } },
{ "type": "Feature", "properties": { "name": null, "highway": "trunk", "ref": "NH40", "maxspeed": null }, "geometry": { "type": "LineString", "coordinates": [ [ 78.6184187, 14.9116777 ], [ 78.6184604, 14.9115271 ] ] } },
{ "type": "Feature", "properties": { "name": null, "highway": "trunk", "ref": "NH40", "maxspeed": null }, "geometry": { "type": "LineString", "coordinates": [ [ 78.6184604, 14.9115271 ], [ 78.6204282, 14.9062327 ] ] } },
{ "type": "Feature", "properties": { "name": null, "highway": "trunk", "ref": "NH40", "maxspeed": null }, "geometry": { "type": "LineString", "coordinates": [ [ 78.6183078, 14.911648 ], [ 78.6177125, 14.9137396 ] ] } },
{ "type": "Feature", "properties": { "name": null, "highway": "trunk", "ref": "NH40", "maxspeed": null }, "geometry": { "type": "LineString", "coordinates": [ [ 78.6183523, 14.9115045 ], [ 78.6183078, 14.911648 ] ] } },
{ "type": "Feature", "properties": { "name": null, "highway": "secondary", "ref": "MDR0351", "maxspeed": null }, "geometry": { "type": "LineString", "coordinates": [ [ 78.5786115, 14.8937402 ], [ 78.5851191, 14.8988483 ], [ 78.5872864, 14.8989624 ], [ 78.5886489, 14.9023372 ], [ 78.5881908, 14.9066429 ], [ 78.5852854, 14.9079203 ], [ 78.5840516, 14.9119585 ], [ 78.5804628, 14.9170903 ], [ 78.5780649, 14.9271256 ], [ 78.5797494, 14.9280638 ], [ 78.5844936, 14.9253181 ] ] } },
{ "type": "Feature", "properties": { "name": "Chinnamdiyam road", "highway": "secondary", "ref": "MDR0267", "maxspeed": "30" }, "geometry": { "type": "LineString", "coordinates": [ [ 78.4632155, 14.9610601 ], [ 78.4670572, 14.9672295 ], [ 78.4672357, 14.9690423 ] ] } },
{ "type": "Feature", "properties": { "name": "Chinnamdiyam road", "highway": "secondary", "ref": "MDR0267", "maxspeed": "30" }, "geometry": { "type": "LineString", "coordinates": [ [ 78.4671901, 14.9692478 ], [ 78.4678724, 14.971613 ] ] } },
{ "type": "Feature", "properties": { "name": "Chinnamdiyam road", "highway": "secondary", "ref": "MDR0267", "maxspeed": "30" }, "geometry": { "type": "LineString", "coordinates": [ [ 78.4672357, 14.9690423 ], [ 78.4671901, 14.9692478 ] ] } },
{ "type": "Feature", "properties": { "name": "Proddatur - Chagalamarri Road", "highway": "trunk", "ref": "NH440", "maxspeed": null }, "geometry": { "type": "LineString", "coordinates": [ [ 78.5369084, 14.9386747 ], [ 78.5367292, 14.9384566 ] ] } },
{ "type": "Feature", "properties": { "name": "Proddatur - Chagalamarri Road", "highway": "trunk", "ref": "NH440", "maxspeed": null }, "geometry": { "type": "LineString", "coordinates": [ [ 78.5423343, 14.9186452 ], [ 78.5474087, 14.9145272 ], [ 78.5577092, 14.893639 ], [ 78.5622453, 14.8888845 ] ] } },
{ "type": "Feature", "properties": { "name": "Proddatur - Chagalamarri Road", "highway": "trunk", "ref": "NH440", "maxspeed": null }, "geometry": { "type": "LineString", "coordinates": [ [ 78.5418979, 14.9190096 ], [ 78.5423343, 14.9186452 ] ] } },
{ "type": "Feature", "properties": { "name": "Proddatur - Chagalamarri Road", "highway": "trunk", "ref": "NH440", "maxspeed": null }, "geometry": { "type": "LineString", "coordinates": [ [ 78.5342814, 14.9354745 ], [ 78.532888, 14.9328487 ], [ 78.5330758, 14.9270796 ], [ 78.5418979, 14.9190096 ] ] } },
{ "type": "Feature", "properties": { "name": "Proddatur - Chagalamarri Road", "highway": "trunk", "ref": "NH440", "maxspeed": null }, "geometry": { "type": "LineString", "coordinates": [ [ 78.5364438, 14.9381092 ], [ 78.5342814, 14.9354745 ] ] } },
{ "type": "Feature", "properties": { "name": "Proddatur - Chagalamarri Road", "highway": "trunk", "ref": "NH440", "maxspeed": null }, "geometry": { "type": "LineString", "coordinates": [ [ 78.5367292, 14.9384566 ], [ 78.5364438, 14.9381092 ] ] } },
{ "type": "Feature", "properties": { "name": "Koilakuntla - Jammalamadugu Road", "highway": "trunk", "ref": "NH167K", "maxspeed": null }, "geometry": { "type": "LineString", "coordinates": [ [ 78.4026585, 14.9211767 ], [ 78.4065228, 14.9335807 ], [ 78.4075409, 14.9407687 ], [ 78.4126939, 14.9566432 ], [ 78.4121262, 14.9583437 ], [ 78.406935, 14.963771 ], [ 78.4057862, 14.9663015 ] ] } },
{ "type": "Feature", "properties": { "name": "Koilakuntla - Jammalamadugu Road", "highway": "trunk", "ref": "NH167K", "maxspeed": null }, "geometry": { "type": "LineString", "coordinates": [ [ 78.3974909, 14.9017497 ], [ 78.3992191, 14.9114577 ], [ 78.402557, 14.9206915 ] ] } },
{ "type": "Feature", "properties": { "name": "Koilakuntla - Jammalamadugu Road", "highway": "trunk", "ref": "NH167K", "maxspeed": null }, "geometry": { "type": "LineString", "coordinates": [ [ 78.402557, 14.9206915 ], [ 78.4026585, 14.9211767 ] ] } },
{ "type": "Feature", "properties": { "name": "Rajupalem  Road", "highway": "secondary", "ref": "MDR0359", "maxspeed": null }, "geometry": { "type": "LineString", "coordinates": [ [ 78.6139772, 14.882252 ], [ 78.6085951, 14.8828276 ], [ 78.5890343, 14.8821557 ], [ 78.579372, 14.8768965 ] ] } },
{ "type": "Feature", "properties": { "name": "Gadegudur - Tangutur Road", "highway": "secondary", "ref": "MDR047", "maxspeed": null }, "geometry": { "type": "LineString", "coordinates": [ [ 78.6149324, 14.8855777 ], [ 78.6032007, 14.8915074 ], [ 78.5967917, 14.8936952 ], [ 78.5873749, 14.8994585 ] ] } },
{ "type": "Feature", "properties": { "name": null, "highway": "secondary", "ref": "MDR074", "maxspeed": null }, "geometry": { "type": "LineString", "coordinates": [ [ 78.6177186, 14.892785 ], [ 78.6202239, 14.8942371 ] ] } },
{ "type": "Feature", "properties": { "name": null, "highway": "secondary", "ref": "MDR0231", "maxspeed": null }, "geometry": { "type": "LineString", "coordinates": [ [ 78.6401937, 14.9439295 ], [ 78.6394749, 14.9411617 ], [ 78.6397957, 14.9350758 ], [ 78.6316722, 14.9247091 ] ] } },
{ "type": "Feature", "properties": { "name": null, "highway": "secondary", "ref": "MDR0254", "maxspeed": null }, "geometry": { "type": "LineString", "coordinates": [ [ 78.5181687, 14.8892996 ], [ 78.5214895, 14.8951468 ], [ 78.5251309, 14.8996102 ], [ 78.5370811, 14.9110878 ], [ 78.5378772, 14.920095 ] ] } },
{ "type": "Feature", "properties": { "name": null, "highway": "secondary", "ref": "MDR0365", "maxspeed": null }, "geometry": { "type": "LineString", "coordinates": [ [ 78.5182002, 14.889894 ], [ 78.5172024, 14.8912292 ] ] } },
{ "type": "Feature", "properties": { "name": null, "highway": "secondary", "ref": "MDR0365", "maxspeed": null }, "geometry": { "type": "LineString", "coordinates": [ [ 78.5172024, 14.8912292 ], [ 78.5114369, 14.9002575 ], [ 78.5070125, 14.909964 ], [ 78.5037219, 14.9242224 ] ] } },
{ "type": "Feature", "properties": { "name": null, "highway": "secondary", "ref": "MDR0269", "maxspeed": null }, "geometry": { "type": "LineString", "coordinates": [ [ 78.4780901, 14.9033427 ], [ 78.4751734, 14.9071635 ], [ 78.4705609, 14.9162597 ], [ 78.4691346, 14.9169459 ], [ 78.4670832, 14.9199075 ], [ 78.4648384, 14.930799 ], [ 78.4640805, 14.931011 ], [ 78.4638687, 14.9324879 ], [ 78.4625052, 14.9329337 ] ] } },
{ "type": "Feature", "properties": { "name": null, "highway": "secondary", "ref": "MDR0269", "maxspeed": null }, "geometry": { "type": "LineString", "coordinates": [ [ 78.4647456, 14.9301108 ], [ 78.4612381, 14.9303023 ], [ 78.4614506, 14.9316218 ], [ 78.4604067, 14.9323636 ], [ 78.4561406, 14.9319506 ], [ 78.4498377, 14.9338441 ], [ 78.4476303, 14.9352414 ] ] } },
{ "type": "Feature", "properties": { "name": null, "highway": "secondary", "ref": "MDR043", "maxspeed": null }, "geometry": { "type": "LineString", "coordinates": [ [ 78.4388141, 14.9381588 ], [ 78.4467297, 14.9434104 ], [ 78.4505369, 14.9497712 ], [ 78.4548758, 14.9501457 ] ] } },
{ "type": "Feature", "properties": { "name": null, "highway": "secondary", "ref": "MDR072", "maxspeed": null }, "geometry": { "type": "LineString", "coordinates": [ [ 78.461818, 14.9326478 ], [ 78.4658087, 14.9355269 ], [ 78.4663777, 14.9369322 ], [ 78.4692587, 14.9382617 ], [ 78.4711113, 14.9406385 ], [ 78.4757453, 14.9478573 ], [ 78.4773121, 14.9523838 ], [ 78.4833649, 14.9636502 ] ] } },
{ "type": "Feature", "properties": { "name": null, "highway": "secondary", "ref": "MDR0267", "maxspeed": null }, "geometry": { "type": "LineString", "coordinates": [ [ 78.4678724, 14.971613 ], [ 78.4673783, 14.9734836 ], [ 78.4679037, 14.9738315 ], [ 78.4645848, 14.976525 ], [ 78.454567, 14.9878965 ], [ 78.4486186, 14.997595 ], [ 78.4481639, 15.000537 ], [ 78.4457053, 15.0006069 ], [ 78.4449966, 15.0029645 ] ] } },
{ "type": "Feature", "properties": { "name": "Palur Bypass Road", "highway": "primary", "ref": null, "maxspeed": null }, "geometry": { "type": "LineString", "coordinates": [ [ 78.4426165, 14.9953657 ], [ 78.438816, 15.0031016 ], [ 78.4406064, 15.0173112 ], [ 78.4435001, 15.0194274 ] ] } },
{ "type": "Feature", "properties": { "name": null, "highway": "secondary", "ref": "MDR050", "maxspeed": null }, "geometry": { "type": "LineString", "coordinates": [ [ 78.4124396, 14.9551739 ], [ 78.414749, 14.9546863 ], [ 78.4190939, 14.9511336 ], [ 78.4236554, 14.9500492 ], [ 78.4253767, 14.9466463 ], [ 78.4316704, 14.9418033 ], [ 78.4382347, 14.9395613 ], [ 78.4380001, 14.9385048 ], [ 78.4388141, 14.9381588 ] ] } },
{ "type": "Feature", "properties": { "name": null, "highway": "secondary", "ref": "MDR072", "maxspeed": null }, "geometry": { "type": "LineString", "coordinates": [ [ 78.4467914, 14.8817921 ], [ 78.4509978, 14.9065424 ], [ 78.4556043, 14.9194859 ], [ 78.4595857, 14.9258019 ], [ 78.461194, 14.9304112 ] ] } },
{ "type": "Feature", "properties": { "name": null, "highway": "secondary", "ref": "MDR0275", "maxspeed": null }, "geometry": { "type": "LineString", "coordinates": [ [ 78.5198232, 14.9691663 ], [ 78.5162944, 14.9698625 ], [ 78.5155262, 14.9682456 ], [ 78.5140842, 14.9680425 ], [ 78.5013641, 14.9702398 ] ] } },
{ "type": "Feature", "properties": { "name": null, "highway": "secondary", "ref": "MDR0274", "maxspeed": null }, "geometry": { "type": "LineString", "coordinates": [ [ 78.5120347, 15.0041964 ], [ 78.5066082, 15.0050678 ], [ 78.5078917, 15.0097898 ], [ 78.5028188, 15.0112784 ], [ 78.5009254, 15.0226945 ], [ 78.5007569, 15.0302902 ], [ 78.4940254, 15.0545292 ], [ 78.491836, 15.0597582 ], [ 78.4929128, 15.0616112 ], [ 78.4926558, 15.063146 ] ] } },
{ "type": "Feature", "properties": { "name": null, "highway": "secondary", "ref": "MDR0343", "maxspeed": null }, "geometry": { "type": "LineString", "coordinates": [ [ 78.5120347, 15.0041964 ], [ 78.5066622, 14.98496 ], [ 78.5013641, 14.9702398 ] ] } },
{ "type": "Feature", "properties": { "name": null, "highway": "secondary", "ref": "MDR0343", "maxspeed": null }, "geometry": { "type": "LineString", "coordinates": [ [ 78.4884614, 14.9676653 ], [ 78.4924307, 14.968193 ], [ 78.4973285, 14.9630626 ], [ 78.5000353, 14.9626756 ], [ 78.5000922, 14.963731 ] ] } },
{ "type": "Feature", "properties": { "name": null, "highway": "secondary", "ref": "MDR0375", "maxspeed": null }, "geometry": { "type": "LineString", "coordinates": [ [ 78.4833649, 14.9636502 ], [ 78.4784172, 14.963981 ], [ 78.4733794, 14.9654383 ], [ 78.4660446, 14.9656415 ] ] } },
{ "type": "Feature", "properties": { "name": null, "highway": "secondary", "ref": "MDR0371", "maxspeed": null }, "geometry": { "type": "LineString", "coordinates": [ [ 78.4033499, 14.9945505 ], [ 78.4099152, 14.9970019 ], [ 78.4203842, 14.9988982 ], [ 78.4319502, 14.9987587 ], [ 78.4399205, 15.0003287 ] ] } },
{ "type": "Feature", "properties": { "name": null, "highway": "secondary", "ref": "MDR0371", "maxspeed": null }, "geometry": { "type": "LineString", "coordinates": [ [ 78.4399205, 15.0003287 ], [ 78.4424561, 15.0002675 ], [ 78.443547, 15.0030363 ], [ 78.4447673, 15.0029227 ] ] } },
{ "type": "Feature", "properties": { "name": "Kasinayana Ashramam Jyothi Main Road", "highway": "secondary", "ref": "MDR026", "maxspeed": null }, "geometry": { "type": "LineString", "coordinates": [ [ 78.7960891, 15.0622963 ], [ 78.7928664, 15.0618203 ] ] } },
{ "type": "Feature", "properties": { "name": null, "highway": "secondary", "ref": "MDR0363", "maxspeed": null }, "geometry": { "type": "LineString", "coordinates": [ [ 78.6856884, 14.8788718 ], [ 78.6870681, 14.8850697 ], [ 78.6864953, 14.8889655 ], [ 78.6838196, 14.8953464 ], [ 78.6834246, 14.9060667 ] ] } },
{ "type": "Feature", "properties": { "name": null, "highway": "secondary", "ref": "MDR0275", "maxspeed": null }, "geometry": { "type": "LineString", "coordinates": [ [ 78.5198232, 14.9691663 ], [ 78.5231494, 14.9613852 ], [ 78.5382074, 14.9489053 ], [ 78.542, 14.947397 ], [ 78.5414153, 14.9449662 ] ] } },
{ "type": "Feature", "properties": { "name": null, "highway": "secondary", "ref": "MDR0365", "maxspeed": null }, "geometry": { "type": "LineString", "coordinates": [ [ 78.5037219, 14.9242224 ], [ 78.5038098, 14.9272403 ], [ 78.5020552, 14.9349111 ], [ 78.4997185, 14.9373522 ] ] } },
{ "type": "Feature", "properties": { "name": null, "highway": "secondary", "ref": "MDR0365", "maxspeed": null }, "geometry": { "type": "LineString", "coordinates": [ [ 78.4997185, 14.9373522 ], [ 78.4954322, 14.9489572 ], [ 78.4923832, 14.9548916 ], [ 78.490187, 14.9570301 ], [ 78.490769, 14.9600224 ], [ 78.4858456, 14.9627167 ] ] } },
{ "type": "Feature", "properties": { "name": null, "highway": "trunk", "ref": "NH40", "maxspeed": null }, "geometry": { "type": "LineString", "coordinates": [ [ 78.6072263, 14.9353863 ], [ 78.6060696, 14.9367237 ] ] } },
{ "type": "Feature", "properties": { "name": null, "highway": "trunk", "ref": "NH40", "maxspeed": null }, "geometry": { "type": "LineString", "coordinates": [ [ 78.6074706, 14.9351472 ], [ 78.6072263, 14.9353863 ] ] } },
{ "type": "Feature", "properties": { "name": null, "highway": "trunk", "ref": "NH40", "maxspeed": null }, "geometry": { "type": "LineString", "coordinates": [ [ 78.6075533, 14.9352262 ], [ 78.6083525, 14.934449 ] ] } },
{ "type": "Feature", "properties": { "name": null, "highway": "trunk", "ref": "NH40", "maxspeed": null }, "geometry": { "type": "LineString", "coordinates": [ [ 78.607316, 14.9354659 ], [ 78.6075533, 14.9352262 ] ] } },
{ "type": "Feature", "properties": { "name": null, "highway": "secondary", "ref": "MDR0231", "maxspeed": null }, "geometry": { "type": "LineString", "coordinates": [ [ 78.6052096, 14.9408152 ], [ 78.6081906, 14.943435 ], [ 78.6106615, 14.9424741 ], [ 78.612819, 14.9404704 ] ] } },
{ "type": "Feature", "properties": { "name": null, "highway": "secondary", "ref": "MDR0231", "maxspeed": null }, "geometry": { "type": "LineString", "coordinates": [ [ 78.612819, 14.9404704 ], [ 78.6130571, 14.9404255 ] ] } },
{ "type": "Feature", "properties": { "name": null, "highway": "secondary", "ref": "MDR0231", "maxspeed": null }, "geometry": { "type": "LineString", "coordinates": [ [ 78.6199322, 14.9255185 ], [ 78.6149145, 14.9218705 ] ] } },
{ "type": "Feature", "properties": { "name": null, "highway": "secondary", "ref": "MDR0231", "maxspeed": null }, "geometry": { "type": "LineString", "coordinates": [ [ 78.6202403, 14.9256116 ], [ 78.6199322, 14.9255185 ] ] } },
{ "type": "Feature", "properties": { "name": null, "highway": "secondary", "ref": "MDR0351", "maxspeed": null }, "geometry": { "type": "LineString", "coordinates": [ [ 78.5844232, 14.9278864 ], [ 78.5810195, 14.9374723 ] ] } },
{ "type": "Feature", "properties": { "name": null, "highway": "secondary", "ref": "MDR0351", "maxspeed": null }, "geometry": { "type": "LineString", "coordinates": [ [ 78.5810195, 14.9374723 ], [ 78.5812042, 14.937785 ] ] } },
{ "type": "Feature", "properties": { "name": null, "highway": "secondary", "ref": "MDR0351", "maxspeed": null }, "geometry": { "type": "LineString", "coordinates": [ [ 78.5812042, 14.937785 ], [ 78.5828797, 14.9449983 ] ] } },
{ "type": "Feature", "properties": { "name": null, "highway": "secondary", "ref": "MDR0351", "maxspeed": null }, "geometry": { "type": "LineString", "coordinates": [ [ 78.5828797, 14.9449983 ], [ 78.5831343, 14.9460804 ] ] } },
{ "type": "Feature", "properties": { "name": "Kasinayana Ashramam Jyothi Main Road", "highway": "secondary", "ref": "MDR026", "maxspeed": null }, "geometry": { "type": "LineString", "coordinates": [ [ 78.8334396, 15.0482059 ], [ 78.8335113, 15.0482266 ] ] } },
{ "type": "Feature", "properties": { "name": null, "highway": "secondary", "ref": "MDR0351", "maxspeed": null }, "geometry": { "type": "LineString", "coordinates": [ [ 78.5784587, 14.8935881 ], [ 78.5786115, 14.8937402 ] ] } },
{ "type": "Feature", "properties": { "name": null, "highway": "secondary", "ref": "MDR0351", "maxspeed": null }, "geometry": { "type": "LineString", "coordinates": [ [ 78.5644503, 14.888651 ], [ 78.5659853, 14.8898512 ], [ 78.5748141, 14.8906314 ], [ 78.5784587, 14.8935881 ] ] } },
{ "type": "Feature", "properties": { "name": null, "highway": "secondary", "ref": "MDR0351", "maxspeed": null }, "geometry": { "type": "LineString", "coordinates": [ [ 78.5844936, 14.9253181 ], [ 78.5844688, 14.9266619 ] ] } },
{ "type": "Feature", "properties": { "name": null, "highway": "secondary", "ref": "MDR0231", "maxspeed": null }, "geometry": { "type": "LineString", "coordinates": [ [ 78.6316722, 14.9247091 ], [ 78.6242619, 14.9274016 ], [ 78.6202403, 14.9256116 ] ] } },
{ "type": "Feature", "properties": { "name": null, "highway": "secondary", "ref": "MDR0231", "maxspeed": null }, "geometry": { "type": "LineString", "coordinates": [ [ 78.6130571, 14.9404255 ], [ 78.6176868, 14.9412426 ], [ 78.6217895, 14.9434837 ], [ 78.6261067, 14.9444498 ], [ 78.6401937, 14.9439295 ] ] } },
{ "type": "Feature", "properties": { "name": null, "highway": "secondary", "ref": "MDR050", "maxspeed": null }, "geometry": { "type": "LineString", "coordinates": [ [ 78.4446619, 14.9364081 ], [ 78.4442424, 14.9366032 ] ] } },
{ "type": "Feature", "properties": { "name": null, "highway": "secondary", "ref": "MDR050", "maxspeed": null }, "geometry": { "type": "LineString", "coordinates": [ [ 78.4476303, 14.9352414 ], [ 78.4446619, 14.9364081 ] ] } },
{ "type": "Feature", "properties": { "name": null, "highway": "secondary", "ref": "MDR043", "maxspeed": null }, "geometry": { "type": "LineString", "coordinates": [ [ 78.4555127, 14.9500795 ], [ 78.4593208, 14.9494923 ] ] } },
{ "type": "Feature", "properties": { "name": null, "highway": "secondary", "ref": "MDR043", "maxspeed": null }, "geometry": { "type": "LineString", "coordinates": [ [ 78.4548758, 14.9501457 ], [ 78.4555127, 14.9500795 ] ] } },
{ "type": "Feature", "properties": { "name": null, "highway": "secondary", "ref": "MDR050", "maxspeed": null }, "geometry": { "type": "LineString", "coordinates": [ [ 78.4442424, 14.9366032 ], [ 78.4388141, 14.9381588 ] ] } },
{ "type": "Feature", "properties": { "name": "Palur Bypass Road", "highway": "primary", "ref": null, "maxspeed": null }, "geometry": { "type": "LineString", "coordinates": [ [ 78.4439288, 15.019602 ], [ 78.451543, 15.0227334 ], [ 78.4535183, 15.0243272 ] ] } },
{ "type": "Feature", "properties": { "name": "Palur Bypass Road", "highway": "primary", "ref": null, "maxspeed": null }, "geometry": { "type": "LineString", "coordinates": [ [ 78.4435001, 15.0194274 ], [ 78.4439288, 15.019602 ] ] } },
{ "type": "Feature", "properties": { "name": "Gundlakunta - Peddamudiyam - Suddapalle Road", "highway": "primary", "ref": "SH408", "maxspeed": null }, "geometry": { "type": "LineString", "coordinates": [ [ 78.4849428, 15.0666464 ], [ 78.4892745, 15.0638906 ], [ 78.4926695, 15.0631664 ], [ 78.4960552, 15.0831104 ], [ 78.495862, 15.0907658 ], [ 78.5010333, 15.0985995 ], [ 78.505121, 15.110435 ], [ 78.5086239, 15.1165503 ] ] } },
{ "type": "Feature", "properties": { "name": "Gundlakunta - Peddamudiyam - Suddapalle Road", "highway": "primary", "ref": "SH408", "maxspeed": null }, "geometry": { "type": "LineString", "coordinates": [ [ 78.4846981, 15.0667458 ], [ 78.4849428, 15.0666464 ] ] } },
{ "type": "Feature", "properties": { "name": null, "highway": "secondary", "ref": "MDR0269", "maxspeed": null }, "geometry": { "type": "LineString", "coordinates": [ [ 78.4860536, 14.8947106 ], [ 78.4781692, 14.9031563 ] ] } },
{ "type": "Feature", "properties": { "name": null, "highway": "secondary", "ref": "MDR0269", "maxspeed": null }, "geometry": { "type": "LineString", "coordinates": [ [ 78.4781692, 14.9031563 ], [ 78.4780901, 14.9033427 ] ] } },
{ "type": "Feature", "properties": { "name": null, "highway": "secondary", "ref": "MDR0264", "maxspeed": null }, "geometry": { "type": "LineString", "coordinates": [ [ 78.5379234, 14.9203558 ], [ 78.5382173, 14.9221294 ] ] } },
{ "type": "Feature", "properties": { "name": null, "highway": "secondary", "ref": "MDR0254", "maxspeed": null }, "geometry": { "type": "LineString", "coordinates": [ [ 78.5378772, 14.920095 ], [ 78.5379234, 14.9203558 ] ] } },
{ "type": "Feature", "properties": { "name": null, "highway": "secondary", "ref": "MDR072", "maxspeed": null }, "geometry": { "type": "LineString", "coordinates": [ [ 78.461818, 14.9326478 ], [ 78.4608775, 14.9320407 ] ] } },
{ "type": "Feature", "properties": { "name": null, "highway": "secondary", "ref": "MDR072", "maxspeed": null }, "geometry": { "type": "LineString", "coordinates": [ [ 78.4833649, 14.9636502 ], [ 78.4858456, 14.9627167 ], [ 78.4870837, 14.963561 ], [ 78.4879031, 14.9658477 ] ] } },
{ "type": "Feature", "properties": { "name": null, "highway": "secondary", "ref": "MDR072", "maxspeed": null }, "geometry": { "type": "LineString", "coordinates": [ [ 78.4880211, 14.9662318 ], [ 78.4884614, 14.9676653 ] ] } },
{ "type": "Feature", "properties": { "name": null, "highway": "secondary", "ref": "MDR072", "maxspeed": null }, "geometry": { "type": "LineString", "coordinates": [ [ 78.4879031, 14.9658477 ], [ 78.4880211, 14.9662318 ] ] } },
{ "type": "Feature", "properties": { "name": null, "highway": "secondary", "ref": "MDR0273", "maxspeed": null }, "geometry": { "type": "LineString", "coordinates": [ [ 78.4235698, 15.0501636 ], [ 78.430683, 15.0387509 ], [ 78.4322695, 15.0341931 ], [ 78.4349491, 15.0303774 ], [ 78.4377104, 15.023852 ] ] } },
{ "type": "Feature", "properties": { "name": null, "highway": "secondary", "ref": "MDR0321", "maxspeed": null }, "geometry": { "type": "LineString", "coordinates": [ [ 78.3811517, 14.9166573 ], [ 78.385873, 14.9137088 ], [ 78.3898866, 14.9098553 ], [ 78.3945107, 14.9039068 ], [ 78.3958921, 14.9034221 ], [ 78.3960517, 14.9021663 ], [ 78.3976166, 14.9024888 ] ] } },
{ "type": "Feature", "properties": { "name": null, "highway": "secondary", "ref": "MDR0267", "maxspeed": null }, "geometry": { "type": "LineString", "coordinates": [ [ 78.4330702, 14.9157155 ], [ 78.437992, 14.921192 ], [ 78.4386519, 14.9262951 ], [ 78.4428522, 14.9296002 ], [ 78.4551676, 14.9455643 ], [ 78.4598708, 14.950017 ], [ 78.4613876, 14.9527769 ], [ 78.4632155, 14.9610601 ] ] } },
{ "type": "Feature", "properties": { "name": null, "highway": "secondary", "ref": "MDR0267", "maxspeed": null }, "geometry": { "type": "LineString", "coordinates": [ [ 78.4331024, 14.9155834 ], [ 78.4330702, 14.9157155 ] ] } },
{ "type": "Feature", "properties": { "name": "Koilakuntla - Jammalamadugu Road", "highway": "trunk", "ref": "NH167K", "maxspeed": null }, "geometry": { "type": "LineString", "coordinates": [ [ 78.4056776, 14.9665408 ], [ 78.4041004, 14.9711051 ], [ 78.4020423, 14.9732481 ], [ 78.3981445, 14.9840753 ], [ 78.396418, 14.9862751 ] ] } },
{ "type": "Feature", "properties": { "name": "Koilakuntla - Jammalamadugu Road", "highway": "trunk", "ref": "NH167K", "maxspeed": null }, "geometry": { "type": "LineString", "coordinates": [ [ 78.4057862, 14.9663015 ], [ 78.4056776, 14.9665408 ] ] } },
{ "type": "Feature", "properties": { "name": null, "highway": "secondary", "ref": "MDR0343", "maxspeed": null }, "geometry": { "type": "LineString", "coordinates": [ [ 78.500289, 14.9638142 ], [ 78.4998384, 14.9661835 ], [ 78.5013641, 14.9702398 ] ] } },
{ "type": "Feature", "properties": { "name": null, "highway": "secondary", "ref": "MDR0343", "maxspeed": null }, "geometry": { "type": "LineString", "coordinates": [ [ 78.5000922, 14.963731 ], [ 78.500289, 14.9638142 ] ] } },
{ "type": "Feature", "properties": { "name": "Rajupalem  Road", "highway": "secondary", "ref": "MDR0359", "maxspeed": null }, "geometry": { "type": "LineString", "coordinates": [ [ 78.5791227, 14.8767903 ], [ 78.5778095, 14.8758408 ], [ 78.5780112, 14.8746421 ], [ 78.5768911, 14.8747084 ], [ 78.5764679, 14.8729641 ] ] } },
{ "type": "Feature", "properties": { "name": "Rajupalem  Road", "highway": "secondary", "ref": "MDR0359", "maxspeed": null }, "geometry": { "type": "LineString", "coordinates": [ [ 78.579372, 14.8768965 ], [ 78.5791227, 14.8767903 ] ] } },
{ "type": "Feature", "properties": { "name": "Chagalamarri Main Road", "highway": "primary", "ref": "SH52", "maxspeed": null }, "geometry": { "type": "LineString", "coordinates": [ [ 78.5982667, 14.9487918 ], [ 78.5955266, 14.9510489 ], [ 78.5929111, 14.9556909 ] ] } },
{ "type": "Feature", "properties": { "name": null, "highway": "trunk", "ref": "NH167K", "maxspeed": null }, "geometry": { "type": "LineString", "coordinates": [ [ 78.3919284, 14.8860472 ], [ 78.3974909, 14.9017497 ] ] } },
{ "type": "Feature", "properties": { "name": "Salevari Uppalapadu Main Road", "highway": "primary", "ref": null, "maxspeed": null }, "geometry": { "type": "LineString", "coordinates": [ [ 78.3916046, 14.8877949 ], [ 78.394651, 14.8982116 ], [ 78.3974909, 14.9017497 ] ] } },
{ "type": "Feature", "properties": { "name": "Pulivendula-Tadipatri Road", "highway": "secondary", "ref": "MDR052", "maxspeed": null }, "geometry": { "type": "LineString", "coordinates": [ [ 78.2278445, 14.4695886 ], [ 78.2121956, 14.4986276 ], [ 78.2035785, 14.5184432 ] ] } },
{ "type": "Feature", "properties": { "name": "Jammalamadugu - Kadiri Road", "highway": "primary", "ref": "SH60", "maxspeed": null }, "geometry": { "type": "LineString", "coordinates": [ [ 78.2266017, 14.4225414 ], [ 78.2299047, 14.423161 ], [ 78.2312067, 14.425085 ], [ 78.2318685, 14.4283879 ] ] } },
{ "type": "Feature", "properties": { "name": "Jammalamadugu - Kadiri Road", "highway": "trunk", "ref": "NH716G", "maxspeed": null }, "geometry": { "type": "LineString", "coordinates": [ [ 78.2033067, 14.3418649 ], [ 78.2087913, 14.354506 ], [ 78.2089726, 14.3580545 ], [ 78.2122995, 14.3620982 ], [ 78.2163131, 14.3637572 ], [ 78.2180643, 14.3664875 ], [ 78.2160367, 14.3834681 ], [ 78.2218343, 14.3958885 ], [ 78.2229033, 14.4000705 ] ] } },
{ "type": "Feature", "properties": { "name": null, "highway": "trunk", "ref": "NH716G", "maxspeed": null }, "geometry": { "type": "LineString", "coordinates": [ [ 78.2150619, 14.4266951 ], [ 78.2110617, 14.4109941 ] ] } },
{ "type": "Feature", "properties": { "name": null, "highway": "primary", "ref": "SH60", "maxspeed": null }, "geometry": { "type": "LineString", "coordinates": [ [ 78.2266017, 14.4225414 ], [ 78.2292849, 14.4250999 ], [ 78.2305785, 14.427866 ], [ 78.2317815, 14.4284379 ] ] } },
{ "type": "Feature", "properties": { "name": "Jammalamadugu - Kadiri Road", "highway": "trunk", "ref": "NH716G", "maxspeed": null }, "geometry": { "type": "LineString", "coordinates": [ [ 78.200321, 14.3362415 ], [ 78.2033067, 14.3418649 ] ] } },
{ "type": "Feature", "properties": { "name": "Kanamkinda Kottala Road", "highway": "secondary", "ref": null, "maxspeed": null }, "geometry": { "type": "LineString", "coordinates": [ [ 78.2016968, 14.2782972 ], [ 78.2099553, 14.279012 ], [ 78.2162826, 14.2853349 ], [ 78.2183292, 14.289608 ], [ 78.2232403, 14.2940916 ], [ 78.2246015, 14.2972061 ], [ 78.2252841, 14.3049449 ], [ 78.2244902, 14.3059455 ], [ 78.2261625, 14.3076738 ], [ 78.2244419, 14.3088447 ], [ 78.2241335, 14.3107056 ], [ 78.2228232, 14.311675 ], [ 78.221474, 14.3144221 ], [ 78.2220802, 14.318644 ], [ 78.2194342, 14.319681 ], [ 78.2184727, 14.3211922 ], [ 78.2199573, 14.3218146 ], [ 78.2239323, 14.3200708 ], [ 78.227431, 14.3201959 ], [ 78.2214526, 14.3245616 ], [ 78.2207679, 14.3254609 ], [ 78.2223002, 14.3255037 ], [ 78.2186913, 14.3279115 ], [ 78.2204811, 14.3282428 ], [ 78.2203597, 14.3290015 ], [ 78.2219823, 14.3283961 ], [ 78.2213238, 14.32954 ], [ 78.2230545, 14.3289821 ], [ 78.2229847, 14.3298249 ], [ 78.2258936, 14.3287097 ], [ 78.2250049, 14.3298127 ], [ 78.227146, 14.3286683 ], [ 78.2252172, 14.3305891 ], [ 78.2269494, 14.3301621 ], [ 78.2227649, 14.3329803 ], [ 78.2238452, 14.3331279 ], [ 78.2215485, 14.3350018 ], [ 78.2252164, 14.3346981 ], [ 78.2251804, 14.3412114 ] ] } },
{ "type": "Feature", "properties": { "name": null, "highway": "secondary", "ref": "MDR066", "maxspeed": null }, "geometry": { "type": "LineString", "coordinates": [ [ 78.2254478, 14.4150596 ], [ 78.2111135, 14.4109216 ] ] } },
{ "type": "Feature", "properties": { "name": "Pulivendula - Parnapalli Road", "highway": "primary", "ref": "SH343", "maxspeed": null }, "geometry": { "type": "LineString", "coordinates": [ [ 78.2229846, 14.4227148 ], [ 78.2266017, 14.4225414 ] ] } },
{ "type": "Feature", "properties": { "name": null, "highway": "secondary", "ref": "MDR069", "maxspeed": null }, "geometry": { "type": "LineString", "coordinates": [ [ 78.226285, 14.4219808 ], [ 78.2313303, 14.4213945 ], [ 78.23781, 14.4220513 ], [ 78.2378824, 14.419651 ], [ 78.2424054, 14.4163967 ] ] } },
{ "type": "Feature", "properties": { "name": null, "highway": "secondary", "ref": "MDR0353", "maxspeed": null }, "geometry": { "type": "LineString", "coordinates": [ [ 78.1860909, 14.3998592 ], [ 78.1859569, 14.398728 ], [ 78.1830427, 14.3986962 ], [ 78.1830213, 14.3974934 ], [ 78.1802827, 14.3960671 ], [ 78.1790301, 14.3942537 ], [ 78.1807708, 14.3944746 ], [ 78.1832116, 14.3935419 ], [ 78.1817791, 14.3879617 ], [ 78.1836557, 14.3825855 ], [ 78.1841626, 14.3757939 ], [ 78.1825479, 14.3733385 ], [ 78.1825828, 14.368012 ] ] } },
{ "type": "Feature", "properties": { "name": null, "highway": "secondary", "ref": "MDR069", "maxspeed": null }, "geometry": { "type": "LineString", "coordinates": [ [ 78.2636936, 14.3994678 ], [ 78.2629128, 14.3996217 ], [ 78.2622161, 14.4013331 ], [ 78.2607563, 14.4009805 ], [ 78.2573505, 14.4021878 ], [ 78.2539896, 14.4052483 ], [ 78.2491671, 14.4126052 ], [ 78.2435559, 14.4156966 ] ] } },
{ "type": "Feature", "properties": { "name": null, "highway": "secondary", "ref": "MDR069", "maxspeed": null }, "geometry": { "type": "LineString", "coordinates": [ [ 78.2889796, 14.4018006 ], [ 78.2848485, 14.3999744 ], [ 78.2767878, 14.4016247 ], [ 78.2754145, 14.3993204 ], [ 78.2709648, 14.3981487 ], [ 78.2656164, 14.4001257 ], [ 78.2639991, 14.4001621 ], [ 78.2636936, 14.3994678 ] ] } },
{ "type": "Feature", "properties": { "name": null, "highway": "secondary", "ref": "MDR069", "maxspeed": null }, "geometry": { "type": "LineString", "coordinates": [ [ 78.2889796, 14.4018006 ], [ 78.289118, 14.4027808 ], [ 78.2927852, 14.4046377 ], [ 78.2936945, 14.4065575 ], [ 78.2970204, 14.4091138 ], [ 78.3005742, 14.4134433 ], [ 78.3067359, 14.4170505 ], [ 78.3246838, 14.4144608 ], [ 78.3314971, 14.4146289 ], [ 78.3421197, 14.4127167 ], [ 78.3866917, 14.4186105 ], [ 78.3871005, 14.4201779 ] ] } },
{ "type": "Feature", "properties": { "name": "Vemula Road", "highway": "secondary", "ref": "MDR0288", "maxspeed": null }, "geometry": { "type": "LineString", "coordinates": [ [ 78.3192251, 14.3763529 ], [ 78.3199051, 14.369922 ] ] } },
{ "type": "Feature", "properties": { "name": null, "highway": "secondary", "ref": "MDR0287", "maxspeed": null }, "geometry": { "type": "LineString", "coordinates": [ [ 78.2904852, 14.3688368 ], [ 78.2921928, 14.3713237 ], [ 78.2916242, 14.3751078 ], [ 78.2938451, 14.3768865 ], [ 78.2967729, 14.3850243 ], [ 78.3006751, 14.3909518 ], [ 78.3023938, 14.3960262 ], [ 78.293961, 14.3991646 ], [ 78.2904769, 14.4030753 ] ] } },
{ "type": "Feature", "properties": { "name": null, "highway": "secondary", "ref": "MDR0286", "maxspeed": null }, "geometry": { "type": "LineString", "coordinates": [ [ 78.3599807, 14.4758805 ], [ 78.356536, 14.4765564 ], [ 78.3549723, 14.4801026 ] ] } },
{ "type": "Feature", "properties": { "name": null, "highway": "secondary", "ref": "MDR0399", "maxspeed": null }, "geometry": { "type": "LineString", "coordinates": [ [ 78.3464804, 14.4599437 ], [ 78.3511689, 14.4716232 ], [ 78.3547309, 14.4776277 ], [ 78.3549723, 14.4801026 ], [ 78.3537438, 14.4834449 ], [ 78.3543634, 14.4862081 ], [ 78.357515, 14.4854018 ], [ 78.3601651, 14.4856796 ] ] } },
{ "type": "Feature", "properties": { "name": "Kadapa - Pulivendula Road", "highway": "primary", "ref": "SH51", "maxspeed": null }, "geometry": { "type": "LineString", "coordinates": [ [ 78.3171612, 14.3688255 ], [ 78.3114696, 14.3667676 ], [ 78.2936677, 14.3672639 ], [ 78.2886097, 14.3694043 ], [ 78.2792055, 14.3675835 ], [ 78.2743397, 14.3678614 ], [ 78.2698056, 14.3700871 ], [ 78.2579045, 14.3812905 ], [ 78.2539456, 14.381905 ], [ 78.2501882, 14.3845955 ] ] } },
{ "type": "Feature", "properties": { "name": "Jammalamadugu - Kadiri Road", "highway": "primary", "ref": "SH60", "maxspeed": null }, "geometry": { "type": "LineString", "coordinates": [ [ 78.2241567, 14.4037269 ], [ 78.2260714, 14.4107395 ], [ 78.2272158, 14.4118253 ] ] } },
{ "type": "Feature", "properties": { "name": "Jammalamadugu - Kadiri Road", "highway": "primary", "ref": "SH51;SH60", "maxspeed": null }, "geometry": { "type": "LineString", "coordinates": [ [ 78.2256494, 14.4150151 ], [ 78.2255451, 14.4148917 ], [ 78.2254287, 14.4149952 ], [ 78.2255436, 14.4151065 ], [ 78.2256494, 14.4150151 ] ] } },
{ "type": "Feature", "properties": { "name": "Jammalamadugu - Kadiri Road", "highway": "primary", "ref": "SH51;SH60", "maxspeed": null }, "geometry": { "type": "LineString", "coordinates": [ [ 78.225581, 14.4150988 ], [ 78.2266017, 14.4225414 ] ] } },
{ "type": "Feature", "properties": { "name": null, "highway": "secondary", "ref": "MDR066", "maxspeed": null }, "geometry": { "type": "LineString", "coordinates": [ [ 78.2084898, 14.4101924 ], [ 78.2058913, 14.4077321 ], [ 78.2039284, 14.4036019 ], [ 78.1913605, 14.3998689 ], [ 78.1810203, 14.4001881 ], [ 78.1771117, 14.4013916 ], [ 78.1735249, 14.3996847 ], [ 78.1556399, 14.4017163 ], [ 78.1513511, 14.4013305 ], [ 78.1443706, 14.4021593 ], [ 78.1412284, 14.4010499 ], [ 78.132467, 14.4036738 ], [ 78.1182539, 14.4143925 ], [ 78.0993249, 14.4201147 ] ] } },
{ "type": "Feature", "properties": { "name": null, "highway": "trunk", "ref": "NH716G", "maxspeed": null }, "geometry": { "type": "LineString", "coordinates": [ [ 78.2111052, 14.4108337 ], [ 78.2109173, 14.410777 ], [ 78.2108666, 14.4109495 ], [ 78.2110617, 14.4109941 ], [ 78.2111052, 14.4108337 ] ] } },
{ "type": "Feature", "properties": { "name": null, "highway": "trunk", "ref": "NH716G", "maxspeed": null }, "geometry": { "type": "LineString", "coordinates": [ [ 78.2314345, 14.4369544 ], [ 78.2171208, 14.4291675 ], [ 78.2151637, 14.4268295 ] ] } },
{ "type": "Feature", "properties": { "name": null, "highway": "trunk", "ref": "NH716G", "maxspeed": null }, "geometry": { "type": "LineString", "coordinates": [ [ 78.2151637, 14.4268295 ], [ 78.2150196, 14.4266915 ], [ 78.2148947, 14.4268324 ], [ 78.2150009, 14.4269565 ], [ 78.2151637, 14.4268295 ] ] } },
{ "type": "Feature", "properties": { "name": null, "highway": "primary", "ref": null, "maxspeed": null }, "geometry": { "type": "LineString", "coordinates": [ [ 78.2209303, 14.4236517 ], [ 78.2209017, 14.4235733 ] ] } },
{ "type": "Feature", "properties": { "name": "Pulivendula - Parnapalli Road", "highway": "primary", "ref": "SH", "maxspeed": null }, "geometry": { "type": "LineString", "coordinates": [ [ 78.2209303, 14.4236517 ], [ 78.2229846, 14.4227148 ] ] } },
{ "type": "Feature", "properties": { "name": null, "highway": "primary", "ref": null, "maxspeed": null }, "geometry": { "type": "LineString", "coordinates": [ [ 78.2177704, 14.4249409 ], [ 78.2178111, 14.4250026 ] ] } },
{ "type": "Feature", "properties": { "name": "Pulivendula - Parnapalli Road", "highway": "primary", "ref": "SH343", "maxspeed": null }, "geometry": { "type": "LineString", "coordinates": [ [ 78.2151604, 14.4267921 ], [ 78.2178111, 14.4250026 ] ] } },
{ "type": "Feature", "properties": { "name": "Pulivendula - Parnapalli Road", "highway": "primary", "ref": "SH343", "maxspeed": null }, "geometry": { "type": "LineString", "coordinates": [ [ 78.2177704, 14.4249409 ], [ 78.2150909, 14.4267057 ] ] } },
{ "type": "Feature", "properties": { "name": "Pulivendula - Parnapalli Road", "highway": "primary", "ref": "SH343", "maxspeed": null }, "geometry": { "type": "LineString", "coordinates": [ [ 78.2209017, 14.4235733 ], [ 78.2177704, 14.4249409 ] ] } },
{ "type": "Feature", "properties": { "name": "Pulivendula - Parnapalli Road", "highway": "primary", "ref": "SH343", "maxspeed": null }, "geometry": { "type": "LineString", "coordinates": [ [ 78.2178111, 14.4250026 ], [ 78.2209303, 14.4236517 ] ] } },
{ "type": "Feature", "properties": { "name": "Pulivendula - Parnapalli Road", "highway": "primary", "ref": "SH343", "maxspeed": null }, "geometry": { "type": "LineString", "coordinates": [ [ 78.2265776, 14.4224988 ], [ 78.2216297, 14.4227387 ], [ 78.2209017, 14.4235733 ] ] } },
{ "type": "Feature", "properties": { "name": null, "highway": "trunk", "ref": "NH716G", "maxspeed": null }, "geometry": { "type": "LineString", "coordinates": [ [ 78.2402694, 14.4341564 ], [ 78.2360632, 14.4367186 ], [ 78.2316212, 14.4369816 ] ] } },
{ "type": "Feature", "properties": { "name": "Jammalamadugu - Kadiri Road", "highway": "trunk", "ref": "NH716G", "maxspeed": null }, "geometry": { "type": "LineString", "coordinates": [ [ 78.2316212, 14.4371368 ], [ 78.231588, 14.4369507 ], [ 78.2313905, 14.4370022 ], [ 78.2314305, 14.4371635 ], [ 78.2316212, 14.4371368 ] ] } },
{ "type": "Feature", "properties": { "name": null, "highway": "secondary", "ref": "MDR068", "maxspeed": null }, "geometry": { "type": "LineString", "coordinates": [ [ 78.2319435, 14.4285541 ], [ 78.2349826, 14.4306641 ], [ 78.2389415, 14.4320577 ], [ 78.2402827, 14.4341171 ] ] } },
{ "type": "Feature", "properties": { "name": "Jammalamadugu - Kadiri Road", "highway": "primary", "ref": "SH60", "maxspeed": null }, "geometry": { "type": "LineString", "coordinates": [ [ 78.231588, 14.4369507 ], [ 78.2319435, 14.4285541 ] ] } },
{ "type": "Feature", "properties": { "name": "Jammalamadugu - Kadiri Road", "highway": "primary", "ref": "SH60", "maxspeed": null }, "geometry": { "type": "LineString", "coordinates": [ [ 78.2319622, 14.4285273 ], [ 78.2319032, 14.4283934 ], [ 78.2317815, 14.4284379 ], [ 78.2318245, 14.4285743 ], [ 78.2319622, 14.4285273 ] ] } },
{ "type": "Feature", "properties": { "name": null, "highway": "trunk", "ref": "NH716G", "maxspeed": null }, "geometry": { "type": "LineString", "coordinates": [ [ 78.2405267, 14.4341736 ], [ 78.2403853, 14.4340505 ], [ 78.2402694, 14.4341564 ], [ 78.2403889, 14.4343003 ], [ 78.2405267, 14.4341736 ] ] } },
{ "type": "Feature", "properties": { "name": null, "highway": "trunk", "ref": "NH716G", "maxspeed": null }, "geometry": { "type": "LineString", "coordinates": [ [ 78.2430109, 14.4161372 ], [ 78.2461989, 14.4277002 ], [ 78.2458113, 14.4295367 ], [ 78.2441709, 14.4313392 ] ] } },
{ "type": "Feature", "properties": { "name": null, "highway": "secondary", "ref": "MDR068", "maxspeed": null }, "geometry": { "type": "LineString", "coordinates": [ [ 78.2572133, 14.4390708 ], [ 78.2654167, 14.440002 ], [ 78.2690933, 14.4441864 ], [ 78.2818329, 14.4504522 ], [ 78.28721, 14.4516506 ], [ 78.3017474, 14.4533526 ], [ 78.3145461, 14.456543 ], [ 78.3201559, 14.4565745 ], [ 78.3289408, 14.4584933 ], [ 78.337356, 14.4582431 ], [ 78.346424, 14.4599525 ], [ 78.3655233, 14.4608556 ] ] } },
{ "type": "Feature", "properties": { "name": null, "highway": "trunk", "ref": "NH716G", "maxspeed": null }, "geometry": { "type": "LineString", "coordinates": [ [ 78.243145, 14.4160636 ], [ 78.2430735, 14.4158934 ], [ 78.2428985, 14.4159823 ], [ 78.2429879, 14.4161326 ], [ 78.243145, 14.4160636 ] ] } },
{ "type": "Feature", "properties": { "name": null, "highway": "trunk", "ref": "NH716G", "maxspeed": null }, "geometry": { "type": "LineString", "coordinates": [ [ 78.2123311, 14.4083058 ], [ 78.2146256, 14.4058126 ], [ 78.223919, 14.4033712 ] ] } },
{ "type": "Feature", "properties": { "name": null, "highway": "secondary", "ref": null, "maxspeed": null }, "geometry": { "type": "LineString", "coordinates": [ [ 78.2117837, 14.4155155 ], [ 78.2118784, 14.4154909 ] ] } },
{ "type": "Feature", "properties": { "name": null, "highway": "trunk", "ref": "NH716G", "maxspeed": null }, "geometry": { "type": "LineString", "coordinates": [ [ 78.2108911, 14.4109811 ], [ 78.2148979, 14.4267914 ] ] } },
{ "type": "Feature", "properties": { "name": "Kadapa - Pulivendula Road", "highway": "primary", "ref": "SH51", "maxspeed": null }, "geometry": { "type": "LineString", "coordinates": [ [ 78.2501882, 14.3845955 ], [ 78.2539053, 14.382005 ], [ 78.2581647, 14.3812048 ], [ 78.2692559, 14.3706598 ], [ 78.2728695, 14.3683726 ] ] } },
{ "type": "Feature", "properties": { "name": "Pulivendula - Parnapalli Road", "highway": "primary", "ref": "SH343", "maxspeed": null }, "geometry": { "type": "LineString", "coordinates": [ [ 78.2148947, 14.4268324 ], [ 78.213131, 14.4279109 ] ] } },
{ "type": "Feature", "properties": { "name": "Jammalamadugu - Kadiri Road", "highway": "trunk", "ref": "NH716G", "maxspeed": null }, "geometry": { "type": "LineString", "coordinates": [ [ 78.224095, 14.4031985 ], [ 78.2239071, 14.4031418 ], [ 78.2238564, 14.4033143 ], [ 78.2240515, 14.4033589 ], [ 78.224095, 14.4031985 ] ] } },
{ "type": "Feature", "properties": { "name": null, "highway": "trunk", "ref": "NH716G", "maxspeed": null }, "geometry": { "type": "LineString", "coordinates": [ [ 78.2241033, 14.4032864 ], [ 78.233782, 14.399462 ], [ 78.2373252, 14.3995269 ], [ 78.2378341, 14.4001651 ] ] } },
{ "type": "Feature", "properties": { "name": "Jammalamadugu - Kadiri Road", "highway": "trunk", "ref": "NH716G", "maxspeed": null }, "geometry": { "type": "LineString", "coordinates": [ [ 78.2239611, 14.4030341 ], [ 78.2237875, 14.4026478 ] ] } },
{ "type": "Feature", "properties": { "name": "Jammalamadugu - Kadiri Road", "highway": "primary", "ref": "SH60", "maxspeed": null }, "geometry": { "type": "LineString", "coordinates": [ [ 78.2239638, 14.4033824 ], [ 78.2241567, 14.4037269 ] ] } },
{ "type": "Feature", "properties": { "name": "Kadapa - Pulivendula Road", "highway": "primary", "ref": "SH51", "maxspeed": null }, "geometry": { "type": "LineString", "coordinates": [ [ 78.2367041, 14.4011227 ], [ 78.2317001, 14.4059792 ], [ 78.2272158, 14.4118253 ] ] } },
{ "type": "Feature", "properties": { "name": "Kadapa - Pulivendula Road", "highway": "trunk", "ref": "NH716G", "maxspeed": null }, "geometry": { "type": "LineString", "coordinates": [ [ 78.2378667, 14.4003025 ], [ 78.2380444, 14.4002862 ], [ 78.2379931, 14.4000894 ], [ 78.2378341, 14.4001651 ], [ 78.2378667, 14.4003025 ] ] } },
{ "type": "Feature", "properties": { "name": null, "highway": "trunk", "ref": "NH716G", "maxspeed": null }, "geometry": { "type": "LineString", "coordinates": [ [ 78.2379161, 14.4003307 ], [ 78.2399259, 14.4045555 ], [ 78.2429143, 14.4159452 ] ] } },
{ "type": "Feature", "properties": { "name": null, "highway": "trunk", "ref": "NH716G", "maxspeed": null }, "geometry": { "type": "LineString", "coordinates": [ [ 78.2316212, 14.4371368 ], [ 78.2360958, 14.4368029 ], [ 78.2403476, 14.4342909 ] ] } },
{ "type": "Feature", "properties": { "name": null, "highway": "trunk", "ref": "NH716G", "maxspeed": null }, "geometry": { "type": "LineString", "coordinates": [ [ 78.2150009, 14.4269565 ], [ 78.2170719, 14.4292386 ], [ 78.2313991, 14.4371308 ] ] } },
{ "type": "Feature", "properties": { "name": null, "highway": "trunk", "ref": "NH716G", "maxspeed": null }, "geometry": { "type": "LineString", "coordinates": [ [ 78.2238409, 14.4032333 ], [ 78.2141464, 14.4059214 ], [ 78.2122489, 14.4082641 ] ] } },
{ "type": "Feature", "properties": { "name": null, "highway": "secondary", "ref": "MDR068", "maxspeed": null }, "geometry": { "type": "LineString", "coordinates": [ [ 78.2427522, 14.4349368 ], [ 78.241204, 14.4349974 ], [ 78.240515, 14.4342241 ] ] } },
{ "type": "Feature", "properties": { "name": null, "highway": "trunk", "ref": "NH716G", "maxspeed": null }, "geometry": { "type": "LineString", "coordinates": [ [ 78.2430304, 14.4158847 ], [ 78.2400063, 14.4045335 ], [ 78.2380659, 14.4002457 ] ] } },
{ "type": "Feature", "properties": { "name": null, "highway": "trunk", "ref": "NH716G", "maxspeed": null }, "geometry": { "type": "LineString", "coordinates": [ [ 78.2379931, 14.4000894 ], [ 78.2373467, 14.3994429 ], [ 78.2337635, 14.3993784 ], [ 78.2240684, 14.4031619 ] ] } },
{ "type": "Feature", "properties": { "name": null, "highway": "secondary", "ref": "MDR069", "maxspeed": null }, "geometry": { "type": "LineString", "coordinates": [ [ 78.2428985, 14.4159823 ], [ 78.2424054, 14.4163967 ] ] } },
{ "type": "Feature", "properties": { "name": null, "highway": "trunk", "ref": "NH716G", "maxspeed": null }, "geometry": { "type": "LineString", "coordinates": [ [ 78.2442301, 14.4313966 ], [ 78.2458871, 14.4295711 ], [ 78.2462826, 14.4276996 ], [ 78.2431224, 14.4160967 ] ] } },
{ "type": "Feature", "properties": { "name": null, "highway": "secondary", "ref": "MDR069", "maxspeed": null }, "geometry": { "type": "LineString", "coordinates": [ [ 78.2431558, 14.4160253 ], [ 78.2435559, 14.4156966 ] ] } },
{ "type": "Feature", "properties": { "name": "Kadapa - Pulivendula Road", "highway": "primary", "ref": "SH51", "maxspeed": null }, "geometry": { "type": "LineString", "coordinates": [ [ 78.2383722, 14.3999375 ], [ 78.2379931, 14.4000894 ] ] } },
{ "type": "Feature", "properties": { "name": "Jammalamadugu - Kadiri Road", "highway": "primary", "ref": "SH60", "maxspeed": null }, "geometry": { "type": "LineString", "coordinates": [ [ 78.2317983, 14.4285561 ], [ 78.2314553, 14.4369404 ] ] } },
{ "type": "Feature", "properties": { "name": null, "highway": "secondary", "ref": "MDR069", "maxspeed": null }, "geometry": { "type": "LineString", "coordinates": [ [ 78.2435559, 14.4156966 ], [ 78.2431112, 14.4159153 ] ] } },
{ "type": "Feature", "properties": { "name": null, "highway": "trunk", "ref": "NH716G", "maxspeed": null }, "geometry": { "type": "LineString", "coordinates": [ [ 78.2438142, 14.43173 ], [ 78.2442301, 14.4313966 ] ] } },
{ "type": "Feature", "properties": { "name": null, "highway": "trunk", "ref": "NH716G", "maxspeed": null }, "geometry": { "type": "LineString", "coordinates": [ [ 78.2405267, 14.4341736 ], [ 78.2438142, 14.43173 ] ] } },
{ "type": "Feature", "properties": { "name": null, "highway": "trunk", "ref": "NH716G", "maxspeed": null }, "geometry": { "type": "LineString", "coordinates": [ [ 78.2441709, 14.4313392 ], [ 78.2437558, 14.4316719 ] ] } },
{ "type": "Feature", "properties": { "name": null, "highway": "trunk", "ref": "NH716G", "maxspeed": null }, "geometry": { "type": "LineString", "coordinates": [ [ 78.2437558, 14.4316719 ], [ 78.240467, 14.4340697 ] ] } },
{ "type": "Feature", "properties": { "name": null, "highway": "secondary", "ref": "MDR068", "maxspeed": null }, "geometry": { "type": "LineString", "coordinates": [ [ 78.2403889, 14.4343003 ], [ 78.2411076, 14.4350489 ], [ 78.2427522, 14.4349368 ] ] } },
{ "type": "Feature", "properties": { "name": null, "highway": "primary", "ref": null, "maxspeed": null }, "geometry": { "type": "LineString", "coordinates": [ [ 78.2377031, 14.4315109 ], [ 78.2376798, 14.4315634 ] ] } },
{ "type": "Feature", "properties": { "name": null, "highway": "secondary", "ref": "MDR068", "maxspeed": null }, "geometry": { "type": "LineString", "coordinates": [ [ 78.2404279, 14.4340535 ], [ 78.2390026, 14.4320188 ], [ 78.2350437, 14.4306252 ], [ 78.2332691, 14.429081 ] ] } },
{ "type": "Feature", "properties": { "name": null, "highway": "secondary", "ref": "MDR066", "maxspeed": null }, "geometry": { "type": "LineString", "coordinates": [ [ 78.2086727, 14.4102518 ], [ 78.2084898, 14.4101924 ] ] } },
{ "type": "Feature", "properties": { "name": null, "highway": "secondary", "ref": "MDR066", "maxspeed": null }, "geometry": { "type": "LineString", "coordinates": [ [ 78.210852, 14.4108728 ], [ 78.2086727, 14.4102518 ] ] } },
{ "type": "Feature", "properties": { "name": "Jammalamadugu - Kadiri Road", "highway": "trunk", "ref": "NH716G", "maxspeed": null }, "geometry": { "type": "LineString", "coordinates": [ [ 78.2318375, 14.4403915 ], [ 78.2315907, 14.4371658 ] ] } },
{ "type": "Feature", "properties": { "name": "Jammalamadugu - Kadiri Road", "highway": "trunk", "ref": "NH716G", "maxspeed": null }, "geometry": { "type": "LineString", "coordinates": [ [ 78.2314305, 14.4371635 ], [ 78.2318375, 14.4403915 ] ] } },
{ "type": "Feature", "properties": { "name": "Jammalamadugu - Kadiri Road", "highway": "trunk", "ref": "NH716G", "maxspeed": null }, "geometry": { "type": "LineString", "coordinates": [ [ 78.229555, 14.4653023 ], [ 78.2321097, 14.4578918 ], [ 78.2334267, 14.4508606 ], [ 78.2318375, 14.4403915 ] ] } },
{ "type": "Feature", "properties": { "name": null, "highway": "primary", "ref": null, "maxspeed": null }, "geometry": { "type": "LineString", "coordinates": [ [ 78.38874, 14.3755273 ], [ 78.388744, 14.3755999 ] ] } },
{ "type": "Feature", "properties": { "name": null, "highway": "secondary", "ref": "MDR067", "maxspeed": null }, "geometry": { "type": "LineString", "coordinates": [ [ 78.0097049, 14.5076175 ], [ 78.0117112, 14.505696 ], [ 78.0144873, 14.5006349 ], [ 78.0154583, 14.500209 ], [ 78.0154422, 14.4988379 ], [ 78.0191383, 14.4944701 ], [ 78.0243096, 14.490754 ], [ 78.0296659, 14.4898373 ], [ 78.0310634, 14.4888037 ], [ 78.0326807, 14.4835423 ], [ 78.0389303, 14.4755409 ], [ 78.0480552, 14.4700974 ], [ 78.0526847, 14.4609268 ], [ 78.0551389, 14.460197 ], [ 78.0643308, 14.4534285 ], [ 78.067587, 14.4525168 ], [ 78.0698079, 14.4494026 ], [ 78.0768064, 14.4457591 ], [ 78.0783031, 14.4456955 ], [ 78.0811295, 14.4498221 ], [ 78.0824974, 14.4546128 ], [ 78.0920018, 14.4599178 ], [ 78.0958159, 14.4598321 ], [ 78.0993283, 14.4578244 ], [ 78.1017651, 14.457688 ], [ 78.1080186, 14.4549791 ], [ 78.1094402, 14.4534375 ], [ 78.1140389, 14.4520947 ], [ 78.1231678, 14.454244 ], [ 78.127464, 14.4528967 ], [ 78.1328163, 14.454868 ], [ 78.140128, 14.4548739 ], [ 78.1417394, 14.4538784 ], [ 78.1469127, 14.4554823 ], [ 78.1502822, 14.4552609 ], [ 78.1511184, 14.456368 ], [ 78.1531662, 14.4555018 ], [ 78.1609172, 14.4623193 ] ] } },
{ "type": "Feature", "properties": { "name": null, "highway": "secondary", "ref": null, "maxspeed": null }, "geometry": { "type": "LineString", "coordinates": [ [ 78.0989572, 14.4202082 ], [ 78.0990875, 14.4203524 ] ] } },
{ "type": "Feature", "properties": { "name": null, "highway": "secondary", "ref": "MDR066", "maxspeed": null }, "geometry": { "type": "LineString", "coordinates": [ [ 78.0993249, 14.4201147 ], [ 78.0950756, 14.4273849 ], [ 78.0890159, 14.4331042 ], [ 78.0812153, 14.4380596 ], [ 78.0760896, 14.4438415 ], [ 78.0714454, 14.4470675 ], [ 78.0715553, 14.4481403 ], [ 78.0702665, 14.4492026 ] ] } },
{ "type": "Feature", "properties": { "name": null, "highway": "secondary", "ref": "MDR0355", "maxspeed": null }, "geometry": { "type": "LineString", "coordinates": [ [ 78.1689289, 14.4792144 ], [ 78.1683817, 14.4764525 ], [ 78.1690322, 14.4752721 ], [ 78.1736375, 14.4728179 ], [ 78.1733492, 14.4706467 ], [ 78.1746916, 14.469404 ], [ 78.1777936, 14.4690664 ], [ 78.1786734, 14.4680911 ] ] } },
{ "type": "Feature", "properties": { "name": null, "highway": "secondary", "ref": "MDR0408", "maxspeed": null }, "geometry": { "type": "LineString", "coordinates": [ [ 78.2969615, 14.4652667 ], [ 78.304532, 14.4712272 ], [ 78.3076769, 14.475067 ], [ 78.3108298, 14.4759798 ], [ 78.3126947, 14.4776803 ], [ 78.3242476, 14.4836748 ], [ 78.3275333, 14.4844383 ], [ 78.3292231, 14.4868586 ], [ 78.3307868, 14.486573 ], [ 78.3361164, 14.495997 ], [ 78.342812, 14.5052459 ] ] } },
{ "type": "Feature", "properties": { "name": null, "highway": "secondary", "ref": "MDR0394", "maxspeed": null }, "geometry": { "type": "LineString", "coordinates": [ [ 78.2969615, 14.4652667 ], [ 78.294628, 14.4719141 ], [ 78.2942786, 14.4756279 ] ] } },
{ "type": "Feature", "properties": { "name": null, "highway": "secondary", "ref": "MDR0394", "maxspeed": null }, "geometry": { "type": "LineString", "coordinates": [ [ 78.2990945, 14.453051 ], [ 78.2968649, 14.4627176 ] ] } },
{ "type": "Feature", "properties": { "name": null, "highway": "secondary", "ref": "MDR0394", "maxspeed": null }, "geometry": { "type": "LineString", "coordinates": [ [ 78.2804726, 14.4536038 ], [ 78.2811311, 14.4549933 ], [ 78.2805102, 14.4576504 ], [ 78.2874477, 14.464633 ], [ 78.2891925, 14.4692975 ], [ 78.2926344, 14.4719427 ], [ 78.2942786, 14.4756279 ] ] } },
{ "type": "Feature", "properties": { "name": null, "highway": "secondary", "ref": "MDR0392", "maxspeed": null }, "geometry": { "type": "LineString", "coordinates": [ [ 78.3248726, 14.4144577 ], [ 78.3246769, 14.4129647 ], [ 78.3276406, 14.4110699 ], [ 78.3301082, 14.4071966 ], [ 78.337833, 14.4015202 ], [ 78.3381522, 14.4003095 ], [ 78.3435756, 14.3975921 ] ] } },
{ "type": "Feature", "properties": { "name": null, "highway": "secondary", "ref": "MDR0289", "maxspeed": null }, "geometry": { "type": "LineString", "coordinates": [ [ 78.3435756, 14.3975921 ], [ 78.3373851, 14.3896681 ], [ 78.3386189, 14.3886549 ], [ 78.343361, 14.3881509 ], [ 78.3435219, 14.3862309 ], [ 78.3407432, 14.3841524 ], [ 78.3410087, 14.3818842 ], [ 78.3393753, 14.3765163 ], [ 78.334955, 14.3735492 ], [ 78.3325759, 14.3705066 ] ] } },
{ "type": "Feature", "properties": { "name": null, "highway": "secondary", "ref": "Telumakulapalle", "maxspeed": null }, "geometry": { "type": "LineString", "coordinates": [ [ 78.3562608, 14.4504366 ], [ 78.3586898, 14.4433013 ], [ 78.3608785, 14.439257 ], [ 78.3626568, 14.4379375 ], [ 78.3625388, 14.4269186 ], [ 78.3640248, 14.4239002 ], [ 78.3631593, 14.4152717 ] ] } },
{ "type": "Feature", "properties": { "name": null, "highway": "secondary", "ref": "MDR0286", "maxspeed": null }, "geometry": { "type": "LineString", "coordinates": [ [ 78.365968, 14.4733587 ], [ 78.3699819, 14.4723283 ], [ 78.3759606, 14.4683496 ], [ 78.3806115, 14.4673159 ], [ 78.3870432, 14.4645411 ] ] } },
{ "type": "Feature", "properties": { "name": null, "highway": "secondary", "ref": "MDR0355", "maxspeed": null }, "geometry": { "type": "LineString", "coordinates": [ [ 78.2060338, 14.4328516 ], [ 78.2046023, 14.4359868 ], [ 78.2024297, 14.4363582 ], [ 78.2028803, 14.4384986 ], [ 78.199262, 14.4440312 ], [ 78.1938815, 14.4477688 ], [ 78.1931412, 14.4523662 ], [ 78.1926262, 14.4537791 ], [ 78.1911805, 14.4547453 ], [ 78.1909364, 14.4577607 ], [ 78.1895256, 14.4606956 ], [ 78.183099, 14.4648304 ], [ 78.1813261, 14.4672536 ], [ 78.1786734, 14.4680911 ] ] } },
{ "type": "Feature", "properties": { "name": null, "highway": "secondary", "ref": "MDR0395", "maxspeed": null }, "geometry": { "type": "LineString", "coordinates": [ [ 78.3563375, 14.3221317 ], [ 78.3560854, 14.3219758 ] ] } },
{ "type": "Feature", "properties": { "name": null, "highway": "secondary", "ref": "MDR0395", "maxspeed": null }, "geometry": { "type": "LineString", "coordinates": [ [ 78.3560854, 14.3219758 ], [ 78.3484089, 14.3234571 ], [ 78.3404401, 14.3226125 ], [ 78.3400485, 14.3237586 ], [ 78.3306473, 14.3214534 ], [ 78.3265677, 14.3212273 ], [ 78.3251569, 14.3235974 ], [ 78.3215359, 14.3245512 ], [ 78.3202779, 14.3266095 ], [ 78.3183762, 14.3272228 ], [ 78.3182234, 14.3305388 ], [ 78.3168474, 14.3306375 ], [ 78.3156431, 14.3331323 ], [ 78.3079505, 14.3326516 ], [ 78.3048955, 14.3320305 ], [ 78.3030662, 14.3306947 ], [ 78.2996513, 14.3307162 ] ] } },
{ "type": "Feature", "properties": { "name": null, "highway": "secondary", "ref": "MDR0395", "maxspeed": null }, "geometry": { "type": "LineString", "coordinates": [ [ 78.3915415, 14.340497 ], [ 78.3887091, 14.3389508 ], [ 78.3828485, 14.3400032 ], [ 78.3783182, 14.3369576 ], [ 78.3675009, 14.3345174 ], [ 78.3680695, 14.3332233 ], [ 78.3636814, 14.3313392 ], [ 78.3615249, 14.3282389 ], [ 78.3605567, 14.3279608 ], [ 78.3597064, 14.3253906 ], [ 78.3563375, 14.3221317 ] ] } },
{ "type": "Feature", "properties": { "name": null, "highway": "secondary", "ref": "MDR0395", "maxspeed": null }, "geometry": { "type": "LineString", "coordinates": [ [ 78.3885267, 14.3755368 ], [ 78.3878776, 14.3666637 ], [ 78.3845893, 14.3543888 ], [ 78.3852813, 14.3523412 ], [ 78.3848923, 14.350039 ], [ 78.3857775, 14.3483655 ], [ 78.3907758, 14.3444456 ], [ 78.3915415, 14.340497 ] ] } },
{ "type": "Feature", "properties": { "name": "Jammalamadugu - Kadiri Road", "highway": "primary", "ref": "SH60", "maxspeed": null }, "geometry": { "type": "LineString", "coordinates": [ [ 78.2241567, 14.4037269 ], [ 78.224084, 14.403327 ] ] } },
{ "type": "Feature", "properties": { "name": "Jammalamadugu - Kadiri Road", "highway": "trunk", "ref": "NH716G", "maxspeed": null }, "geometry": { "type": "LineString", "coordinates": [ [ 78.2237875, 14.4026478 ], [ 78.2238398, 14.4030246 ] ] } },
{ "type": "Feature", "properties": { "name": "Kadapa - Pulivendula Road", "highway": "primary", "ref": "SH51", "maxspeed": null }, "geometry": { "type": "LineString", "coordinates": [ [ 78.2378245, 14.4002028 ], [ 78.2375744, 14.4004917 ] ] } },
{ "type": "Feature", "properties": { "name": "Kadapa - Pulivendula Road", "highway": "primary", "ref": "SH51", "maxspeed": null }, "geometry": { "type": "LineString", "coordinates": [ [ 78.2375744, 14.4004917 ], [ 78.2379161, 14.4003307 ] ] } },
{ "type": "Feature", "properties": { "name": "Kadapa - Pulivendula Road", "highway": "primary", "ref": "SH51", "maxspeed": null }, "geometry": { "type": "LineString", "coordinates": [ [ 78.2380695, 14.4002297 ], [ 78.2383722, 14.3999375 ] ] } },
{ "type": "Feature", "properties": { "name": "Kadapa - Pulivendula Road", "highway": "primary", "ref": "SH51", "maxspeed": null }, "geometry": { "type": "LineString", "coordinates": [ [ 78.2501882, 14.3845955 ], [ 78.2424143, 14.392139 ], [ 78.2383722, 14.3999375 ] ] } },
{ "type": "Feature", "properties": { "name": "Pulivendula - Parnapalli Road", "highway": "primary", "ref": "SH343", "maxspeed": null }, "geometry": { "type": "LineString", "coordinates": [ [ 78.213131, 14.4279109 ], [ 78.2149599, 14.4269339 ] ] } },
{ "type": "Feature", "properties": { "name": "Pulivendula - Parnapalli Road", "highway": "primary", "ref": "SH343", "maxspeed": null }, "geometry": { "type": "LineString", "coordinates": [ [ 78.1446139, 14.4780405 ], [ 78.1593782, 14.4645954 ], [ 78.1648941, 14.4580205 ], [ 78.1800902, 14.4464987 ], [ 78.1843522, 14.443761 ], [ 78.1891091, 14.4428987 ], [ 78.1957985, 14.4376856 ], [ 78.2078899, 14.4319138 ], [ 78.213131, 14.4279109 ] ] } },
{ "type": "Feature", "properties": { "name": "Jammalamadugu - Kadiri Road", "highway": "primary", "ref": "SH51;SH60", "maxspeed": null }, "geometry": { "type": "LineString", "coordinates": [ [ 78.2272158, 14.4118253 ], [ 78.2256096, 14.4149156 ] ] } },
{ "type": "Feature", "properties": { "name": "Kottapalli Road", "highway": "secondary", "ref": "MDR0385", "maxspeed": null }, "geometry": { "type": "LineString", "coordinates": [ [ 78.363145, 14.3807376 ], [ 78.3632737, 14.3783264 ], [ 78.3613908, 14.3713847 ] ] } },
{ "type": "Feature", "properties": { "name": "Kottapalli Road", "highway": "secondary", "ref": "MDR0385", "maxspeed": null }, "geometry": { "type": "LineString", "coordinates": [ [ 78.363145, 14.3807376 ], [ 78.3656287, 14.3921181 ] ] } },
{ "type": "Feature", "properties": { "name": "Chagaleru Road", "highway": "secondary", "ref": "MDR0385", "maxspeed": null }, "geometry": { "type": "LineString", "coordinates": [ [ 78.3651566, 14.39376 ], [ 78.3638799, 14.3966175 ], [ 78.364132, 14.3977865 ] ] } },
{ "type": "Feature", "properties": { "name": null, "highway": "secondary", "ref": "MDR0358", "maxspeed": null }, "geometry": { "type": "LineString", "coordinates": [ [ 78.3952671, 14.4056422 ], [ 78.3907556, 14.4056058 ], [ 78.3855763, 14.4042792 ] ] } },
{ "type": "Feature", "properties": { "name": null, "highway": "secondary", "ref": "MDR0358", "maxspeed": null }, "geometry": { "type": "LineString", "coordinates": [ [ 78.3952671, 14.4056422 ], [ 78.3975094, 14.4072944 ] ] } },
{ "type": "Feature", "properties": { "name": null, "highway": "secondary", "ref": "MDR0358", "maxspeed": null }, "geometry": { "type": "LineString", "coordinates": [ [ 78.3984375, 14.4055434 ], [ 78.3975094, 14.4072944 ] ] } },
{ "type": "Feature", "properties": { "name": null, "highway": "secondary", "ref": "MDR068", "maxspeed": null }, "geometry": { "type": "LineString", "coordinates": [ [ 78.3970774, 14.4637868 ], [ 78.3993814, 14.4640414 ] ] } },
{ "type": "Feature", "properties": { "name": "Pulivendula - Parnapalli Road", "highway": "primary", "ref": "SH343", "maxspeed": null }, "geometry": { "type": "LineString", "coordinates": [ [ 78.1444686, 14.4781622 ], [ 78.1446139, 14.4780405 ] ] } },
{ "type": "Feature", "properties": { "name": "Kadapa - Pulivendula Road", "highway": "primary", "ref": "SH51", "maxspeed": null }, "geometry": { "type": "LineString", "coordinates": [ [ 78.2375744, 14.4004917 ], [ 78.2367041, 14.4011227 ] ] } },
{ "type": "Feature", "properties": { "name": null, "highway": "secondary", "ref": "MDR0287", "maxspeed": null }, "geometry": { "type": "LineString", "coordinates": [ [ 78.3023691, 14.3960451 ], [ 78.3070188, 14.3982459 ], [ 78.31564, 14.4091854 ], [ 78.3216881, 14.415162 ] ] } },
{ "type": "Feature", "properties": { "name": "Vemula Road", "highway": "secondary", "ref": "MDR0288", "maxspeed": null }, "geometry": { "type": "LineString", "coordinates": [ [ 78.3128397, 14.4052847 ], [ 78.313547, 14.3994614 ], [ 78.31655, 14.3946908 ], [ 78.3185502, 14.3890724 ], [ 78.3188835, 14.3836209 ] ] } },
{ "type": "Feature", "properties": { "name": "Vemula Road", "highway": "secondary", "ref": "MDR0288", "maxspeed": null }, "geometry": { "type": "LineString", "coordinates": [ [ 78.3188835, 14.3836209 ], [ 78.3192251, 14.3763529 ] ] } },
{ "type": "Feature", "properties": { "name": null, "highway": "secondary", "ref": "MDR0358", "maxspeed": null }, "geometry": { "type": "LineString", "coordinates": [ [ 78.3651566, 14.39376 ], [ 78.3770254, 14.4003251 ], [ 78.3801743, 14.4030114 ], [ 78.3855763, 14.4042792 ] ] } },
{ "type": "Feature", "properties": { "name": "Kottapalli Road", "highway": "secondary", "ref": "MDR0385", "maxspeed": null }, "geometry": { "type": "LineString", "coordinates": [ [ 78.3656287, 14.3921181 ], [ 78.3651566, 14.39376 ] ] } },
{ "type": "Feature", "properties": { "name": null, "highway": "secondary", "ref": "MDR0392", "maxspeed": null }, "geometry": { "type": "LineString", "coordinates": [ [ 78.3435756, 14.3975921 ], [ 78.3490339, 14.3962229 ], [ 78.3560425, 14.3959372 ], [ 78.359414, 14.392487 ], [ 78.3651566, 14.39376 ] ] } },
{ "type": "Feature", "properties": { "name": "Yemapadu Road", "highway": "secondary", "ref": "MDR0289", "maxspeed": null }, "geometry": { "type": "LineString", "coordinates": [ [ 78.3539343, 14.4142029 ], [ 78.3534756, 14.4115142 ], [ 78.3494255, 14.4080902 ], [ 78.3435756, 14.3975921 ] ] } },
{ "type": "Feature", "properties": { "name": "Chagaleru Road", "highway": "secondary", "ref": "MDR0385", "maxspeed": null }, "geometry": { "type": "LineString", "coordinates": [ [ 78.3529697, 14.4112184 ], [ 78.3571095, 14.4051481 ], [ 78.364132, 14.3977865 ] ] } },
{ "type": "Feature", "properties": { "name": null, "highway": "secondary", "ref": "MDR0353", "maxspeed": null }, "geometry": { "type": "LineString", "coordinates": [ [ 78.2077548, 14.3518241 ], [ 78.2073499, 14.3499266 ], [ 78.208465, 14.3466612 ], [ 78.2116768, 14.3457907 ], [ 78.2189448, 14.3415882 ], [ 78.2251804, 14.3412114 ] ] } },
{ "type": "Feature", "properties": { "name": "Rachakuntapalle Village Road", "highway": "secondary", "ref": "MDR0391", "maxspeed": null }, "geometry": { "type": "LineString", "coordinates": [ [ 78.2751831, 14.3177826 ], [ 78.2771079, 14.315564 ], [ 78.2903902, 14.311755 ], [ 78.2963864, 14.3121492 ], [ 78.2978016, 14.31425 ], [ 78.2975441, 14.3161919 ], [ 78.3011362, 14.3229282 ], [ 78.3010589, 14.3252734 ], [ 78.300265, 14.3260925 ], [ 78.3006383, 14.3275062 ], [ 78.2994582, 14.3279803 ], [ 78.2996513, 14.3307162 ], [ 78.2970206, 14.3320218 ], [ 78.2889631, 14.333685 ], [ 78.2894804, 14.338741 ], [ 78.2926518, 14.3444247 ], [ 78.2837297, 14.3542118 ], [ 78.2775466, 14.3578458 ], [ 78.2783389, 14.3598364 ], [ 78.2779569, 14.3675341 ] ] } },
{ "type": "Feature", "properties": { "name": null, "highway": "secondary", "ref": "MDR0353", "maxspeed": null }, "geometry": { "type": "LineString", "coordinates": [ [ 78.2078471, 14.3520512 ], [ 78.2062207, 14.3537878 ], [ 78.2025092, 14.3526488 ], [ 78.1961043, 14.3535907 ], [ 78.1918006, 14.3557516 ], [ 78.1889296, 14.3585538 ], [ 78.1823807, 14.3619878 ], [ 78.1843248, 14.3642786 ], [ 78.1825828, 14.368012 ] ] } },
{ "type": "Feature", "properties": { "name": null, "highway": "secondary", "ref": "MDR0403", "maxspeed": null }, "geometry": { "type": "LineString", "coordinates": [ [ 78.1208497, 14.413449 ], [ 78.1207837, 14.4121296 ] ] } },
{ "type": "Feature", "properties": { "name": null, "highway": "secondary", "ref": "MDR0403", "maxspeed": null }, "geometry": { "type": "LineString", "coordinates": [ [ 78.1208497, 14.413449 ], [ 78.1215792, 14.4149981 ], [ 78.1209298, 14.4180196 ], [ 78.1216902, 14.4202883 ], [ 78.1250739, 14.4249567 ], [ 78.1267912, 14.4254954 ], [ 78.1308868, 14.4311571 ], [ 78.1313308, 14.4358525 ], [ 78.1304989, 14.4410469 ], [ 78.1283121, 14.4420106 ], [ 78.1231014, 14.4470764 ], [ 78.1230554, 14.4485071 ], [ 78.1188552, 14.4509806 ], [ 78.1199643, 14.4524838 ], [ 78.1195682, 14.452948 ] ] } },
{ "type": "Feature", "properties": { "name": null, "highway": "secondary", "ref": "MDR0403", "maxspeed": null }, "geometry": { "type": "LineString", "coordinates": [ [ 78.1081107, 14.4549297 ], [ 78.1085166, 14.4565266 ], [ 78.1073325, 14.4569591 ], [ 78.1072509, 14.4583971 ], [ 78.108588, 14.4600823 ], [ 78.1068375, 14.4621332 ], [ 78.1059648, 14.4671392 ], [ 78.1073734, 14.4700399 ], [ 78.107603, 14.4713989 ], [ 78.1069038, 14.471893 ], [ 78.1100731, 14.4813609 ], [ 78.1169527, 14.4838612 ], [ 78.118938, 14.4862677 ], [ 78.1256797, 14.4863368 ], [ 78.1167179, 14.4933583 ], [ 78.1186262, 14.4981263 ] ] } },
{ "type": "Feature", "properties": { "name": "Kanamkinda Kottala Road", "highway": "secondary", "ref": "MDR0353", "maxspeed": null }, "geometry": { "type": "LineString", "coordinates": [ [ 78.2251804, 14.3412114 ], [ 78.2255463, 14.3420821 ], [ 78.2312433, 14.343805 ], [ 78.2314767, 14.3471195 ], [ 78.2346765, 14.3484643 ], [ 78.2349971, 14.3513772 ], [ 78.2364227, 14.3519164 ], [ 78.2366949, 14.3538938 ], [ 78.2378281, 14.3552762 ], [ 78.241826, 14.3559635 ], [ 78.2450889, 14.3578383 ], [ 78.2497767, 14.3635515 ], [ 78.2536015, 14.3645051 ], [ 78.2549614, 14.3657108 ], [ 78.2644986, 14.3677173 ] ] } },
{ "type": "Feature", "properties": { "name": "Pulivendula - Parnapalli Road", "highway": "primary", "ref": "SH343", "maxspeed": null }, "geometry": { "type": "LineString", "coordinates": [ [ 78.1078798, 14.5055194 ], [ 78.1302319, 14.4897308 ], [ 78.1444686, 14.4781622 ] ] } },
{ "type": "Feature", "properties": { "name": null, "highway": "secondary", "ref": "MDR068", "maxspeed": null }, "geometry": { "type": "LineString", "coordinates": [ [ 78.2332691, 14.429081 ], [ 78.231971, 14.4284961 ] ] } },
{ "type": "Feature", "properties": { "name": null, "highway": "trunk", "ref": "NH716G", "maxspeed": null }, "geometry": { "type": "LineString", "coordinates": [ [ 78.2119885, 14.4087263 ], [ 78.2109173, 14.410777 ] ] } },
{ "type": "Feature", "properties": { "name": null, "highway": "trunk", "ref": "NH716G", "maxspeed": null }, "geometry": { "type": "LineString", "coordinates": [ [ 78.2122489, 14.4082641 ], [ 78.2119885, 14.4087263 ] ] } },
{ "type": "Feature", "properties": { "name": null, "highway": "trunk", "ref": "NH716G", "maxspeed": null }, "geometry": { "type": "LineString", "coordinates": [ [ 78.2120703, 14.4087688 ], [ 78.2123311, 14.4083058 ] ] } },
{ "type": "Feature", "properties": { "name": null, "highway": "trunk", "ref": "NH716G", "maxspeed": null }, "geometry": { "type": "LineString", "coordinates": [ [ 78.2111052, 14.4108337 ], [ 78.2120703, 14.4087688 ] ] } },
{ "type": "Feature", "properties": { "name": null, "highway": "secondary", "ref": "MDR0391", "maxspeed": null }, "geometry": { "type": "LineString", "coordinates": [ [ 78.2628943, 14.3242338 ], [ 78.2619974, 14.3204832 ], [ 78.2657969, 14.3191686 ], [ 78.2656291, 14.3183813 ], [ 78.2720696, 14.3160256 ], [ 78.274902, 14.3168531 ], [ 78.2751831, 14.3177826 ] ] } },
{ "type": "Feature", "properties": { "name": null, "highway": "secondary", "ref": "MDR0391", "maxspeed": null }, "geometry": { "type": "LineString", "coordinates": [ [ 78.2508967, 14.3756485 ], [ 78.249882, 14.3678723 ], [ 78.2540272, 14.3545199 ], [ 78.2529347, 14.348993 ], [ 78.2539968, 14.3469468 ], [ 78.2530804, 14.343707 ], [ 78.2549801, 14.3398497 ], [ 78.2538773, 14.3379676 ], [ 78.2545085, 14.3356097 ], [ 78.2533516, 14.3281767 ], [ 78.2628943, 14.3242338 ] ] } },
{ "type": "Feature", "properties": { "name": "Jammalamadugu - Kadiri Road", "highway": "trunk", "ref": "NH716G", "maxspeed": null }, "geometry": { "type": "LineString", "coordinates": [ [ 78.2240304, 14.4031363 ], [ 78.2239611, 14.4030341 ] ] } },
{ "type": "Feature", "properties": { "name": "Jammalamadugu - Kadiri Road", "highway": "trunk", "ref": "NH716G", "maxspeed": null }, "geometry": { "type": "LineString", "coordinates": [ [ 78.2238398, 14.4030246 ], [ 78.2238529, 14.4031996 ] ] } },
{ "type": "Feature", "properties": { "name": "Jammalamadugu - Kadiri Road", "highway": "trunk", "ref": "NH716G", "maxspeed": null }, "geometry": { "type": "LineString", "coordinates": [ [ 78.2229962, 14.4003167 ], [ 78.2237875, 14.4026478 ] ] } },
{ "type": "Feature", "properties": { "name": "Jammalamadugu - Kadiri Road", "highway": "trunk", "ref": "NH716G", "maxspeed": null }, "geometry": { "type": "LineString", "coordinates": [ [ 78.2229033, 14.4000705 ], [ 78.2229962, 14.4003167 ] ] } },
{ "type": "Feature", "properties": { "name": null, "highway": "secondary", "ref": "MDR069", "maxspeed": null }, "geometry": { "type": "LineString", "coordinates": [ [ 78.2424054, 14.4163967 ], [ 78.2429662, 14.4161241 ] ] } },
{ "type": "Feature", "properties": { "name": null, "highway": "secondary", "ref": "MDR044", "maxspeed": null }, "geometry": { "type": "LineString", "coordinates": [ [ 78.2325042, 14.4559677 ], [ 78.2285118, 14.4564697 ] ] } },
{ "type": "Feature", "properties": { "name": null, "highway": "secondary", "ref": "MDR044", "maxspeed": null }, "geometry": { "type": "LineString", "coordinates": [ [ 78.2324699, 14.4561325 ], [ 78.2285246, 14.4565966 ] ] } },
{ "type": "Feature", "properties": { "name": null, "highway": "secondary", "ref": "MDR044", "maxspeed": null }, "geometry": { "type": "LineString", "coordinates": [ [ 78.2282366, 14.4566117 ], [ 78.2206569, 14.4562573 ] ] } },
{ "type": "Feature", "properties": { "name": null, "highway": "secondary", "ref": "MDR044", "maxspeed": null }, "geometry": { "type": "LineString", "coordinates": [ [ 78.2205974, 14.4561385 ], [ 78.2282339, 14.4564869 ] ] } },
{ "type": "Feature", "properties": { "name": null, "highway": "secondary", "ref": "MDR044", "maxspeed": null }, "geometry": { "type": "LineString", "coordinates": [ [ 78.2282224, 14.4565282 ], [ 78.2283596, 14.4566965 ], [ 78.2285333, 14.4565537 ], [ 78.2283919, 14.4563959 ], [ 78.2282224, 14.4565282 ] ] } },
{ "type": "Feature", "properties": { "name": null, "highway": "secondary", "ref": "MDR0394", "maxspeed": null }, "geometry": { "type": "LineString", "coordinates": [ [ 78.2968394, 14.4629539 ], [ 78.2969615, 14.4652667 ] ] } },
{ "type": "Feature", "properties": { "name": null, "highway": "secondary", "ref": "MDR0394", "maxspeed": null }, "geometry": { "type": "LineString", "coordinates": [ [ 78.2968649, 14.4627176 ], [ 78.2968394, 14.4629539 ] ] } },
{ "type": "Feature", "properties": { "name": null, "highway": "secondary", "ref": "MDR0394", "maxspeed": null }, "geometry": { "type": "LineString", "coordinates": [ [ 78.280992, 14.4499596 ], [ 78.2805294, 14.4532701 ] ] } },
{ "type": "Feature", "properties": { "name": null, "highway": "secondary", "ref": "MDR0394", "maxspeed": null }, "geometry": { "type": "LineString", "coordinates": [ [ 78.2805294, 14.4532701 ], [ 78.2804726, 14.4536038 ] ] } },
{ "type": "Feature", "properties": { "name": null, "highway": "secondary", "ref": "MDR0385", "maxspeed": null }, "geometry": { "type": "LineString", "coordinates": [ [ 78.3673994, 14.4786031 ], [ 78.3654973, 14.4715726 ], [ 78.3646848, 14.4607986 ] ] } },
{ "type": "Feature", "properties": { "name": null, "highway": "secondary", "ref": "MDR0354", "maxspeed": null }, "geometry": { "type": "LineString", "coordinates": [ [ 78.1624755, 14.4848486 ], [ 78.1617138, 14.4834696 ], [ 78.1602198, 14.4829243 ], [ 78.1583878, 14.4791326 ], [ 78.1567678, 14.4735204 ], [ 78.1566034, 14.4670237 ] ] } },
{ "type": "Feature", "properties": { "name": null, "highway": "secondary", "ref": "MDR0406", "maxspeed": null }, "geometry": { "type": "LineString", "coordinates": [ [ 78.0993249, 14.4201147 ], [ 78.0984042, 14.4203095 ], [ 78.0998325, 14.418671 ], [ 78.0944164, 14.4225682 ], [ 78.0968754, 14.4194205 ], [ 78.0905709, 14.4236976 ], [ 78.0928943, 14.4213616 ], [ 78.0898098, 14.4231644 ], [ 78.0923049, 14.4207011 ], [ 78.0902671, 14.4211707 ], [ 78.0910543, 14.4198394 ], [ 78.0831645, 14.4235021 ], [ 78.0809624, 14.4222292 ], [ 78.076386, 14.4229819 ], [ 78.0780262, 14.4219753 ], [ 78.0728354, 14.4215941 ], [ 78.0712609, 14.4226188 ], [ 78.0692909, 14.4219227 ], [ 78.0692935, 14.4230046 ], [ 78.0683333, 14.4236449 ], [ 78.0671431, 14.4236501 ], [ 78.0665711, 14.4227247 ], [ 78.0648129, 14.4246061 ], [ 78.0577479, 14.425399 ], [ 78.0548941, 14.4266459 ], [ 78.0490513, 14.4257865 ] ] } },
{ "type": "Feature", "properties": { "name": null, "highway": "secondary", "ref": "MDR0355", "maxspeed": null }, "geometry": { "type": "LineString", "coordinates": [ [ 78.1624755, 14.4848486 ], [ 78.1651148, 14.4846772 ], [ 78.1667161, 14.4835475 ], [ 78.1689101, 14.4793846 ] ] } },
{ "type": "Feature", "properties": { "name": null, "highway": "secondary", "ref": "MDR0355", "maxspeed": null }, "geometry": { "type": "LineString", "coordinates": [ [ 78.1689101, 14.4793846 ], [ 78.1689289, 14.4792144 ] ] } },
{ "type": "Feature", "properties": { "name": null, "highway": "secondary", "ref": "MDR0391", "maxspeed": null }, "geometry": { "type": "LineString", "coordinates": [ [ 78.2501882, 14.3845955 ], [ 78.2512178, 14.3811307 ], [ 78.2509474, 14.3760113 ] ] } },
{ "type": "Feature", "properties": { "name": null, "highway": "secondary", "ref": "MDR0391", "maxspeed": null }, "geometry": { "type": "LineString", "coordinates": [ [ 78.2509474, 14.3760113 ], [ 78.2508967, 14.3756485 ] ] } },
{ "type": "Feature", "properties": { "name": "Kanamkinda Kottala Road", "highway": "secondary", "ref": "MDR0353", "maxspeed": null }, "geometry": { "type": "LineString", "coordinates": [ [ 78.264764, 14.3677608 ], [ 78.2718211, 14.3688417 ] ] } },
{ "type": "Feature", "properties": { "name": "Kanamkinda Kottala Road", "highway": "secondary", "ref": "MDR0353", "maxspeed": null }, "geometry": { "type": "LineString", "coordinates": [ [ 78.2644986, 14.3677173 ], [ 78.264764, 14.3677608 ] ] } },
{ "type": "Feature", "properties": { "name": null, "highway": "secondary", "ref": "MDR068", "maxspeed": null }, "geometry": { "type": "LineString", "coordinates": [ [ 78.2427522, 14.4349368 ], [ 78.2453478, 14.4348066 ], [ 78.2510155, 14.4362969 ], [ 78.2569455, 14.4391291 ] ] } },
{ "type": "Feature", "properties": { "name": null, "highway": "secondary", "ref": "MDR068", "maxspeed": null }, "geometry": { "type": "LineString", "coordinates": [ [ 78.2569455, 14.4391291 ], [ 78.2572133, 14.4390708 ] ] } },
{ "type": "Feature", "properties": { "name": "Jammalamadugu - Kadiri Road", "highway": "trunk", "ref": "NH716G", "maxspeed": null }, "geometry": { "type": "LineString", "coordinates": [ [ 78.2671353, 14.5450859 ], [ 78.2403819, 14.5006504 ], [ 78.2362604, 14.492677 ], [ 78.2331385, 14.4801291 ], [ 78.2278445, 14.4695886 ] ] } },
{ "type": "Feature", "properties": { "name": null, "highway": "secondary", "ref": "Telumakulapalle", "maxspeed": null }, "geometry": { "type": "LineString", "coordinates": [ [ 78.3511716, 14.4598541 ], [ 78.3561549, 14.4506975 ] ] } },
{ "type": "Feature", "properties": { "name": null, "highway": "secondary", "ref": "Telumakulapalle", "maxspeed": null }, "geometry": { "type": "LineString", "coordinates": [ [ 78.3561549, 14.4506975 ], [ 78.3562608, 14.4504366 ] ] } },
{ "type": "Feature", "properties": { "name": null, "highway": "secondary", "ref": "MDR068", "maxspeed": null }, "geometry": { "type": "LineString", "coordinates": [ [ 78.3658233, 14.4608759 ], [ 78.3726545, 14.4632353 ], [ 78.3827868, 14.4628574 ], [ 78.3873309, 14.464648 ], [ 78.3924946, 14.4631783 ], [ 78.3970774, 14.4637868 ] ] } },
{ "type": "Feature", "properties": { "name": null, "highway": "secondary", "ref": "MDR068", "maxspeed": null }, "geometry": { "type": "LineString", "coordinates": [ [ 78.3655233, 14.4608556 ], [ 78.3658233, 14.4608759 ] ] } },
{ "type": "Feature", "properties": { "name": null, "highway": "secondary", "ref": "MDR0286", "maxspeed": null }, "geometry": { "type": "LineString", "coordinates": [ [ 78.3660438, 14.4735633 ], [ 78.3632603, 14.4740327 ], [ 78.3601919, 14.4758169 ] ] } },
{ "type": "Feature", "properties": { "name": null, "highway": "secondary", "ref": "MDR0286", "maxspeed": null }, "geometry": { "type": "LineString", "coordinates": [ [ 78.3601919, 14.4758169 ], [ 78.3599807, 14.4758805 ] ] } },
{ "type": "Feature", "properties": { "name": null, "highway": "secondary", "ref": "MDR0385", "maxspeed": null }, "geometry": { "type": "LineString", "coordinates": [ [ 78.3747107, 14.4842435 ], [ 78.3697714, 14.4818244 ], [ 78.3677417, 14.4789073 ] ] } },
{ "type": "Feature", "properties": { "name": null, "highway": "secondary", "ref": "MDR0385", "maxspeed": null }, "geometry": { "type": "LineString", "coordinates": [ [ 78.3677417, 14.4789073 ], [ 78.3673994, 14.4786031 ] ] } },
{ "type": "Feature", "properties": { "name": "Jammalamadugu - Kadiri Road", "highway": "trunk", "ref": "NH716G", "maxspeed": null }, "geometry": { "type": "LineString", "coordinates": [ [ 78.228178, 14.4676689 ], [ 78.2294521, 14.4655438 ] ] } },
{ "type": "Feature", "properties": { "name": "Jammalamadugu - Kadiri Road", "highway": "trunk", "ref": "NH716G", "maxspeed": null }, "geometry": { "type": "LineString", "coordinates": [ [ 78.2294521, 14.4655438 ], [ 78.229555, 14.4653023 ] ] } },
{ "type": "Feature", "properties": { "name": "Jammalamadugu - Kadiri Road", "highway": "trunk", "ref": "NH716G", "maxspeed": null }, "geometry": { "type": "LineString", "coordinates": [ [ 78.2278445, 14.4695886 ], [ 78.2279325, 14.467914 ] ] } },
{ "type": "Feature", "properties": { "name": "Jammalamadugu - Kadiri Road", "highway": "trunk", "ref": "NH716G", "maxspeed": null }, "geometry": { "type": "LineString", "coordinates": [ [ 78.2279325, 14.467914 ], [ 78.228178, 14.4676689 ] ] } },
{ "type": "Feature", "properties": { "name": null, "highway": "primary", "ref": "SH331", "maxspeed": null }, "geometry": { "type": "LineString", "coordinates": [ [ 78.1262499, 14.6275427 ], [ 78.1274781, 14.6324672 ], [ 78.1275398, 14.6371904 ] ] } },
{ "type": "Feature", "properties": { "name": "Jammalamadugu Muddanuru Road", "highway": "trunk", "ref": "NH167K", "maxspeed": null }, "geometry": { "type": "LineString", "coordinates": [ [ 78.3756098, 14.8079743 ], [ 78.3742835, 14.8040486 ], [ 78.3737369, 14.793568 ], [ 78.3693187, 14.7861899 ], [ 78.3666916, 14.7797595 ], [ 78.364247, 14.7650801 ], [ 78.3626215, 14.7607627 ], [ 78.3606735, 14.7585219 ], [ 78.359935, 14.7546845 ], [ 78.3634364, 14.7496569 ], [ 78.3654142, 14.74137 ], [ 78.3640476, 14.7302837 ], [ 78.3708296, 14.7280056 ], [ 78.3743523, 14.7243442 ], [ 78.3804001, 14.7222836 ], [ 78.3828278, 14.7172922 ], [ 78.3851705, 14.7144187 ], [ 78.3914263, 14.7108926 ], [ 78.3923558, 14.7082161 ], [ 78.3925235, 14.6988086 ] ] } },
{ "type": "Feature", "properties": { "name": null, "highway": "secondary", "ref": "MDR0419", "maxspeed": null }, "geometry": { "type": "LineString", "coordinates": [ [ 78.073335, 14.6999877 ], [ 78.0737252, 14.7016364 ], [ 78.080644, 14.7070928 ], [ 78.0818148, 14.7112761 ], [ 78.0886142, 14.7196931 ], [ 78.0983493, 14.7264444 ], [ 78.1030324, 14.7319671 ], [ 78.1110361, 14.742749 ], [ 78.1124637, 14.7461904 ], [ 78.1123611, 14.7483926 ], [ 78.1155825, 14.7511375 ], [ 78.1282908, 14.7499457 ], [ 78.1303916, 14.748379 ], [ 78.1342372, 14.7514475 ], [ 78.1388533, 14.7525907 ], [ 78.1470864, 14.7519007 ], [ 78.1502232, 14.7508405 ] ] } },
{ "type": "Feature", "properties": { "name": "Gandluru - Kondapuram - Simhadripuram - Velidandla Road", "highway": "primary", "ref": "SH331", "maxspeed": null }, "geometry": { "type": "LineString", "coordinates": [ [ 78.0869056, 14.5904414 ], [ 78.0837822, 14.5874304 ], [ 78.0797696, 14.5808838 ], [ 78.0790575, 14.5776286 ], [ 78.0762331, 14.5747835 ], [ 78.0726993, 14.5735894 ], [ 78.0637427, 14.5682956 ], [ 78.0580377, 14.5679737 ], [ 78.0546594, 14.5651123 ], [ 78.0535503, 14.5649987 ], [ 78.0525023, 14.5622139 ] ] } },
{ "type": "Feature", "properties": { "name": null, "highway": "secondary", "ref": "MDR0396", "maxspeed": null }, "geometry": { "type": "LineString", "coordinates": [ [ 78.1623334, 14.6516203 ], [ 78.1630401, 14.6544598 ], [ 78.1714556, 14.6595005 ], [ 78.1717144, 14.6618476 ], [ 78.1770426, 14.6612793 ], [ 78.177406, 14.662277 ], [ 78.1808138, 14.6634551 ], [ 78.1836931, 14.6658344 ] ] } },
{ "type": "Feature", "properties": { "name": "Gandluru - Kondapuram - Simhadripuram - Velidandla Road", "highway": "primary", "ref": "SH331", "maxspeed": null }, "geometry": { "type": "LineString", "coordinates": [ [ 78.1292611, 14.6473721 ], [ 78.1304272, 14.6538209 ], [ 78.14795, 14.7063518 ], [ 78.1483524, 14.7108594 ], [ 78.1462978, 14.7292634 ] ] } },
{ "type": "Feature", "properties": { "name": null, "highway": "trunk", "ref": "NH67;NH544F", "maxspeed": null }, "geometry": { "type": "LineString", "coordinates": [ [ 78.3505445, 14.7059847 ], [ 78.3494081, 14.7064456 ] ] } },
{ "type": "Feature", "properties": { "name": null, "highway": "trunk", "ref": "NH67;NH544F", "maxspeed": null }, "geometry": { "type": "LineString", "coordinates": [ [ 78.3494081, 14.7064456 ], [ 78.339908, 14.7095854 ], [ 78.333321, 14.710149 ], [ 78.3302166, 14.7111743 ], [ 78.3174216, 14.718633 ], [ 78.3087771, 14.7246712 ], [ 78.2998371, 14.7288651 ] ] } },
{ "type": "Feature", "properties": { "name": null, "highway": "trunk", "ref": "NH67;NH544F", "maxspeed": null }, "geometry": { "type": "LineString", "coordinates": [ [ 78.3821529, 14.6851701 ], [ 78.3737469, 14.6901761 ], [ 78.3709237, 14.6927943 ], [ 78.3622128, 14.6967309 ], [ 78.3564268, 14.7027362 ], [ 78.3505445, 14.7059847 ] ] } },
{ "type": "Feature", "properties": { "name": "Koilakuntla - Jammalamadugu Road", "highway": "trunk", "ref": "NH167K", "maxspeed": null }, "geometry": { "type": "LineString", "coordinates": [ [ 78.3849076, 14.857524 ], [ 78.3877305, 14.8639684 ], [ 78.3912125, 14.8759366 ], [ 78.3911963, 14.8797557 ] ] } },
{ "type": "Feature", "properties": { "name": null, "highway": "secondary", "ref": "MDR0367", "maxspeed": null }, "geometry": { "type": "LineString", "coordinates": [ [ 78.3875773, 14.8405107 ], [ 78.38714, 14.8387232 ], [ 78.3877274, 14.8363059 ] ] } },
{ "type": "Feature", "properties": { "name": null, "highway": "trunk", "ref": "NH167K", "maxspeed": null }, "geometry": { "type": "LineString", "coordinates": [ [ 78.3824432, 14.8444961 ], [ 78.380878, 14.8400521 ] ] } },
{ "type": "Feature", "properties": { "name": null, "highway": "secondary", "ref": "MDR0372", "maxspeed": null }, "geometry": { "type": "LineString", "coordinates": [ [ 78.3548624, 14.7990864 ], [ 78.3559701, 14.7980595 ], [ 78.3550501, 14.797603 ], [ 78.354266, 14.7951905 ], [ 78.3510929, 14.7961293 ], [ 78.3506745, 14.7969306 ], [ 78.3521855, 14.8006397 ] ] } },
{ "type": "Feature", "properties": { "name": null, "highway": "trunk", "ref": "NH67;NH544F", "maxspeed": null }, "geometry": { "type": "LineString", "coordinates": [ [ 78.1426183, 14.779029 ], [ 78.1391014, 14.8027991 ], [ 78.1379145, 14.8062813 ] ] } },
{ "type": "Feature", "properties": { "name": "Jammalamadugu - Kadiri Road", "highway": "trunk", "ref": "NH716G", "maxspeed": null }, "geometry": { "type": "LineString", "coordinates": [ [ 78.3763746, 14.652493 ], [ 78.3643861, 14.6365011 ], [ 78.3415311, 14.6227897 ], [ 78.3420306, 14.622008 ], [ 78.3410627, 14.6217736 ], [ 78.3408734, 14.6188486 ], [ 78.3385995, 14.6184306 ], [ 78.3339317, 14.6198268 ], [ 78.3330467, 14.6160939 ], [ 78.3302838, 14.6151592 ], [ 78.3289279, 14.612895 ], [ 78.3239181, 14.6106278 ], [ 78.3179903, 14.606018 ], [ 78.3153708, 14.6006099 ], [ 78.3087588, 14.5966569 ], [ 78.3047801, 14.5917185 ], [ 78.2829989, 14.5756996 ], [ 78.278814, 14.5687286 ], [ 78.2672633, 14.5453113 ] ] } },
{ "type": "Feature", "properties": { "name": null, "highway": "primary", "ref": null, "maxspeed": null }, "geometry": { "type": "LineString", "coordinates": [ [ 78.3840484, 14.8436365 ], [ 78.3860402, 14.8413454 ] ] } },
{ "type": "Feature", "properties": { "name": "Kondapuram - Danthalapalli Road", "highway": "secondary", "ref": "MDR074", "maxspeed": null }, "geometry": { "type": "LineString", "coordinates": [ [ 78.0413126, 14.5659432 ], [ 78.0440909, 14.5701174 ], [ 78.044516, 14.574633 ], [ 78.0417922, 14.5787137 ], [ 78.037266, 14.5826658 ], [ 78.0359571, 14.585102 ], [ 78.0344658, 14.5853291 ] ] } },
{ "type": "Feature", "properties": { "name": "Pulivendula-Tadipatri Road", "highway": "secondary", "ref": "MDR052", "maxspeed": null }, "geometry": { "type": "LineString", "coordinates": [ [ 78.197508, 14.5375361 ], [ 78.1945091, 14.5470031 ], [ 78.1813274, 14.5685637 ], [ 78.174925, 14.5723629 ], [ 78.1717171, 14.5767357 ], [ 78.1511888, 14.598148 ], [ 78.1442928, 14.6027512 ], [ 78.140987, 14.6074609 ], [ 78.1391007, 14.6119624 ] ] } },
{ "type": "Feature", "properties": { "name": null, "highway": "secondary", "ref": "MDR052", "maxspeed": null }, "geometry": { "type": "LineString", "coordinates": [ [ 78.1976074, 14.5374774 ], [ 78.1975233, 14.537455 ], [ 78.197508, 14.5375361 ], [ 78.1975757, 14.5375577 ], [ 78.1976074, 14.5374774 ] ] } },
{ "type": "Feature", "properties": { "name": "Pulivendula-Tadipatri Road", "highway": "secondary", "ref": "MDR052", "maxspeed": null }, "geometry": { "type": "LineString", "coordinates": [ [ 78.1976074, 14.5374774 ], [ 78.1977962, 14.5366946 ] ] } },
{ "type": "Feature", "properties": { "name": "Pulivendula-Tadipatri Road", "highway": "secondary", "ref": "MDR052", "maxspeed": null }, "geometry": { "type": "LineString", "coordinates": [ [ 78.1972142, 14.5386678 ], [ 78.1975757, 14.5375577 ] ] } },
{ "type": "Feature", "properties": { "name": null, "highway": "secondary", "ref": "MDR065", "maxspeed": null }, "geometry": { "type": "LineString", "coordinates": [ [ 78.3063479, 14.5937263 ], [ 78.2984984, 14.5987618 ], [ 78.2819961, 14.6057128 ], [ 78.2671286, 14.6084835 ], [ 78.2517838, 14.6187026 ] ] } },
{ "type": "Feature", "properties": { "name": null, "highway": "secondary", "ref": "MDR0420", "maxspeed": null }, "geometry": { "type": "LineString", "coordinates": [ [ 78.1255643, 14.7024509 ], [ 78.126489, 14.7015046 ], [ 78.1276055, 14.7025767 ], [ 78.1352766, 14.7053663 ], [ 78.1476735, 14.7050996 ] ] } },
{ "type": "Feature", "properties": { "name": null, "highway": "secondary", "ref": "MDR0409", "maxspeed": null }, "geometry": { "type": "LineString", "coordinates": [ [ 78.2095141, 14.543138 ], [ 78.2229882, 14.5487212 ], [ 78.2245553, 14.547499 ], [ 78.2371596, 14.5436481 ] ] } },
{ "type": "Feature", "properties": { "name": null, "highway": "secondary", "ref": "MDR0292", "maxspeed": null }, "geometry": { "type": "LineString", "coordinates": [ [ 78.2027771, 14.5428141 ], [ 78.2085639, 14.5498018 ], [ 78.2106185, 14.5511376 ], [ 78.2143789, 14.557739 ] ] } },
{ "type": "Feature", "properties": { "name": null, "highway": "secondary", "ref": "MDR0409", "maxspeed": null }, "geometry": { "type": "LineString", "coordinates": [ [ 78.1976123, 14.53752 ], [ 78.2000077, 14.5389949 ], [ 78.2027771, 14.5428141 ] ] } },
{ "type": "Feature", "properties": { "name": null, "highway": "secondary", "ref": "MDR0356", "maxspeed": null }, "geometry": { "type": "LineString", "coordinates": [ [ 78.1987307, 14.567235 ], [ 78.2032746, 14.566335 ], [ 78.2173428, 14.5685481 ], [ 78.2245445, 14.5675746 ], [ 78.2294221, 14.5686403 ] ] } },
{ "type": "Feature", "properties": { "name": "Thonduru - Simhadripuram Road", "highway": "primary", "ref": "SH339", "maxspeed": null }, "geometry": { "type": "LineString", "coordinates": [ [ 78.2221728, 14.6003873 ], [ 78.2240208, 14.6003205 ], [ 78.2269371, 14.5983822 ], [ 78.2362135, 14.5951461 ], [ 78.2407357, 14.5947607 ], [ 78.2414129, 14.5932772 ], [ 78.2441823, 14.591982 ], [ 78.2445189, 14.5910968 ], [ 78.2613029, 14.5817833 ], [ 78.2684241, 14.5796664 ], [ 78.2758492, 14.5785334 ] ] } },
{ "type": "Feature", "properties": { "name": null, "highway": "secondary", "ref": "MDR0356", "maxspeed": null }, "geometry": { "type": "LineString", "coordinates": [ [ 78.2446556, 14.5731209 ], [ 78.2563636, 14.5774417 ], [ 78.2626386, 14.5759491 ], [ 78.2650258, 14.5764228 ], [ 78.2690142, 14.5756856 ], [ 78.2758492, 14.5785334 ] ] } },
{ "type": "Feature", "properties": { "name": null, "highway": "secondary", "ref": "MDR0145", "maxspeed": null }, "geometry": { "type": "LineString", "coordinates": [ [ 77.9616578, 14.5931323 ], [ 77.9618382, 14.5953577 ], [ 77.9642737, 14.5949242 ], [ 77.9650918, 14.5899976 ], [ 77.9627824, 14.580035 ], [ 77.9604925, 14.5746936 ] ] } },
{ "type": "Feature", "properties": { "name": null, "highway": "secondary", "ref": "MDR0399", "maxspeed": null }, "geometry": { "type": "LineString", "coordinates": [ [ 78.2662757, 14.4965956 ], [ 78.2651035, 14.4970423 ], [ 78.2597271, 14.5035524 ], [ 78.2557239, 14.510777 ], [ 78.2502615, 14.5167057 ] ] } },
{ "type": "Feature", "properties": { "name": null, "highway": "secondary", "ref": "MDR0398", "maxspeed": null }, "geometry": { "type": "LineString", "coordinates": [ [ 78.2361525, 14.4923617 ], [ 78.2378121, 14.4898074 ], [ 78.2453343, 14.4865444 ], [ 78.2511252, 14.4867989 ], [ 78.2652524, 14.484363 ], [ 78.2676771, 14.4899425 ], [ 78.2656581, 14.4906138 ], [ 78.2663776, 14.4927315 ] ] } },
{ "type": "Feature", "properties": { "name": null, "highway": "secondary", "ref": "MDR0319", "maxspeed": null }, "geometry": { "type": "LineString", "coordinates": [ [ 78.281831, 14.8566304 ], [ 78.2869649, 14.8511576 ], [ 78.2892609, 14.8502696 ], [ 78.2902506, 14.847992 ], [ 78.2955144, 14.8445204 ], [ 78.2994425, 14.846251 ], [ 78.3006763, 14.8483912 ], [ 78.3005858, 14.8517739 ], [ 78.3054111, 14.849613 ], [ 78.3118457, 14.8515983 ], [ 78.3136582, 14.8535363 ], [ 78.313567, 14.8555261 ], [ 78.3163954, 14.8562986 ], [ 78.3175153, 14.8605478 ], [ 78.3323371, 14.8529879 ], [ 78.3365415, 14.853474 ] ] } },
{ "type": "Feature", "properties": { "name": null, "highway": "secondary", "ref": "MDR041", "maxspeed": null }, "geometry": { "type": "LineString", "coordinates": [ [ 78.0829105, 14.7760392 ], [ 78.0668896, 14.7705668 ], [ 78.0658614, 14.7688259 ] ] } },
{ "type": "Feature", "properties": { "name": null, "highway": "secondary", "ref": "MDR0296", "maxspeed": null }, "geometry": { "type": "LineString", "coordinates": [ [ 78.0902959, 14.7733238 ], [ 78.091925, 14.773121 ] ] } },
{ "type": "Feature", "properties": { "name": null, "highway": "secondary", "ref": "MDR078", "maxspeed": null }, "geometry": { "type": "LineString", "coordinates": [ [ 78.0855887, 14.7667672 ], [ 78.0862901, 14.7682391 ], [ 78.089215, 14.7699146 ], [ 78.0940591, 14.7756022 ], [ 78.0974561, 14.7816074 ] ] } },
{ "type": "Feature", "properties": { "name": null, "highway": "secondary", "ref": "MDR40", "maxspeed": null }, "geometry": { "type": "LineString", "coordinates": [ [ 78.0829105, 14.7760392 ], [ 78.0832994, 14.7774008 ], [ 78.0815399, 14.7813481 ], [ 78.0802818, 14.7931091 ] ] } },
{ "type": "Feature", "properties": { "name": null, "highway": "secondary", "ref": "MDR0342", "maxspeed": null }, "geometry": { "type": "LineString", "coordinates": [ [ 78.3365415, 14.853474 ], [ 78.3359702, 14.8560523 ], [ 78.3294283, 14.8625479 ], [ 78.3238513, 14.8754451 ], [ 78.3240089, 14.8767328 ], [ 78.3227851, 14.8775345 ], [ 78.3232183, 14.8795376 ], [ 78.3225726, 14.8826295 ], [ 78.330648, 14.8905733 ], [ 78.3304931, 14.8921584 ], [ 78.328912, 14.893249 ], [ 78.328498, 14.8946358 ] ] } },
{ "type": "Feature", "properties": { "name": null, "highway": "secondary", "ref": "MDR040", "maxspeed": null }, "geometry": { "type": "LineString", "coordinates": [ [ 78.0802818, 14.7931091 ], [ 78.0797857, 14.8067701 ], [ 78.0801988, 14.815221 ], [ 78.0815929, 14.8224759 ] ] } },
{ "type": "Feature", "properties": { "name": null, "highway": "secondary", "ref": "MDR038", "maxspeed": null }, "geometry": { "type": "LineString", "coordinates": [ [ 78.1071674, 14.79298 ], [ 78.1006452, 14.7939052 ], [ 78.0943555, 14.7934773 ], [ 78.0928051, 14.792593 ], [ 78.0871886, 14.7932672 ], [ 78.0877519, 14.7912457 ] ] } },
{ "type": "Feature", "properties": { "name": null, "highway": "secondary", "ref": "MDR0397", "maxspeed": null }, "geometry": { "type": "LineString", "coordinates": [ [ 78.2815349, 14.573415 ], [ 78.2928845, 14.5663519 ], [ 78.2958618, 14.5624138 ], [ 78.3024654, 14.5609003 ], [ 78.3071351, 14.5582367 ], [ 78.3086023, 14.5529146 ], [ 78.3103601, 14.5504429 ], [ 78.3173677, 14.547338 ], [ 78.3200929, 14.5470862 ], [ 78.3200225, 14.5403538 ], [ 78.3183306, 14.5334348 ] ] } },
{ "type": "Feature", "properties": { "name": null, "highway": "secondary", "ref": "MDR0420", "maxspeed": null }, "geometry": { "type": "LineString", "coordinates": [ [ 78.104428, 14.7125929 ], [ 78.1060982, 14.7112826 ], [ 78.1138471, 14.7089711 ], [ 78.1171301, 14.7067089 ], [ 78.1243399, 14.703785 ], [ 78.1255643, 14.7024509 ] ] } },
{ "type": "Feature", "properties": { "name": null, "highway": "secondary", "ref": "MDR0416", "maxspeed": null }, "geometry": { "type": "LineString", "coordinates": [ [ 78.1192034, 14.8002716 ], [ 78.1200269, 14.8034483 ], [ 78.1190103, 14.8040369 ], [ 78.1235647, 14.8110099 ], [ 78.124828, 14.8112951 ], [ 78.1259197, 14.8140178 ], [ 78.1289211, 14.8124646 ], [ 78.131614, 14.8079785 ], [ 78.1361507, 14.8053425 ] ] } },
{ "type": "Feature", "properties": { "name": null, "highway": "secondary", "ref": "MDR0355", "maxspeed": null }, "geometry": { "type": "LineString", "coordinates": [ [ 78.1353338, 14.5473815 ], [ 78.1365064, 14.5399075 ], [ 78.1360289, 14.535582 ], [ 78.1371179, 14.5350108 ], [ 78.1375658, 14.5333544 ], [ 78.1362542, 14.5293845 ], [ 78.1340575, 14.5266504 ], [ 78.1347683, 14.5253677 ], [ 78.1343847, 14.5198008 ], [ 78.1353825, 14.5167135 ], [ 78.1419781, 14.5066204 ], [ 78.1459451, 14.5025409 ], [ 78.1459638, 14.5007881 ], [ 78.1489143, 14.4951193 ], [ 78.158302, 14.4867703 ], [ 78.1624755, 14.4848486 ] ] } },
{ "type": "Feature", "properties": { "name": null, "highway": "secondary", "ref": "MDR0402", "maxspeed": null }, "geometry": { "type": "LineString", "coordinates": [ [ 78.1131027, 14.5103778 ], [ 78.1151345, 14.5114736 ], [ 78.1187502, 14.5162461 ], [ 78.1197533, 14.5159086 ], [ 78.1251472, 14.5203513 ], [ 78.1288648, 14.5207304 ], [ 78.1327781, 14.5275929 ], [ 78.1341809, 14.5270502 ] ] } },
{ "type": "Feature", "properties": { "name": null, "highway": "secondary", "ref": "MDR0386", "maxspeed": null }, "geometry": { "type": "LineString", "coordinates": [ [ 78.0097049, 14.5076175 ], [ 78.017647, 14.5067606 ], [ 78.023065, 14.5086899 ], [ 78.0280754, 14.5091521 ], [ 78.0426022, 14.5067866 ], [ 78.0514348, 14.5064438 ], [ 78.058269, 14.5052831 ], [ 78.0636844, 14.5020112 ], [ 78.0733779, 14.4990509 ], [ 78.0788684, 14.4984251 ], [ 78.0825886, 14.4969371 ], [ 78.0837044, 14.4973941 ], [ 78.08824, 14.4955062 ], [ 78.0935159, 14.4981108 ], [ 78.0944145, 14.5009128 ], [ 78.10182, 14.5010037 ], [ 78.105956, 14.5027409 ], [ 78.1083888, 14.5018164 ], [ 78.1103602, 14.4993339 ], [ 78.1174343, 14.4988916 ] ] } },
{ "type": "Feature", "properties": { "name": null, "highway": "secondary", "ref": "MDR0409", "maxspeed": null }, "geometry": { "type": "LineString", "coordinates": [ [ 78.1657398, 14.5292261 ], [ 78.1664988, 14.5300491 ], [ 78.1703371, 14.5304905 ], [ 78.1807628, 14.5224233 ], [ 78.1830668, 14.522026 ] ] } },
{ "type": "Feature", "properties": { "name": null, "highway": "secondary", "ref": "MDR0354", "maxspeed": null }, "geometry": { "type": "LineString", "coordinates": [ [ 78.1590852, 14.530719 ], [ 78.1650504, 14.5303841 ], [ 78.1657344, 14.5293663 ], [ 78.1638354, 14.5276526 ], [ 78.1637254, 14.5261752 ], [ 78.1621, 14.526318 ], [ 78.1602949, 14.5249964 ], [ 78.1594634, 14.523249 ], [ 78.1618237, 14.5183338 ], [ 78.1623039, 14.5112295 ], [ 78.1634384, 14.5088587 ], [ 78.1594339, 14.4915071 ], [ 78.1621751, 14.4871313 ], [ 78.1622941, 14.4850493 ] ] } },
{ "type": "Feature", "properties": { "name": null, "highway": "secondary", "ref": "MDR0355", "maxspeed": null }, "geometry": { "type": "LineString", "coordinates": [ [ 78.1309116, 14.5929216 ], [ 78.1302823, 14.5904453 ], [ 78.1280125, 14.5875206 ], [ 78.1287923, 14.5861805 ], [ 78.1277195, 14.5822933 ], [ 78.1258661, 14.5814627 ], [ 78.1248817, 14.5795132 ], [ 78.1196594, 14.5753417 ], [ 78.1170148, 14.5714037 ], [ 78.1153142, 14.5716269 ], [ 78.1149816, 14.5705366 ], [ 78.1134421, 14.5706457 ], [ 78.1131068, 14.5691556 ], [ 78.1137666, 14.5668685 ], [ 78.1200564, 14.5628343 ], [ 78.125225, 14.5578213 ], [ 78.1334004, 14.5530444 ], [ 78.1370911, 14.5526239 ] ] } },
{ "type": "Feature", "properties": { "name": "Thonduru - Simhadripuram Road", "highway": "primary", "ref": "SH339", "maxspeed": null }, "geometry": { "type": "LineString", "coordinates": [ [ 78.1327593, 14.6313785 ], [ 78.1321666, 14.6278879 ], [ 78.1361329, 14.6270405 ], [ 78.139599, 14.6278697 ], [ 78.1471454, 14.6260984 ], [ 78.1549358, 14.6237276 ], [ 78.1602238, 14.6211868 ] ] } },
{ "type": "Feature", "properties": { "name": null, "highway": "secondary", "ref": "MDR0372", "maxspeed": null }, "geometry": { "type": "LineString", "coordinates": [ [ 78.3738984, 14.797774 ], [ 78.3683513, 14.8001185 ], [ 78.3673883, 14.7998929 ], [ 78.366471, 14.8007953 ], [ 78.3664442, 14.8021956 ], [ 78.3629841, 14.8048511 ], [ 78.3621741, 14.8018248 ], [ 78.3611119, 14.8018793 ], [ 78.3600551, 14.8003519 ], [ 78.3558736, 14.8003052 ], [ 78.3548624, 14.7990864 ] ] } },
{ "type": "Feature", "properties": { "name": null, "highway": "secondary", "ref": "MDR0291", "maxspeed": null }, "geometry": { "type": "LineString", "coordinates": [ [ 78.1668004, 14.6221854 ], [ 78.1695257, 14.6257481 ], [ 78.1721393, 14.6434238 ] ] } },
{ "type": "Feature", "properties": { "name": null, "highway": "secondary", "ref": null, "maxspeed": null }, "geometry": { "type": "LineString", "coordinates": [ [ 78.160291, 14.6210824 ], [ 78.1603552, 14.6211491 ] ] } },
{ "type": "Feature", "properties": { "name": null, "highway": "secondary", "ref": "MDR080", "maxspeed": null }, "geometry": { "type": "LineString", "coordinates": [ [ 78.1602238, 14.6211868 ], [ 78.1611773, 14.6184824 ] ] } },
{ "type": "Feature", "properties": { "name": "Thonduru - Simhadripuram Road", "highway": "primary", "ref": "SH339", "maxspeed": null }, "geometry": { "type": "LineString", "coordinates": [ [ 78.1602238, 14.6211868 ], [ 78.1632949, 14.6206443 ], [ 78.1645489, 14.619008 ], [ 78.1661703, 14.6185434 ], [ 78.1666826, 14.6194083 ], [ 78.1796283, 14.6191079 ], [ 78.1892118, 14.6196711 ], [ 78.1919028, 14.6205673 ] ] } },
{ "type": "Feature", "properties": { "name": null, "highway": "secondary", "ref": "MDR0402", "maxspeed": null }, "geometry": { "type": "LineString", "coordinates": [ [ 78.1370911, 14.5526239 ], [ 78.1404707, 14.5503289 ], [ 78.1470153, 14.5512427 ], [ 78.1548661, 14.5456998 ], [ 78.1553248, 14.544625 ], [ 78.1609172, 14.544155 ] ] } },
{ "type": "Feature", "properties": { "name": null, "highway": "secondary", "ref": "MDR0354", "maxspeed": null }, "geometry": { "type": "LineString", "coordinates": [ [ 78.1609172, 14.544155 ], [ 78.1630281, 14.5501445 ], [ 78.1646213, 14.5591972 ], [ 78.1629422, 14.5631225 ], [ 78.1633875, 14.5646801 ], [ 78.1672338, 14.5697786 ], [ 78.1723031, 14.5714634 ], [ 78.1726116, 14.573374 ], [ 78.1740594, 14.5733976 ] ] } },
{ "type": "Feature", "properties": { "name": null, "highway": "secondary", "ref": "MDR0400", "maxspeed": null }, "geometry": { "type": "LineString", "coordinates": [ [ 78.1786493, 14.5756911 ], [ 78.1810592, 14.5795755 ], [ 78.1835, 14.587019 ], [ 78.1851643, 14.5883181 ], [ 78.1872015, 14.5930553 ], [ 78.1920576, 14.5985996 ], [ 78.1929468, 14.6007563 ] ] } },
{ "type": "Feature", "properties": { "name": null, "highway": "secondary", "ref": "MDR0400", "maxspeed": null }, "geometry": { "type": "LineString", "coordinates": [ [ 78.2000392, 14.6220238 ], [ 78.1993586, 14.6235271 ], [ 78.2014655, 14.6259142 ], [ 78.2049429, 14.6367414 ], [ 78.2075192, 14.6406575 ], [ 78.207711, 14.6461565 ], [ 78.2103452, 14.6507187 ] ] } },
{ "type": "Feature", "properties": { "name": null, "highway": "primary", "ref": "SH331", "maxspeed": null }, "geometry": { "type": "LineString", "coordinates": [ [ 78.1275398, 14.6371904 ], [ 78.1292611, 14.6473721 ] ] } },
{ "type": "Feature", "properties": { "name": null, "highway": "secondary", "ref": "MDR0401", "maxspeed": null }, "geometry": { "type": "LineString", "coordinates": [ [ 78.2104109, 14.6506613 ], [ 78.2108103, 14.6525571 ], [ 78.208639, 14.6530995 ], [ 78.2099707, 14.6559033 ], [ 78.210087, 14.6639118 ] ] } },
{ "type": "Feature", "properties": { "name": null, "highway": "secondary", "ref": "MDR0412", "maxspeed": null }, "geometry": { "type": "LineString", "coordinates": [ [ 78.3714965, 14.6505372 ], [ 78.3736755, 14.6487451 ] ] } },
{ "type": "Feature", "properties": { "name": null, "highway": "secondary", "ref": "MDR080", "maxspeed": null }, "geometry": { "type": "LineString", "coordinates": [ [ 78.1535362, 14.5957386 ], [ 78.1581692, 14.6046045 ], [ 78.1596579, 14.6093153 ], [ 78.1592073, 14.6121094 ], [ 78.161577, 14.6140936 ], [ 78.1629449, 14.618206 ] ] } },
{ "type": "Feature", "properties": { "name": null, "highway": "secondary", "ref": "MDR0398", "maxspeed": null }, "geometry": { "type": "LineString", "coordinates": [ [ 78.2662757, 14.4965956 ], [ 78.2722536, 14.5001571 ], [ 78.2756735, 14.5076571 ], [ 78.2929764, 14.5226843 ], [ 78.3005651, 14.5317238 ] ] } },
{ "type": "Feature", "properties": { "name": null, "highway": "secondary", "ref": "MDR0398", "maxspeed": null }, "geometry": { "type": "LineString", "coordinates": [ [ 78.2663776, 14.4927315 ], [ 78.2662757, 14.4965956 ] ] } },
{ "type": "Feature", "properties": { "name": null, "highway": "secondary", "ref": "MDR045", "maxspeed": null }, "geometry": { "type": "LineString", "coordinates": [ [ 78.2194993, 14.5770942 ], [ 78.2207184, 14.5833641 ], [ 78.2199848, 14.5913863 ], [ 78.22308, 14.5973148 ], [ 78.2221728, 14.6003873 ] ] } },
{ "type": "Feature", "properties": { "name": null, "highway": "secondary", "ref": "MDR0290", "maxspeed": null }, "geometry": { "type": "LineString", "coordinates": [ [ 78.2349662, 14.6393353 ], [ 78.2358956, 14.6472088 ], [ 78.2393798, 14.6575718 ], [ 78.2428318, 14.6631469 ], [ 78.2441957, 14.6699518 ] ] } },
{ "type": "Feature", "properties": { "name": null, "highway": "secondary", "ref": "MDR0409", "maxspeed": null }, "geometry": { "type": "LineString", "coordinates": [ [ 78.2431169, 14.5396419 ], [ 78.2457648, 14.5390381 ], [ 78.2464769, 14.540802 ], [ 78.2557667, 14.5418404 ], [ 78.2599604, 14.5402048 ], [ 78.264063, 14.5397706 ] ] } },
{ "type": "Feature", "properties": { "name": null, "highway": "secondary", "ref": "MDR0409", "maxspeed": null }, "geometry": { "type": "LineString", "coordinates": [ [ 78.2371596, 14.5436481 ], [ 78.2427715, 14.5422014 ], [ 78.2431169, 14.5396419 ] ] } },
{ "type": "Feature", "properties": { "name": null, "highway": "secondary", "ref": "MDR0409", "maxspeed": null }, "geometry": { "type": "LineString", "coordinates": [ [ 78.3123104, 14.5193737 ], [ 78.3147646, 14.5176106 ], [ 78.3152676, 14.5161572 ], [ 78.3191487, 14.5152211 ], [ 78.3258375, 14.5156165 ], [ 78.3304348, 14.5148167 ], [ 78.3319435, 14.5160665 ] ] } },
{ "type": "Feature", "properties": { "name": null, "highway": "secondary", "ref": "MDR0409", "maxspeed": null }, "geometry": { "type": "LineString", "coordinates": [ [ 78.2643982, 14.5403307 ], [ 78.2714953, 14.5364518 ], [ 78.2757476, 14.5364401 ], [ 78.2840118, 14.5336413 ], [ 78.2998569, 14.5329363 ], [ 78.3035718, 14.5250289 ], [ 78.3093828, 14.5220364 ], [ 78.3123104, 14.5193737 ] ] } },
{ "type": "Feature", "properties": { "name": null, "highway": "secondary", "ref": "MDR0373", "maxspeed": null }, "geometry": { "type": "LineString", "coordinates": [ [ 78.3670341, 14.8233963 ], [ 78.3597775, 14.8304649 ], [ 78.36044, 14.8344216 ], [ 78.3596662, 14.8349363 ], [ 78.347623, 14.8361095 ], [ 78.340196, 14.8347496 ] ] } },
{ "type": "Feature", "properties": { "name": null, "highway": "secondary", "ref": "MDR0397", "maxspeed": null }, "geometry": { "type": "LineString", "coordinates": [ [ 78.3696936, 14.5425999 ], [ 78.3746919, 14.5449404 ], [ 78.3865982, 14.552716 ], [ 78.3911888, 14.5534559 ], [ 78.3969418, 14.5579008 ] ] } },
{ "type": "Feature", "properties": { "name": "Pulivendula - Parnapalli Road", "highway": "primary", "ref": "SH343", "maxspeed": null }, "geometry": { "type": "LineString", "coordinates": [ [ 77.9642904, 14.5699804 ], [ 77.9683392, 14.5683722 ] ] } },
{ "type": "Feature", "properties": { "name": "Pulivendula - Parnapalli Road", "highway": "primary", "ref": "SH343", "maxspeed": null }, "geometry": { "type": "LineString", "coordinates": [ [ 77.9397657, 14.5855406 ], [ 77.9606788, 14.5746141 ], [ 77.9613615, 14.5715029 ], [ 77.9642904, 14.5699804 ] ] } },
{ "type": "Feature", "properties": { "name": "Thonduru - Simhadripuram Road", "highway": "primary", "ref": "SH339", "maxspeed": null }, "geometry": { "type": "LineString", "coordinates": [ [ 78.1996363, 14.6103362 ], [ 78.1985701, 14.6110361 ] ] } },
{ "type": "Feature", "properties": { "name": "Thonduru - Simhadripuram Road", "highway": "primary", "ref": "SH339", "maxspeed": null }, "geometry": { "type": "LineString", "coordinates": [ [ 78.2758492, 14.5785334 ], [ 78.281406, 14.5808228 ], [ 78.2897356, 14.5804464 ] ] } },
{ "type": "Feature", "properties": { "name": "Thonduru - Simhadripuram Road", "highway": "primary", "ref": "SH339", "maxspeed": null }, "geometry": { "type": "LineString", "coordinates": [ [ 78.2185813, 14.6020472 ], [ 78.2221728, 14.6003873 ] ] } },
{ "type": "Feature", "properties": { "name": "Thonduru - Simhadripuram Road", "highway": "primary", "ref": "SH339", "maxspeed": null }, "geometry": { "type": "LineString", "coordinates": [ [ 78.1996363, 14.6103362 ], [ 78.2063746, 14.6048971 ], [ 78.2110342, 14.6030848 ], [ 78.2127042, 14.604082 ], [ 78.2133906, 14.6017312 ], [ 78.2185813, 14.6020472 ] ] } },
{ "type": "Feature", "properties": { "name": null, "highway": "secondary", "ref": "MDR", "maxspeed": null }, "geometry": { "type": "LineString", "coordinates": [ [ 78.1985701, 14.6110361 ], [ 78.199093, 14.6154808 ], [ 78.2010216, 14.6199008 ], [ 78.200929, 14.6214243 ], [ 78.2000392, 14.6220238 ] ] } },
{ "type": "Feature", "properties": { "name": "Thonduru - Simhadripuram Road", "highway": "primary", "ref": "SH339", "maxspeed": null }, "geometry": { "type": "LineString", "coordinates": [ [ 78.1919028, 14.6205673 ], [ 78.1951073, 14.6163853 ], [ 78.1946567, 14.6149202 ], [ 78.1961198, 14.6148858 ], [ 78.1985701, 14.6110361 ] ] } },
{ "type": "Feature", "properties": { "name": "Thonduru - Simhadripuram Road", "highway": "primary", "ref": "SH339", "maxspeed": null }, "geometry": { "type": "LineString", "coordinates": [ [ 78.1274821, 14.6327267 ], [ 78.1327593, 14.6313785 ] ] } },
{ "type": "Feature", "properties": { "name": null, "highway": "secondary", "ref": "MDR0344", "maxspeed": null }, "geometry": { "type": "LineString", "coordinates": [ [ 78.3398769, 14.8519042 ], [ 78.3400753, 14.8520974 ] ] } },
{ "type": "Feature", "properties": { "name": "Jammalamadugu Muddanuru Road", "highway": "trunk", "ref": "NH167K", "maxspeed": null }, "geometry": { "type": "LineString", "coordinates": [ [ 78.380878, 14.8400521 ], [ 78.3811169, 14.8347816 ], [ 78.3780193, 14.8275641 ] ] } },
{ "type": "Feature", "properties": { "name": "Jammalamadugu Muddanuru Road", "highway": "trunk", "ref": "NH167K", "maxspeed": null }, "geometry": { "type": "LineString", "coordinates": [ [ 78.3744424, 14.8215376 ], [ 78.3743982, 14.8214505 ] ] } },
{ "type": "Feature", "properties": { "name": "Jammalamadugu Muddanuru Road", "highway": "trunk", "ref": "NH167K", "maxspeed": null }, "geometry": { "type": "LineString", "coordinates": [ [ 78.3776631, 14.8267415 ], [ 78.3744424, 14.8215376 ] ] } },
{ "type": "Feature", "properties": { "name": null, "highway": "secondary", "ref": "MDR0367", "maxspeed": null }, "geometry": { "type": "LineString", "coordinates": [ [ 78.3895808, 14.8313975 ], [ 78.3887708, 14.834125 ] ] } },
{ "type": "Feature", "properties": { "name": null, "highway": "secondary", "ref": "MDR0397", "maxspeed": null }, "geometry": { "type": "LineString", "coordinates": [ [ 78.3696936, 14.5425999 ], [ 78.3675331, 14.5447927 ], [ 78.3647007, 14.5459091 ], [ 78.3605164, 14.5454158 ], [ 78.3580649, 14.5371233 ], [ 78.3550179, 14.5355655 ], [ 78.3542186, 14.5358305 ], [ 78.3544868, 14.5368742 ], [ 78.3532262, 14.5367288 ], [ 78.3476364, 14.539164 ], [ 78.3453405, 14.5375076 ], [ 78.3387154, 14.5388888 ], [ 78.3355933, 14.5370974 ], [ 78.3284104, 14.5355241 ], [ 78.3261198, 14.5365622 ] ] } },
{ "type": "Feature", "properties": { "name": null, "highway": "secondary", "ref": "MDR0397", "maxspeed": null }, "geometry": { "type": "LineString", "coordinates": [ [ 78.3261198, 14.5365622 ], [ 78.3225793, 14.5356016 ], [ 78.3198967, 14.5330402 ], [ 78.3183306, 14.5334348 ] ] } },
{ "type": "Feature", "properties": { "name": null, "highway": "trunk", "ref": "NH67;NH544F", "maxspeed": null }, "geometry": { "type": "LineString", "coordinates": [ [ 78.1559817, 14.7585396 ], [ 78.1457103, 14.7653295 ], [ 78.1445077, 14.7672002 ], [ 78.1438349, 14.7709706 ] ] } },
{ "type": "Feature", "properties": { "name": null, "highway": "secondary", "ref": "MDR0413", "maxspeed": null }, "geometry": { "type": "LineString", "coordinates": [ [ 78.3949707, 14.6171678 ], [ 78.3952175, 14.6173873 ] ] } },
{ "type": "Feature", "properties": { "name": null, "highway": "secondary", "ref": "MDR0413", "maxspeed": null }, "geometry": { "type": "LineString", "coordinates": [ [ 78.3871705, 14.6154598 ], [ 78.3949707, 14.6171678 ] ] } },
{ "type": "Feature", "properties": { "name": null, "highway": "secondary", "ref": "MDR0397", "maxspeed": null }, "geometry": { "type": "LineString", "coordinates": [ [ 78.3969418, 14.5579008 ], [ 78.397135, 14.5580786 ] ] } },
{ "type": "Feature", "properties": { "name": null, "highway": "secondary", "ref": "MDR0414", "maxspeed": null }, "geometry": { "type": "LineString", "coordinates": [ [ 78.3859326, 14.5884223 ], [ 78.385314, 14.583467 ], [ 78.3826522, 14.5811063 ], [ 78.3800517, 14.5812243 ] ] } },
{ "type": "Feature", "properties": { "name": null, "highway": "secondary", "ref": "MDR0387", "maxspeed": null }, "geometry": { "type": "LineString", "coordinates": [ [ 78.381317, 14.6276413 ], [ 78.3812819, 14.6280382 ] ] } },
{ "type": "Feature", "properties": { "name": null, "highway": "secondary", "ref": "MDR0387", "maxspeed": null }, "geometry": { "type": "LineString", "coordinates": [ [ 78.3812819, 14.6280382 ], [ 78.3805485, 14.6326229 ], [ 78.3736755, 14.6487451 ] ] } },
{ "type": "Feature", "properties": { "name": null, "highway": "secondary", "ref": "MDR0386", "maxspeed": null }, "geometry": { "type": "LineString", "coordinates": [ [ 77.9743269, 14.5564557 ], [ 77.9743199, 14.5566433 ] ] } },
{ "type": "Feature", "properties": { "name": null, "highway": "secondary", "ref": "MDR0386", "maxspeed": null }, "geometry": { "type": "LineString", "coordinates": [ [ 77.9744225, 14.5550688 ], [ 77.9743269, 14.5564557 ] ] } },
{ "type": "Feature", "properties": { "name": null, "highway": "secondary", "ref": "MDR0386", "maxspeed": null }, "geometry": { "type": "LineString", "coordinates": [ [ 77.9744225, 14.5550688 ], [ 77.9745338, 14.5548332 ] ] } },
{ "type": "Feature", "properties": { "name": null, "highway": "secondary", "ref": "MDR0386", "maxspeed": null }, "geometry": { "type": "LineString", "coordinates": [ [ 77.9743199, 14.5566433 ], [ 77.9725438, 14.5659333 ], [ 77.9713611, 14.5678215 ] ] } },
{ "type": "Feature", "properties": { "name": null, "highway": "secondary", "ref": "MDR0386", "maxspeed": null }, "geometry": { "type": "LineString", "coordinates": [ [ 77.9745338, 14.5548332 ], [ 77.9793826, 14.5498745 ], [ 77.9796716, 14.5464871 ], [ 77.9866889, 14.5390715 ], [ 77.9891606, 14.5357398 ], [ 77.9898405, 14.5329909 ] ] } },
{ "type": "Feature", "properties": { "name": null, "highway": "secondary", "ref": "MDR0341", "maxspeed": null }, "geometry": { "type": "LineString", "coordinates": [ [ 78.3743796, 14.8209535 ], [ 78.3731837, 14.8219668 ], [ 78.3694553, 14.8192466 ], [ 78.3627793, 14.8186783 ], [ 78.3631061, 14.8170474 ], [ 78.3623294, 14.8160278 ] ] } },
{ "type": "Feature", "properties": { "name": null, "highway": "secondary", "ref": "MDR0341", "maxspeed": null }, "geometry": { "type": "LineString", "coordinates": [ [ 78.3621945, 14.8159152 ], [ 78.3621118, 14.8158293 ] ] } },
{ "type": "Feature", "properties": { "name": null, "highway": "secondary", "ref": "MDR0341", "maxspeed": null }, "geometry": { "type": "LineString", "coordinates": [ [ 78.3623294, 14.8160278 ], [ 78.3621945, 14.8159152 ] ] } },
{ "type": "Feature", "properties": { "name": "Pulivendula - Parnapalli Road", "highway": "primary", "ref": "SH343", "maxspeed": null }, "geometry": { "type": "LineString", "coordinates": [ [ 77.9781779, 14.5662261 ], [ 77.978461, 14.5661506 ] ] } },
{ "type": "Feature", "properties": { "name": "Pulivendula - Parnapalli Road", "highway": "primary", "ref": "SH343", "maxspeed": null }, "geometry": { "type": "LineString", "coordinates": [ [ 77.9683392, 14.5683722 ], [ 77.9734153, 14.5678504 ], [ 77.9781779, 14.5662261 ] ] } },
{ "type": "Feature", "properties": { "name": null, "highway": "secondary", "ref": "MDR0344", "maxspeed": null }, "geometry": { "type": "LineString", "coordinates": [ [ 78.3486587, 14.8557056 ], [ 78.3487435, 14.8550107 ], [ 78.3470918, 14.854106 ], [ 78.3414509, 14.8544072 ] ] } },
{ "type": "Feature", "properties": { "name": null, "highway": "secondary", "ref": "MDR0344", "maxspeed": null }, "geometry": { "type": "LineString", "coordinates": [ [ 78.3486587, 14.8557056 ], [ 78.3513265, 14.8561458 ] ] } },
{ "type": "Feature", "properties": { "name": null, "highway": "secondary", "ref": "MDR0341", "maxspeed": null }, "geometry": { "type": "LineString", "coordinates": [ [ 78.3621118, 14.8158293 ], [ 78.3598912, 14.8142799 ], [ 78.3481901, 14.814286 ], [ 78.3457434, 14.8094034 ], [ 78.3412934, 14.8096147 ], [ 78.3383663, 14.8121097 ], [ 78.3330812, 14.8137072 ], [ 78.3259207, 14.8097994 ], [ 78.3183895, 14.8082669 ], [ 78.3143258, 14.8061353 ], [ 78.3097358, 14.8021141 ], [ 78.2990088, 14.8042745 ] ] } },
{ "type": "Feature", "properties": { "name": null, "highway": "secondary", "ref": "MDR0341", "maxspeed": null }, "geometry": { "type": "LineString", "coordinates": [ [ 78.2990088, 14.8042745 ], [ 78.2988642, 14.8042599 ] ] } },
{ "type": "Feature", "properties": { "name": "Jammalamadugu Muddanuru Road", "highway": "trunk", "ref": "NH167K", "maxspeed": null }, "geometry": { "type": "LineString", "coordinates": [ [ 78.3743796, 14.8209535 ], [ 78.3777148, 14.8175444 ], [ 78.3781251, 14.8161286 ], [ 78.3774959, 14.8134548 ], [ 78.377988, 14.8115573 ], [ 78.3757433, 14.8081532 ] ] } },
{ "type": "Feature", "properties": { "name": "Jammalamadugu Muddanuru Road", "highway": "trunk", "ref": "NH167K", "maxspeed": null }, "geometry": { "type": "LineString", "coordinates": [ [ 78.3757433, 14.8081532 ], [ 78.3756098, 14.8079743 ] ] } },
{ "type": "Feature", "properties": { "name": null, "highway": "secondary", "ref": "MDR0373", "maxspeed": null }, "geometry": { "type": "LineString", "coordinates": [ [ 78.340196, 14.8347496 ], [ 78.3401249, 14.8347185 ] ] } },
{ "type": "Feature", "properties": { "name": null, "highway": "trunk", "ref": "NH67;NH544F", "maxspeed": null }, "geometry": { "type": "LineString", "coordinates": [ [ 78.1274995, 14.8195539 ], [ 78.1274003, 14.8207078 ] ] } },
{ "type": "Feature", "properties": { "name": null, "highway": "trunk", "ref": "NH67;NH544F", "maxspeed": null }, "geometry": { "type": "LineString", "coordinates": [ [ 78.1274003, 14.8207078 ], [ 78.1268184, 14.8239628 ], [ 78.1153676, 14.8367296 ], [ 78.110211, 14.8442468 ] ] } },
{ "type": "Feature", "properties": { "name": "Pulivendula-Tadipatri Road", "highway": "secondary", "ref": "MDR024", "maxspeed": null }, "geometry": { "type": "LineString", "coordinates": [ [ 78.0598681, 14.7322394 ], [ 78.060282, 14.7348724 ], [ 78.0594559, 14.7382498 ], [ 78.0562104, 14.7432768 ], [ 78.0536972, 14.7485203 ], [ 78.0528523, 14.753245 ], [ 78.051011, 14.7555443 ], [ 78.0511826, 14.7608563 ], [ 78.0479814, 14.7848583 ] ] } },
{ "type": "Feature", "properties": { "name": "Pulivendula - Parnapalli Road", "highway": "primary", "ref": "SH343", "maxspeed": null }, "geometry": { "type": "LineString", "coordinates": [ [ 78.0676219, 14.5467279 ], [ 78.0677526, 14.5465513 ] ] } },
{ "type": "Feature", "properties": { "name": "Pulivendula - Parnapalli Road", "highway": "primary", "ref": "SH343", "maxspeed": null }, "geometry": { "type": "LineString", "coordinates": [ [ 78.0370614, 14.5661137 ], [ 78.0448312, 14.5663766 ], [ 78.0471647, 14.565725 ], [ 78.0532686, 14.5616998 ], [ 78.0676219, 14.5467279 ] ] } },
{ "type": "Feature", "properties": { "name": "Pulivendula - Parnapalli Road", "highway": "primary", "ref": "SH343", "maxspeed": null }, "geometry": { "type": "LineString", "coordinates": [ [ 78.0677526, 14.5465513 ], [ 78.0858923, 14.5232178 ], [ 78.0968331, 14.5136729 ], [ 78.1078798, 14.5055194 ] ] } },
{ "type": "Feature", "properties": { "name": "Pulivendula - Parnapalli Road", "highway": "primary", "ref": "SH343", "maxspeed": null }, "geometry": { "type": "LineString", "coordinates": [ [ 77.978461, 14.5661506 ], [ 77.9837418, 14.5659216 ], [ 77.9904715, 14.563323 ], [ 78.0018736, 14.5606127 ], [ 78.0154375, 14.5585073 ], [ 78.0212981, 14.5593926 ], [ 78.0283121, 14.5626896 ], [ 78.0334324, 14.5637098 ], [ 78.036871, 14.5660488 ] ] } },
{ "type": "Feature", "properties": { "name": null, "highway": "secondary", "ref": "MDR0367", "maxspeed": null }, "geometry": { "type": "LineString", "coordinates": [ [ 78.3877274, 14.8363059 ], [ 78.3887708, 14.834125 ] ] } },
{ "type": "Feature", "properties": { "name": "Gandluru - Kondapuram - Simhadripuram - Velidandla Road", "highway": "trunk", "ref": "NH67;NH544F", "maxspeed": null }, "geometry": { "type": "LineString", "coordinates": [ [ 78.2707828, 14.7370062 ], [ 78.270335, 14.7368168 ] ] } },
{ "type": "Feature", "properties": { "name": "Gandluru - Kondapuram - Simhadripuram - Velidandla Road", "highway": "trunk", "ref": "NH67;NH544F", "maxspeed": null }, "geometry": { "type": "LineString", "coordinates": [ [ 78.2998371, 14.7288651 ], [ 78.2926244, 14.7305547 ], [ 78.2762359, 14.7385271 ], [ 78.2707828, 14.7370062 ] ] } },
{ "type": "Feature", "properties": { "name": "Gandluru - Kondapuram - Simhadripuram - Velidandla Road", "highway": "trunk", "ref": "NH67;NH544F", "maxspeed": null }, "geometry": { "type": "LineString", "coordinates": [ [ 78.2677388, 14.7357375 ], [ 78.2671407, 14.7354833 ] ] } },
{ "type": "Feature", "properties": { "name": "Gandluru - Kondapuram - Simhadripuram - Velidandla Road", "highway": "trunk", "ref": "NH67;NH544F", "maxspeed": null }, "geometry": { "type": "LineString", "coordinates": [ [ 78.270335, 14.7368168 ], [ 78.2677388, 14.7357375 ] ] } },
{ "type": "Feature", "properties": { "name": "Gandluru - Kondapuram - Simhadripuram - Velidandla Road", "highway": "trunk", "ref": "NH67;NH544F", "maxspeed": null }, "geometry": { "type": "LineString", "coordinates": [ [ 78.2465042, 14.7321612 ], [ 78.2461562, 14.7322807 ] ] } },
{ "type": "Feature", "properties": { "name": "Gandluru - Kondapuram - Simhadripuram - Velidandla Road", "highway": "trunk", "ref": "NH67;NH544F", "maxspeed": null }, "geometry": { "type": "LineString", "coordinates": [ [ 78.2671407, 14.7354833 ], [ 78.2553497, 14.7305703 ], [ 78.2465042, 14.7321612 ] ] } },
{ "type": "Feature", "properties": { "name": "Gandluru - Kondapuram - Simhadripuram - Velidandla Road", "highway": "trunk", "ref": "NH67;NH544F", "maxspeed": null }, "geometry": { "type": "LineString", "coordinates": [ [ 78.2385188, 14.7337557 ], [ 78.2378724, 14.733901 ] ] } },
{ "type": "Feature", "properties": { "name": "Gandluru - Kondapuram - Simhadripuram - Velidandla Road", "highway": "trunk", "ref": "NH67;NH544F", "maxspeed": null }, "geometry": { "type": "LineString", "coordinates": [ [ 78.2461562, 14.7322807 ], [ 78.2434621, 14.7333381 ], [ 78.2385188, 14.7337557 ] ] } },
{ "type": "Feature", "properties": { "name": "Gandluru - Kondapuram - Simhadripuram - Velidandla Road", "highway": "trunk", "ref": "NH67;NH544F", "maxspeed": null }, "geometry": { "type": "LineString", "coordinates": [ [ 78.219054, 14.744186 ], [ 78.2189977, 14.7445258 ] ] } },
{ "type": "Feature", "properties": { "name": "Gandluru - Kondapuram - Simhadripuram - Velidandla Road", "highway": "trunk", "ref": "NH67;NH544F", "maxspeed": null }, "geometry": { "type": "LineString", "coordinates": [ [ 78.2378724, 14.733901 ], [ 78.2234312, 14.7372389 ], [ 78.2203978, 14.7399787 ], [ 78.219054, 14.744186 ] ] } },
{ "type": "Feature", "properties": { "name": "Gandluru - Kondapuram - Simhadripuram - Velidandla Road", "highway": "trunk", "ref": "NH67;NH544F", "maxspeed": null }, "geometry": { "type": "LineString", "coordinates": [ [ 78.1635322, 14.7612781 ], [ 78.1632713, 14.7608839 ] ] } },
{ "type": "Feature", "properties": { "name": "Gandluru - Kondapuram - Simhadripuram - Velidandla Road", "highway": "trunk", "ref": "NH67;NH544F", "maxspeed": null }, "geometry": { "type": "LineString", "coordinates": [ [ 78.1632713, 14.7608839 ], [ 78.1594017, 14.7584519 ], [ 78.1559817, 14.7585396 ] ] } },
{ "type": "Feature", "properties": { "name": "Gandluru - Kondapuram - Simhadripuram - Velidandla Road", "highway": "trunk", "ref": "NH67;NH544F", "maxspeed": null }, "geometry": { "type": "LineString", "coordinates": [ [ 78.2189977, 14.7445258 ], [ 78.2179141, 14.7486993 ], [ 78.2057556, 14.7644511 ], [ 78.2028133, 14.767273 ], [ 78.1984305, 14.769309 ], [ 78.1914836, 14.7706758 ], [ 78.1860307, 14.7727065 ], [ 78.1737317, 14.7742746 ], [ 78.1723155, 14.7732649 ], [ 78.1668817, 14.7642301 ], [ 78.1635322, 14.7612781 ] ] } },
{ "type": "Feature", "properties": { "name": null, "highway": "secondary", "ref": "MDR067", "maxspeed": null }, "geometry": { "type": "LineString", "coordinates": [ [ 78.021502, 14.508165 ], [ 78.021624, 14.5098155 ], [ 78.0203108, 14.5112571 ], [ 78.022345, 14.5154616 ], [ 78.0241217, 14.5173643 ], [ 78.0248298, 14.5211283 ], [ 78.0273329, 14.5254328 ], [ 78.0298642, 14.5236469 ], [ 78.0341852, 14.5249515 ], [ 78.0384123, 14.52405 ], [ 78.0457466, 14.5280631 ], [ 78.0495403, 14.5272281 ], [ 78.0530808, 14.5279842 ], [ 78.0532224, 14.5312037 ], [ 78.0519908, 14.5341782 ], [ 78.0524285, 14.5370404 ], [ 78.0505402, 14.5389139 ], [ 78.0495188, 14.543205 ], [ 78.051729, 14.5434543 ], [ 78.0566784, 14.5541879 ] ] } },
{ "type": "Feature", "properties": { "name": null, "highway": "secondary", "ref": "MDR0409", "maxspeed": null }, "geometry": { "type": "LineString", "coordinates": [ [ 78.1830668, 14.522026 ], [ 78.1869925, 14.5258617 ], [ 78.1912111, 14.5279437 ], [ 78.1936944, 14.5305984 ] ] } },
{ "type": "Feature", "properties": { "name": null, "highway": "secondary", "ref": "MDR0401", "maxspeed": null }, "geometry": { "type": "LineString", "coordinates": [ [ 78.2014465, 14.6796361 ], [ 78.2017555, 14.6783471 ], [ 78.2052479, 14.6765382 ], [ 78.2099537, 14.6748974 ], [ 78.211592, 14.6754595 ], [ 78.2115224, 14.6736818 ] ] } },
{ "type": "Feature", "properties": { "name": null, "highway": "secondary", "ref": "MDR065", "maxspeed": null }, "geometry": { "type": "LineString", "coordinates": [ [ 78.2082627, 14.6517442 ], [ 78.2052447, 14.654611 ], [ 78.1968065, 14.6592306 ], [ 78.1885563, 14.6657281 ], [ 78.1835966, 14.670428 ], [ 78.1778634, 14.6781992 ], [ 78.1716485, 14.6842709 ] ] } },
{ "type": "Feature", "properties": { "name": null, "highway": "secondary", "ref": "MDR0290", "maxspeed": null }, "geometry": { "type": "LineString", "coordinates": [ [ 78.2441957, 14.6699518 ], [ 78.2447961, 14.672543 ], [ 78.2494556, 14.6722073 ], [ 78.2514817, 14.6749227 ], [ 78.2497771, 14.6837499 ] ] } },
{ "type": "Feature", "properties": { "name": null, "highway": "secondary", "ref": "MDR0411", "maxspeed": null }, "geometry": { "type": "LineString", "coordinates": [ [ 78.3368028, 14.6711489 ], [ 78.3315943, 14.6727751 ], [ 78.327971, 14.6720001 ], [ 78.3259136, 14.6723993 ], [ 78.3220603, 14.6740961 ], [ 78.3214428, 14.676461 ], [ 78.3171558, 14.6799514 ], [ 78.3134915, 14.6857769 ], [ 78.3046006, 14.6917941 ], [ 78.3021441, 14.6947108 ], [ 78.2969429, 14.698374 ], [ 78.2823162, 14.7035048 ], [ 78.2783288, 14.7061406 ], [ 78.2755613, 14.7070153 ], [ 78.2740379, 14.7080426 ], [ 78.2727755, 14.7112008 ], [ 78.2689398, 14.7117232 ], [ 78.2668824, 14.7137602 ], [ 78.2678572, 14.7233721 ], [ 78.2652306, 14.7286328 ], [ 78.2658249, 14.7309466 ] ] } },
{ "type": "Feature", "properties": { "name": null, "highway": "secondary", "ref": "MDR0411", "maxspeed": null }, "geometry": { "type": "LineString", "coordinates": [ [ 78.3368028, 14.6711489 ], [ 78.342655, 14.6704346 ], [ 78.3493401, 14.6716382 ], [ 78.3555974, 14.6711568 ], [ 78.3644432, 14.6745092 ] ] } },
{ "type": "Feature", "properties": { "name": null, "highway": "secondary", "ref": "MDR0420", "maxspeed": null }, "geometry": { "type": "LineString", "coordinates": [ [ 78.1035594, 14.7131233 ], [ 78.0924377, 14.7186814 ], [ 78.0909732, 14.7203598 ], [ 78.0896334, 14.7204831 ] ] } },
{ "type": "Feature", "properties": { "name": null, "highway": "secondary", "ref": "MDR0420", "maxspeed": null }, "geometry": { "type": "LineString", "coordinates": [ [ 78.1035594, 14.7131233 ], [ 78.104428, 14.7125929 ] ] } },
{ "type": "Feature", "properties": { "name": null, "highway": "secondary", "ref": "MDR039", "maxspeed": null }, "geometry": { "type": "LineString", "coordinates": [ [ 78.0815929, 14.8224759 ], [ 78.0840963, 14.8219288 ], [ 78.0937676, 14.8162996 ], [ 78.1005287, 14.8088948 ], [ 78.1149737, 14.7983503 ] ] } },
{ "type": "Feature", "properties": { "name": null, "highway": "trunk", "ref": "NH67;NH544F", "maxspeed": null }, "geometry": { "type": "LineString", "coordinates": [ [ 78.1379145, 14.8062813 ], [ 78.1354321, 14.8097488 ], [ 78.1283601, 14.8166617 ], [ 78.1274995, 14.8195539 ] ] } },
{ "type": "Feature", "properties": { "name": "Agasteswarakona Temple Road", "highway": "secondary", "ref": "MDR0319", "maxspeed": null }, "geometry": { "type": "LineString", "coordinates": [ [ 78.2901687, 14.8481224 ], [ 78.2869334, 14.8417528 ], [ 78.28232, 14.836588 ], [ 78.2807493, 14.8316513 ], [ 78.2695062, 14.8371043 ], [ 78.268523, 14.8403956 ], [ 78.2690328, 14.843282 ], [ 78.2703255, 14.8434521 ], [ 78.272565, 14.8482392 ], [ 78.2798055, 14.8521756 ], [ 78.2804124, 14.8550912 ], [ 78.281831, 14.8566304 ] ] } },
{ "type": "Feature", "properties": { "name": null, "highway": "secondary", "ref": "MDR0344", "maxspeed": null }, "geometry": { "type": "LineString", "coordinates": [ [ 78.3554858, 14.8572876 ], [ 78.3594208, 14.8606691 ], [ 78.3599358, 14.8619301 ], [ 78.3633465, 14.8615744 ], [ 78.3647488, 14.8628111 ] ] } },
{ "type": "Feature", "properties": { "name": null, "highway": "secondary", "ref": "MDR0341", "maxspeed": null }, "geometry": { "type": "LineString", "coordinates": [ [ 78.2988642, 14.8042599 ], [ 78.2982109, 14.8042991 ], [ 78.2982109, 14.8055937 ], [ 78.2919105, 14.8091614 ], [ 78.2910956, 14.8108457 ], [ 78.2873029, 14.8122208 ], [ 78.2824741, 14.7973918 ], [ 78.279794, 14.7945338 ], [ 78.2751806, 14.7922461 ], [ 78.2745525, 14.7892034 ], [ 78.2755128, 14.7853301 ], [ 78.27503, 14.7840098 ] ] } },
{ "type": "Feature", "properties": { "name": null, "highway": "secondary", "ref": "MDR0372", "maxspeed": null }, "geometry": { "type": "LineString", "coordinates": [ [ 78.3521855, 14.8006397 ], [ 78.350873, 14.803673 ], [ 78.348983, 14.8055305 ], [ 78.3403007, 14.8079447 ], [ 78.3402846, 14.809721 ], [ 78.3410105, 14.809729 ] ] } },
{ "type": "Feature", "properties": { "name": null, "highway": "secondary", "ref": "MDR0373", "maxspeed": null }, "geometry": { "type": "LineString", "coordinates": [ [ 78.3401249, 14.8347185 ], [ 78.336335, 14.8331719 ], [ 78.3347592, 14.8337786 ], [ 78.3344212, 14.8332017 ] ] } },
{ "type": "Feature", "properties": { "name": null, "highway": "secondary", "ref": "MDR0344", "maxspeed": null }, "geometry": { "type": "LineString", "coordinates": [ [ 78.3513265, 14.8561458 ], [ 78.3554858, 14.8572876 ] ] } },
{ "type": "Feature", "properties": { "name": null, "highway": "secondary", "ref": "MDR0344", "maxspeed": null }, "geometry": { "type": "LineString", "coordinates": [ [ 78.3400753, 14.8520974 ], [ 78.3414509, 14.8544072 ] ] } },
{ "type": "Feature", "properties": { "name": null, "highway": "secondary", "ref": "MDR080", "maxspeed": null }, "geometry": { "type": "LineString", "coordinates": [ [ 78.1611773, 14.6184824 ], [ 78.1629449, 14.618206 ] ] } },
{ "type": "Feature", "properties": { "name": null, "highway": "secondary", "ref": "MDR0356", "maxspeed": null }, "geometry": { "type": "LineString", "coordinates": [ [ 78.2294221, 14.5686403 ], [ 78.2297172, 14.5687052 ] ] } },
{ "type": "Feature", "properties": { "name": null, "highway": "trunk", "ref": "NH67;NH544F", "maxspeed": null }, "geometry": { "type": "LineString", "coordinates": [ [ 78.1438349, 14.7709706 ], [ 78.1429848, 14.7761856 ] ] } },
{ "type": "Feature", "properties": { "name": null, "highway": "trunk", "ref": "NH67;NH544F", "maxspeed": null }, "geometry": { "type": "LineString", "coordinates": [ [ 78.1429848, 14.7761856 ], [ 78.1426183, 14.779029 ] ] } },
{ "type": "Feature", "properties": { "name": null, "highway": "secondary", "ref": "MDR0323", "maxspeed": null }, "geometry": { "type": "LineString", "coordinates": [ [ 78.1152239, 14.8653002 ], [ 78.1135794, 14.8589705 ], [ 78.1097328, 14.8531759 ] ] } },
{ "type": "Feature", "properties": { "name": null, "highway": "trunk", "ref": "NH167K", "maxspeed": null }, "geometry": { "type": "LineString", "coordinates": [ [ 78.3925235, 14.6988086 ], [ 78.3887939, 14.6943798 ], [ 78.3878137, 14.6921188 ] ] } },
{ "type": "Feature", "properties": { "name": null, "highway": "primary", "ref": "SH", "maxspeed": null }, "geometry": { "type": "LineString", "coordinates": [ [ 78.3925094, 14.6977562 ], [ 78.3921304, 14.6978315 ] ] } },
{ "type": "Feature", "properties": { "name": "Neela Malleswara Kona Temple Road", "highway": "secondary", "ref": "MDR0302", "maxspeed": null }, "geometry": { "type": "LineString", "coordinates": [ [ 78.1570478, 14.7566839 ], [ 78.1586622, 14.7535047 ], [ 78.1631302, 14.7506839 ], [ 78.1659326, 14.7507351 ], [ 78.1683032, 14.7475904 ], [ 78.1733822, 14.7444729 ] ] } },
{ "type": "Feature", "properties": { "name": "Gandluru - Kondapuram - Simhadripuram - Velidandla Road", "highway": "primary", "ref": "SH331", "maxspeed": null }, "geometry": { "type": "LineString", "coordinates": [ [ 78.1219209, 14.6230541 ], [ 78.1113342, 14.6176148 ], [ 78.1106636, 14.6156734 ], [ 78.1085313, 14.6141771 ], [ 78.1054326, 14.6100437 ] ] } },
{ "type": "Feature", "properties": { "name": "Gandluru - Kondapuram - Simhadripuram - Velidandla Road", "highway": "primary", "ref": "SH331", "maxspeed": null }, "geometry": { "type": "LineString", "coordinates": [ [ 78.1054326, 14.6100437 ], [ 78.1052664, 14.609843 ] ] } },
{ "type": "Feature", "properties": { "name": "Gandluru - Kondapuram - Simhadripuram - Velidandla Road", "highway": "primary", "ref": "SH331", "maxspeed": null }, "geometry": { "type": "LineString", "coordinates": [ [ 78.1262499, 14.6275427 ], [ 78.1255928, 14.6251628 ], [ 78.1222925, 14.6231531 ] ] } },
{ "type": "Feature", "properties": { "name": "Gandluru - Kondapuram - Simhadripuram - Velidandla Road", "highway": "primary", "ref": "SH331", "maxspeed": null }, "geometry": { "type": "LineString", "coordinates": [ [ 78.1220263, 14.6230822 ], [ 78.1219209, 14.6230541 ] ] } },
{ "type": "Feature", "properties": { "name": "Gandluru - Kondapuram - Simhadripuram - Velidandla Road", "highway": "primary", "ref": "SH331", "maxspeed": null }, "geometry": { "type": "LineString", "coordinates": [ [ 78.1222925, 14.6231531 ], [ 78.1220263, 14.6230822 ] ] } },
{ "type": "Feature", "properties": { "name": null, "highway": "secondary", "ref": "MDR0373", "maxspeed": null }, "geometry": { "type": "LineString", "coordinates": [ [ 78.3704505, 14.8204446 ], [ 78.3670341, 14.8233963 ] ] } },
{ "type": "Feature", "properties": { "name": null, "highway": "secondary", "ref": "MDR0402", "maxspeed": null }, "geometry": { "type": "LineString", "coordinates": [ [ 78.108201, 14.5018995 ], [ 78.1078798, 14.5055194 ] ] } },
{ "type": "Feature", "properties": { "name": null, "highway": "secondary", "ref": null, "maxspeed": null }, "geometry": { "type": "LineString", "coordinates": [ [ 78.1098571, 14.8444649 ], [ 78.120462, 14.8402978 ], [ 78.1265147, 14.8388561 ], [ 78.1436198, 14.8388161 ], [ 78.1506876, 14.8362942 ], [ 78.1552709, 14.8324616 ], [ 78.1641649, 14.8220993 ], [ 78.1763961, 14.8131644 ], [ 78.1979779, 14.8026341 ], [ 78.2018025, 14.793192 ] ] } },
{ "type": "Feature", "properties": { "name": null, "highway": "trunk", "ref": "NH167K", "maxspeed": null }, "geometry": { "type": "LineString", "coordinates": [ [ 78.3876203, 14.6916336 ], [ 78.3871563, 14.6905617 ] ] } },
{ "type": "Feature", "properties": { "name": null, "highway": "trunk", "ref": "NH167K", "maxspeed": null }, "geometry": { "type": "LineString", "coordinates": [ [ 78.3878137, 14.6921188 ], [ 78.3876203, 14.6916336 ] ] } },
{ "type": "Feature", "properties": { "name": null, "highway": "trunk", "ref": "NH167K", "maxspeed": null }, "geometry": { "type": "LineString", "coordinates": [ [ 78.3869367, 14.6902401 ], [ 78.3835961, 14.6853035 ] ] } },
{ "type": "Feature", "properties": { "name": null, "highway": "trunk", "ref": "NH167K", "maxspeed": null }, "geometry": { "type": "LineString", "coordinates": [ [ 78.3871563, 14.6905617 ], [ 78.3869367, 14.6902401 ] ] } },
{ "type": "Feature", "properties": { "name": "Jammalamadugu Muddanuru Road", "highway": "trunk", "ref": "NH167K", "maxspeed": null }, "geometry": { "type": "LineString", "coordinates": [ [ 78.3743982, 14.8214505 ], [ 78.3743559, 14.8213676 ] ] } },
{ "type": "Feature", "properties": { "name": "Jammalamadugu Muddanuru Road", "highway": "trunk", "ref": "NH167K", "maxspeed": null }, "geometry": { "type": "LineString", "coordinates": [ [ 78.3743559, 14.8213676 ], [ 78.3743796, 14.8209535 ] ] } },
{ "type": "Feature", "properties": { "name": null, "highway": "secondary", "ref": "MDR0409", "maxspeed": null }, "geometry": { "type": "LineString", "coordinates": [ [ 78.1938452, 14.530732 ], [ 78.195003, 14.5365417 ], [ 78.1974981, 14.5375058 ] ] } },
{ "type": "Feature", "properties": { "name": null, "highway": "secondary", "ref": "MDR0409", "maxspeed": null }, "geometry": { "type": "LineString", "coordinates": [ [ 78.1936944, 14.5305984 ], [ 78.1938452, 14.530732 ] ] } },
{ "type": "Feature", "properties": { "name": "Pulivendula-Tadipatri Road", "highway": "secondary", "ref": "MDR052", "maxspeed": null }, "geometry": { "type": "LineString", "coordinates": [ [ 78.2035007, 14.5186234 ], [ 78.2001445, 14.526505 ], [ 78.199439, 14.5316511 ], [ 78.1975233, 14.537455 ] ] } },
{ "type": "Feature", "properties": { "name": "Pulivendula-Tadipatri Road", "highway": "secondary", "ref": "MDR052", "maxspeed": null }, "geometry": { "type": "LineString", "coordinates": [ [ 78.2035785, 14.5184432 ], [ 78.2035007, 14.5186234 ] ] } },
{ "type": "Feature", "properties": { "name": null, "highway": "secondary", "ref": "MDR0412", "maxspeed": null }, "geometry": { "type": "LineString", "coordinates": [ [ 78.3714965, 14.6505372 ], [ 78.369201, 14.6519569 ], [ 78.3691785, 14.653991 ], [ 78.3650887, 14.6565029 ], [ 78.3586771, 14.6586329 ], [ 78.3572781, 14.6599282 ], [ 78.3557246, 14.6598659 ], [ 78.3533213, 14.6634863 ], [ 78.3500251, 14.663323 ], [ 78.3468708, 14.6644938 ], [ 78.3368028, 14.6711489 ] ] } },
{ "type": "Feature", "properties": { "name": null, "highway": "secondary", "ref": "MDR046", "maxspeed": null }, "geometry": { "type": "LineString", "coordinates": [ [ 78.14094, 14.63704 ], [ 78.1460926, 14.6411421 ], [ 78.1500287, 14.6429367 ], [ 78.1601433, 14.6523106 ], [ 78.1623334, 14.6516203 ] ] } },
{ "type": "Feature", "properties": { "name": null, "highway": "secondary", "ref": "MDR046", "maxspeed": null }, "geometry": { "type": "LineString", "coordinates": [ [ 78.1721393, 14.6434238 ], [ 78.1623334, 14.6516203 ] ] } },
{ "type": "Feature", "properties": { "name": null, "highway": "secondary", "ref": "MDR0396", "maxspeed": null }, "geometry": { "type": "LineString", "coordinates": [ [ 78.1995161, 14.6781826 ], [ 78.2014465, 14.6796361 ] ] } },
{ "type": "Feature", "properties": { "name": null, "highway": "secondary", "ref": "MDR045", "maxspeed": null }, "geometry": { "type": "LineString", "coordinates": [ [ 78.2194025, 14.5684087 ], [ 78.2186571, 14.5727925 ], [ 78.2193927, 14.5766556 ] ] } },
{ "type": "Feature", "properties": { "name": null, "highway": "secondary", "ref": "MDR045", "maxspeed": null }, "geometry": { "type": "LineString", "coordinates": [ [ 78.2193927, 14.5766556 ], [ 78.2194993, 14.5770942 ] ] } },
{ "type": "Feature", "properties": { "name": null, "highway": "secondary", "ref": "MDR0305", "maxspeed": null }, "geometry": { "type": "LineString", "coordinates": [ [ 78.1080924, 14.7605139 ], [ 78.106707, 14.763804 ], [ 78.1071094, 14.7654134 ], [ 78.1058823, 14.7667543 ], [ 78.1053592, 14.7733095 ], [ 78.1009577, 14.7759018 ], [ 78.0974561, 14.7816074 ] ] } },
{ "type": "Feature", "properties": { "name": null, "highway": "secondary", "ref": "MDR078", "maxspeed": null }, "geometry": { "type": "LineString", "coordinates": [ [ 78.0974561, 14.7816074 ], [ 78.0987637, 14.7840115 ], [ 78.1076941, 14.7935071 ], [ 78.116312, 14.7994029 ], [ 78.126955, 14.802564 ], [ 78.1326172, 14.8033783 ], [ 78.1349882, 14.8028752 ], [ 78.1361228, 14.8053283 ], [ 78.1379145, 14.8062813 ] ] } },
{ "type": "Feature", "properties": { "name": null, "highway": "secondary", "ref": "MDR0417", "maxspeed": null }, "geometry": { "type": "LineString", "coordinates": [ [ 78.0802818, 14.7931091 ], [ 78.0766824, 14.7944212 ], [ 78.0732464, 14.7970378 ], [ 78.0686753, 14.7910746 ], [ 78.0662137, 14.7925463 ], [ 78.0639164, 14.7925372 ], [ 78.0578466, 14.7944575 ], [ 78.0560763, 14.7932192 ] ] } },
{ "type": "Feature", "properties": { "name": null, "highway": "secondary", "ref": "MDR0295", "maxspeed": null }, "geometry": { "type": "LineString", "coordinates": [ [ 78.0974561, 14.7816074 ], [ 78.0961955, 14.7855727 ], [ 78.0940698, 14.7888936 ], [ 78.0877519, 14.7912457 ] ] } },
{ "type": "Feature", "properties": { "name": null, "highway": "secondary", "ref": "MDR041", "maxspeed": null }, "geometry": { "type": "LineString", "coordinates": [ [ 78.0489394, 14.776781 ], [ 78.0581054, 14.7733134 ], [ 78.0658614, 14.7688259 ] ] } },
{ "type": "Feature", "properties": { "name": null, "highway": "secondary", "ref": "MDR0296", "maxspeed": null }, "geometry": { "type": "LineString", "coordinates": [ [ 78.0902959, 14.7733238 ], [ 78.0829105, 14.7760392 ] ] } },
{ "type": "Feature", "properties": { "name": null, "highway": "secondary", "ref": "MDR0297", "maxspeed": null }, "geometry": { "type": "LineString", "coordinates": [ [ 78.0658614, 14.7688259 ], [ 78.0697033, 14.7668191 ], [ 78.0701445, 14.7654121 ], [ 78.074369, 14.7609341 ], [ 78.0774736, 14.7598745 ] ] } },
{ "type": "Feature", "properties": { "name": null, "highway": "secondary", "ref": "MDR038", "maxspeed": null }, "geometry": { "type": "LineString", "coordinates": [ [ 78.0877519, 14.7912457 ], [ 78.0829628, 14.7918098 ], [ 78.0802818, 14.7931091 ] ] } },
{ "type": "Feature", "properties": { "name": null, "highway": "secondary", "ref": "MDR011", "maxspeed": null }, "geometry": { "type": "LineString", "coordinates": [ [ 78.0815929, 14.8224759 ], [ 78.078509, 14.8246413 ], [ 78.0796918, 14.8299023 ], [ 78.079783, 14.8388319 ], [ 78.0820951, 14.8462575 ], [ 78.0803503, 14.8474384 ] ] } },
{ "type": "Feature", "properties": { "name": null, "highway": "primary", "ref": "SH331", "maxspeed": null }, "geometry": { "type": "LineString", "coordinates": [ [ 78.1578802, 14.7583226 ], [ 78.1576844, 14.7572407 ] ] } },
{ "type": "Feature", "properties": { "name": "Gandluru - Kondapuram - Simhadripuram - Velidandla Road", "highway": "primary", "ref": "SH331", "maxspeed": null }, "geometry": { "type": "LineString", "coordinates": [ [ 78.1576844, 14.7572407 ], [ 78.1577577, 14.7583145 ] ] } },
{ "type": "Feature", "properties": { "name": null, "highway": "secondary", "ref": null, "maxspeed": null }, "geometry": { "type": "LineString", "coordinates": [ [ 78.1118681, 14.8425307 ], [ 78.1118464, 14.8429651 ] ] } },
{ "type": "Feature", "properties": { "name": null, "highway": "secondary", "ref": null, "maxspeed": null }, "geometry": { "type": "LineString", "coordinates": [ [ 78.1119808, 14.8437647 ], [ 78.1118464, 14.8429651 ] ] } },
{ "type": "Feature", "properties": { "name": null, "highway": "secondary", "ref": null, "maxspeed": null }, "geometry": { "type": "LineString", "coordinates": [ [ 78.1118464, 14.8429651 ], [ 78.1117514, 14.8438452 ] ] } },
{ "type": "Feature", "properties": { "name": null, "highway": "trunk", "ref": null, "maxspeed": null }, "geometry": { "type": "LineString", "coordinates": [ [ 78.1436648, 14.7730974 ], [ 78.1455363, 14.7657458 ], [ 78.1570244, 14.758357 ], [ 78.1621645, 14.7599727 ], [ 78.1665259, 14.7641248 ], [ 78.1730593, 14.7742473 ], [ 78.1854446, 14.7729641 ], [ 78.1987918, 14.7693455 ], [ 78.2049002, 14.7656386 ], [ 78.2154389, 14.7522022 ], [ 78.2183455, 14.7480861 ], [ 78.2200994, 14.7408323 ], [ 78.2234346, 14.7373874 ], [ 78.2546935, 14.7305985 ], [ 78.2671688, 14.7357041 ] ] } },
{ "type": "Feature", "properties": { "name": null, "highway": "trunk", "ref": "NH67;NH544F", "maxspeed": null }, "geometry": { "type": "LineString", "coordinates": [ [ 78.3918267, 14.6819243 ], [ 78.3821529, 14.6851701 ] ] } },
{ "type": "Feature", "properties": { "name": null, "highway": "secondary", "ref": "MDR0386", "maxspeed": null }, "geometry": { "type": "LineString", "coordinates": [ [ 77.9898405, 14.5329909 ], [ 77.9928204, 14.5290365 ], [ 77.9921257, 14.5238124 ], [ 77.9927346, 14.5219144 ], [ 77.9951888, 14.5200605 ], [ 77.9969457, 14.5197567 ], [ 77.9968089, 14.5183 ], [ 77.9994911, 14.5142026 ], [ 78.00459, 14.510048 ], [ 78.0097049, 14.5076175 ] ] } },
{ "type": "Feature", "properties": { "name": null, "highway": "secondary", "ref": "MDR0344", "maxspeed": null }, "geometry": { "type": "LineString", "coordinates": [ [ 78.3365415, 14.853474 ], [ 78.3368137, 14.8520494 ], [ 78.3398769, 14.8519042 ] ] } },
{ "type": "Feature", "properties": { "name": "Gandluru - Kondapuram - Simhadripuram - Velidandla Road", "highway": "primary", "ref": "SH331", "maxspeed": null }, "geometry": { "type": "LineString", "coordinates": [ [ 78.1052664, 14.609843 ], [ 78.0992532, 14.6023918 ], [ 78.0934221, 14.5976314 ], [ 78.0917349, 14.5951162 ], [ 78.0881569, 14.5944803 ], [ 78.0869499, 14.5908645 ] ] } },
{ "type": "Feature", "properties": { "name": "Gandluru - Kondapuram - Simhadripuram - Velidandla Road", "highway": "primary", "ref": "SH331", "maxspeed": null }, "geometry": { "type": "LineString", "coordinates": [ [ 78.0869499, 14.5908645 ], [ 78.0869056, 14.5904414 ] ] } },
{ "type": "Feature", "properties": { "name": "Pulivendula-Tadipatri Road", "highway": "secondary", "ref": "MDR024", "maxspeed": null }, "geometry": { "type": "LineString", "coordinates": [ [ 78.1292611, 14.6473721 ], [ 78.1275773, 14.6480804 ] ] } },
{ "type": "Feature", "properties": { "name": null, "highway": "secondary", "ref": "MDR0297", "maxspeed": null }, "geometry": { "type": "LineString", "coordinates": [ [ 78.0777267, 14.7597829 ], [ 78.0808331, 14.7580149 ], [ 78.0835529, 14.7582418 ] ] } },
{ "type": "Feature", "properties": { "name": null, "highway": "secondary", "ref": "MDR0297", "maxspeed": null }, "geometry": { "type": "LineString", "coordinates": [ [ 78.0774736, 14.7598745 ], [ 78.0777267, 14.7597829 ] ] } },
{ "type": "Feature", "properties": { "name": null, "highway": "trunk", "ref": "NH67;NH544D", "maxspeed": null }, "geometry": { "type": "LineString", "coordinates": [ [ 78.1085295, 14.8453328 ], [ 78.1115591, 14.8431008 ], [ 78.1163765, 14.835886 ], [ 78.1270138, 14.8239576 ], [ 78.1282536, 14.81708 ], [ 78.1355262, 14.8099567 ], [ 78.1381986, 14.8059887 ], [ 78.1396725, 14.8002064 ], [ 78.1435919, 14.7735425 ] ] } },
{ "type": "Feature", "properties": { "name": null, "highway": "trunk", "ref": null, "maxspeed": null }, "geometry": { "type": "LineString", "coordinates": [ [ 78.1435919, 14.7735425 ], [ 78.1436648, 14.7730974 ] ] } },
{ "type": "Feature", "properties": { "name": null, "highway": "secondary", "ref": "MDR0305", "maxspeed": null }, "geometry": { "type": "LineString", "coordinates": [ [ 78.1128109, 14.748839 ], [ 78.1116463, 14.7494723 ], [ 78.1117603, 14.7520713 ], [ 78.1081393, 14.7603401 ] ] } },
{ "type": "Feature", "properties": { "name": null, "highway": "secondary", "ref": "MDR0305", "maxspeed": null }, "geometry": { "type": "LineString", "coordinates": [ [ 78.1081393, 14.7603401 ], [ 78.1080924, 14.7605139 ] ] } },
{ "type": "Feature", "properties": { "name": null, "highway": "secondary", "ref": "MDR078", "maxspeed": null }, "geometry": { "type": "LineString", "coordinates": [ [ 78.0835529, 14.7582418 ], [ 78.0846271, 14.7598058 ], [ 78.0855511, 14.7666726 ] ] } },
{ "type": "Feature", "properties": { "name": null, "highway": "secondary", "ref": "MDR078", "maxspeed": null }, "geometry": { "type": "LineString", "coordinates": [ [ 78.0855511, 14.7666726 ], [ 78.0855887, 14.7667672 ] ] } },
{ "type": "Feature", "properties": { "name": "Gandluru - Kondapuram - Simhadripuram - Velidandla Road", "highway": "primary", "ref": "SH331", "maxspeed": null }, "geometry": { "type": "LineString", "coordinates": [ [ 78.1463041, 14.7293538 ], [ 78.147836, 14.7371435 ], [ 78.1479809, 14.742452 ], [ 78.1504539, 14.7489782 ], [ 78.1502232, 14.7508405 ], [ 78.1576844, 14.7572407 ] ] } },
{ "type": "Feature", "properties": { "name": "Gandluru - Kondapuram - Simhadripuram - Velidandla Road", "highway": "primary", "ref": "SH331", "maxspeed": null }, "geometry": { "type": "LineString", "coordinates": [ [ 78.1462978, 14.7292634 ], [ 78.1463041, 14.7293538 ] ] } },
{ "type": "Feature", "properties": { "name": null, "highway": "secondary", "ref": "MDR046", "maxspeed": null }, "geometry": { "type": "LineString", "coordinates": [ [ 78.1327593, 14.6313785 ], [ 78.1407395, 14.636865 ] ] } },
{ "type": "Feature", "properties": { "name": null, "highway": "secondary", "ref": "MDR046", "maxspeed": null }, "geometry": { "type": "LineString", "coordinates": [ [ 78.1407395, 14.636865 ], [ 78.14094, 14.63704 ] ] } },
{ "type": "Feature", "properties": { "name": null, "highway": "secondary", "ref": "MDR065", "maxspeed": null }, "geometry": { "type": "LineString", "coordinates": [ [ 78.171477, 14.6844445 ], [ 78.1634417, 14.6925273 ], [ 78.1611693, 14.6957962 ], [ 78.1559759, 14.7005965 ], [ 78.1502339, 14.703929 ], [ 78.1479341, 14.7062798 ] ] } },
{ "type": "Feature", "properties": { "name": null, "highway": "secondary", "ref": "MDR065", "maxspeed": null }, "geometry": { "type": "LineString", "coordinates": [ [ 78.1716485, 14.6842709 ], [ 78.171477, 14.6844445 ] ] } },
{ "type": "Feature", "properties": { "name": null, "highway": "secondary", "ref": "MDR0396", "maxspeed": null }, "geometry": { "type": "LineString", "coordinates": [ [ 78.1838759, 14.6660263 ], [ 78.1936126, 14.6742873 ], [ 78.1995161, 14.6781826 ] ] } },
{ "type": "Feature", "properties": { "name": null, "highway": "secondary", "ref": "MDR0396", "maxspeed": null }, "geometry": { "type": "LineString", "coordinates": [ [ 78.1836931, 14.6658344 ], [ 78.1838759, 14.6660263 ] ] } },
{ "type": "Feature", "properties": { "name": null, "highway": "secondary", "ref": "MDR0291", "maxspeed": null }, "geometry": { "type": "LineString", "coordinates": [ [ 78.1643826, 14.6198502 ], [ 78.1666294, 14.6219618 ] ] } },
{ "type": "Feature", "properties": { "name": null, "highway": "secondary", "ref": "MDR0291", "maxspeed": null }, "geometry": { "type": "LineString", "coordinates": [ [ 78.1666294, 14.6219618 ], [ 78.1668004, 14.6221854 ] ] } },
{ "type": "Feature", "properties": { "name": null, "highway": "secondary", "ref": "MDR0400", "maxspeed": null }, "geometry": { "type": "LineString", "coordinates": [ [ 78.1758283, 14.571831 ], [ 78.1760944, 14.5731053 ], [ 78.1773457, 14.5734583 ], [ 78.1784749, 14.5754611 ] ] } },
{ "type": "Feature", "properties": { "name": null, "highway": "secondary", "ref": "MDR0400", "maxspeed": null }, "geometry": { "type": "LineString", "coordinates": [ [ 78.1784749, 14.5754611 ], [ 78.1786493, 14.5756911 ] ] } },
{ "type": "Feature", "properties": { "name": null, "highway": "secondary", "ref": "MDR0400", "maxspeed": null }, "geometry": { "type": "LineString", "coordinates": [ [ 78.1930908, 14.6011848 ], [ 78.1961037, 14.6084731 ], [ 78.1991547, 14.6079177 ], [ 78.1996363, 14.6103362 ] ] } },
{ "type": "Feature", "properties": { "name": null, "highway": "secondary", "ref": "MDR0400", "maxspeed": null }, "geometry": { "type": "LineString", "coordinates": [ [ 78.1929468, 14.6007563 ], [ 78.1930908, 14.6011848 ] ] } },
{ "type": "Feature", "properties": { "name": "Pulivendula-Tadipatri Road", "highway": "secondary", "ref": "MDR052", "maxspeed": null }, "geometry": { "type": "LineString", "coordinates": [ [ 78.1390333, 14.6122178 ], [ 78.1345407, 14.6189756 ], [ 78.1262499, 14.6275427 ] ] } },
{ "type": "Feature", "properties": { "name": "Pulivendula-Tadipatri Road", "highway": "secondary", "ref": "MDR052", "maxspeed": null }, "geometry": { "type": "LineString", "coordinates": [ [ 78.1391007, 14.6119624 ], [ 78.1390333, 14.6122178 ] ] } },
{ "type": "Feature", "properties": { "name": null, "highway": "secondary", "ref": "MDR0355", "maxspeed": null }, "geometry": { "type": "LineString", "coordinates": [ [ 78.1422781, 14.6055557 ], [ 78.1357426, 14.5972317 ], [ 78.1309341, 14.5931942 ] ] } },
{ "type": "Feature", "properties": { "name": null, "highway": "secondary", "ref": "MDR0355", "maxspeed": null }, "geometry": { "type": "LineString", "coordinates": [ [ 78.1309341, 14.5931942 ], [ 78.1309116, 14.5929216 ] ] } },
{ "type": "Feature", "properties": { "name": null, "highway": "secondary", "ref": "MDR067", "maxspeed": null }, "geometry": { "type": "LineString", "coordinates": [ [ 78.056811, 14.5544171 ], [ 78.0584297, 14.5564866 ] ] } },
{ "type": "Feature", "properties": { "name": null, "highway": "secondary", "ref": "MDR067", "maxspeed": null }, "geometry": { "type": "LineString", "coordinates": [ [ 78.0566784, 14.5541879 ], [ 78.056811, 14.5544171 ] ] } },
{ "type": "Feature", "properties": { "name": null, "highway": "secondary", "ref": "MDR0355", "maxspeed": null }, "geometry": { "type": "LineString", "coordinates": [ [ 78.1370911, 14.5526239 ], [ 78.135404, 14.547525 ] ] } },
{ "type": "Feature", "properties": { "name": null, "highway": "secondary", "ref": "MDR0355", "maxspeed": null }, "geometry": { "type": "LineString", "coordinates": [ [ 78.135404, 14.547525 ], [ 78.1353338, 14.5473815 ] ] } },
{ "type": "Feature", "properties": { "name": null, "highway": "secondary", "ref": "MDR0402", "maxspeed": null }, "geometry": { "type": "LineString", "coordinates": [ [ 78.1078798, 14.5055194 ], [ 78.112978, 14.5102635 ] ] } },
{ "type": "Feature", "properties": { "name": null, "highway": "secondary", "ref": "MDR0402", "maxspeed": null }, "geometry": { "type": "LineString", "coordinates": [ [ 78.112978, 14.5102635 ], [ 78.1131027, 14.5103778 ] ] } },
{ "type": "Feature", "properties": { "name": null, "highway": "secondary", "ref": "MDR0354", "maxspeed": null }, "geometry": { "type": "LineString", "coordinates": [ [ 78.1550807, 14.5382926 ], [ 78.1563923, 14.5312954 ], [ 78.1589216, 14.5307372 ] ] } },
{ "type": "Feature", "properties": { "name": null, "highway": "secondary", "ref": "MDR0354", "maxspeed": null }, "geometry": { "type": "LineString", "coordinates": [ [ 78.1589216, 14.5307372 ], [ 78.1590852, 14.530719 ] ] } },
{ "type": "Feature", "properties": { "name": null, "highway": "secondary", "ref": "MDR0354", "maxspeed": null }, "geometry": { "type": "LineString", "coordinates": [ [ 78.1609172, 14.544155 ], [ 78.1599623, 14.5422286 ], [ 78.1575939, 14.5413615 ], [ 78.155169, 14.5384734 ] ] } },
{ "type": "Feature", "properties": { "name": null, "highway": "secondary", "ref": "MDR0354", "maxspeed": null }, "geometry": { "type": "LineString", "coordinates": [ [ 78.155169, 14.5384734 ], [ 78.1550807, 14.5382926 ] ] } },
{ "type": "Feature", "properties": { "name": null, "highway": "trunk", "ref": null, "maxspeed": null }, "geometry": { "type": "LineString", "coordinates": [ [ 78.2672479, 14.7357386 ], [ 78.2747272, 14.7387641 ], [ 78.2769354, 14.7384553 ], [ 78.2925559, 14.730794 ], [ 78.2997743, 14.7290755 ], [ 78.3085332, 14.7249315 ], [ 78.3145421, 14.721412 ], [ 78.3175067, 14.7187104 ], [ 78.330654, 14.7110677 ], [ 78.3394876, 14.7098535 ], [ 78.3498692, 14.7063828 ] ] } },
{ "type": "Feature", "properties": { "name": null, "highway": "trunk", "ref": null, "maxspeed": null }, "geometry": { "type": "LineString", "coordinates": [ [ 78.2671688, 14.7357041 ], [ 78.2672479, 14.7357386 ] ] } },
{ "type": "Feature", "properties": { "name": null, "highway": "trunk", "ref": null, "maxspeed": null }, "geometry": { "type": "LineString", "coordinates": [ [ 78.3502015, 14.7062403 ], [ 78.3564489, 14.7029274 ], [ 78.3616579, 14.6973009 ], [ 78.3707942, 14.6930134 ], [ 78.3735451, 14.6905017 ], [ 78.3821529, 14.6851701 ] ] } },
{ "type": "Feature", "properties": { "name": null, "highway": "trunk", "ref": null, "maxspeed": null }, "geometry": { "type": "LineString", "coordinates": [ [ 78.3498692, 14.7063828 ], [ 78.3502015, 14.7062403 ] ] } },
{ "type": "Feature", "properties": { "name": null, "highway": "secondary", "ref": "MDR0401", "maxspeed": null }, "geometry": { "type": "LineString", "coordinates": [ [ 78.2101171, 14.664171 ], [ 78.2103704, 14.6709508 ], [ 78.2115224, 14.6736818 ] ] } },
{ "type": "Feature", "properties": { "name": null, "highway": "secondary", "ref": "MDR0401", "maxspeed": null }, "geometry": { "type": "LineString", "coordinates": [ [ 78.210087, 14.6639118 ], [ 78.2101171, 14.664171 ] ] } },
{ "type": "Feature", "properties": { "name": null, "highway": "secondary", "ref": "MDR065", "maxspeed": null }, "geometry": { "type": "LineString", "coordinates": [ [ 78.2515542, 14.6188559 ], [ 78.2420634, 14.6258129 ], [ 78.2375257, 14.6266824 ], [ 78.2339273, 14.6284117 ], [ 78.2305305, 14.6332198 ], [ 78.2152578, 14.6466195 ], [ 78.2125271, 14.6498816 ], [ 78.2082627, 14.6517442 ] ] } },
{ "type": "Feature", "properties": { "name": null, "highway": "secondary", "ref": "MDR065", "maxspeed": null }, "geometry": { "type": "LineString", "coordinates": [ [ 78.2517838, 14.6187026 ], [ 78.2515542, 14.6188559 ] ] } },
{ "type": "Feature", "properties": { "name": null, "highway": "secondary", "ref": "MDR0290", "maxspeed": null }, "geometry": { "type": "LineString", "coordinates": [ [ 78.2319595, 14.6310878 ], [ 78.2334575, 14.6327046 ], [ 78.2349261, 14.6392006 ] ] } },
{ "type": "Feature", "properties": { "name": null, "highway": "secondary", "ref": "MDR0290", "maxspeed": null }, "geometry": { "type": "LineString", "coordinates": [ [ 78.2349261, 14.6392006 ], [ 78.2349662, 14.6393353 ] ] } },
{ "type": "Feature", "properties": { "name": null, "highway": "secondary", "ref": "MDR0411", "maxspeed": null }, "geometry": { "type": "LineString", "coordinates": [ [ 78.2658821, 14.73105 ], [ 78.268024, 14.7339535 ], [ 78.2679308, 14.7358192 ] ] } },
{ "type": "Feature", "properties": { "name": null, "highway": "secondary", "ref": "MDR0411", "maxspeed": null }, "geometry": { "type": "LineString", "coordinates": [ [ 78.2658249, 14.7309466 ], [ 78.2658821, 14.73105 ] ] } },
{ "type": "Feature", "properties": { "name": null, "highway": "secondary", "ref": "MDR0356", "maxspeed": null }, "geometry": { "type": "LineString", "coordinates": [ [ 78.1805281, 14.569283 ], [ 78.1867482, 14.5675461 ], [ 78.1985571, 14.5672461 ] ] } },
{ "type": "Feature", "properties": { "name": null, "highway": "secondary", "ref": "MDR0356", "maxspeed": null }, "geometry": { "type": "LineString", "coordinates": [ [ 78.1985571, 14.5672461 ], [ 78.1987307, 14.567235 ] ] } },
{ "type": "Feature", "properties": { "name": null, "highway": "secondary", "ref": "MDR0292", "maxspeed": null }, "geometry": { "type": "LineString", "coordinates": [ [ 78.2144807, 14.5579861 ], [ 78.2157643, 14.5624345 ], [ 78.2168452, 14.5642686 ], [ 78.2193685, 14.5648605 ], [ 78.2202061, 14.5684157 ] ] } },
{ "type": "Feature", "properties": { "name": null, "highway": "secondary", "ref": "MDR0292", "maxspeed": null }, "geometry": { "type": "LineString", "coordinates": [ [ 78.2143789, 14.557739 ], [ 78.2144807, 14.5579861 ] ] } },
{ "type": "Feature", "properties": { "name": null, "highway": "secondary", "ref": "MDR0409", "maxspeed": null }, "geometry": { "type": "LineString", "coordinates": [ [ 78.2027771, 14.5428141 ], [ 78.2069982, 14.5421806 ], [ 78.2093766, 14.543086 ] ] } },
{ "type": "Feature", "properties": { "name": null, "highway": "secondary", "ref": "MDR0409", "maxspeed": null }, "geometry": { "type": "LineString", "coordinates": [ [ 78.2093766, 14.543086 ], [ 78.2095141, 14.543138 ] ] } },
{ "type": "Feature", "properties": { "name": null, "highway": "secondary", "ref": "MDR0356", "maxspeed": null }, "geometry": { "type": "LineString", "coordinates": [ [ 78.2361878, 14.5707897 ], [ 78.2445753, 14.5730977 ] ] } },
{ "type": "Feature", "properties": { "name": null, "highway": "secondary", "ref": "MDR0356", "maxspeed": null }, "geometry": { "type": "LineString", "coordinates": [ [ 78.2445753, 14.5730977 ], [ 78.2446556, 14.5731209 ] ] } },
{ "type": "Feature", "properties": { "name": null, "highway": "secondary", "ref": "MDR0356", "maxspeed": null }, "geometry": { "type": "LineString", "coordinates": [ [ 78.2297172, 14.5687052 ], [ 78.2357742, 14.5705854 ] ] } },
{ "type": "Feature", "properties": { "name": null, "highway": "secondary", "ref": "MDR0356", "maxspeed": null }, "geometry": { "type": "LineString", "coordinates": [ [ 78.2357742, 14.5705854 ], [ 78.2361878, 14.5707897 ] ] } },
{ "type": "Feature", "properties": { "name": "Jammalamadugu - Kadiri Road", "highway": "trunk", "ref": "NH716G", "maxspeed": null }, "geometry": { "type": "LineString", "coordinates": [ [ 78.2672633, 14.5453113 ], [ 78.2671353, 14.5450859 ] ] } },
{ "type": "Feature", "properties": { "name": null, "highway": "primary", "ref": "SH57", "maxspeed": null }, "geometry": { "type": "LineString", "coordinates": [ [ 78.3849076, 14.857524 ], [ 78.3834053, 14.8610686 ], [ 78.3737194, 14.8693007 ] ] } },
{ "type": "Feature", "properties": { "name": "Jammalamadugu - Kadiri Road", "highway": "trunk", "ref": "NH716G", "maxspeed": null }, "geometry": { "type": "LineString", "coordinates": [ [ 78.3918267, 14.6819243 ], [ 78.3885699, 14.6697267 ], [ 78.3765405, 14.6527204 ] ] } },
{ "type": "Feature", "properties": { "name": "Jammalamadugu - Kadiri Road", "highway": "trunk", "ref": "NH716G", "maxspeed": null }, "geometry": { "type": "LineString", "coordinates": [ [ 78.3765405, 14.6527204 ], [ 78.3763746, 14.652493 ] ] } },
{ "type": "Feature", "properties": { "name": null, "highway": "secondary", "ref": "MDR0409", "maxspeed": null }, "geometry": { "type": "LineString", "coordinates": [ [ 78.3322804, 14.5163764 ], [ 78.3336957, 14.5170725 ], [ 78.3400016, 14.5148946 ], [ 78.3415049, 14.5129744 ], [ 78.3469525, 14.5105258 ] ] } },
{ "type": "Feature", "properties": { "name": null, "highway": "secondary", "ref": "MDR0409", "maxspeed": null }, "geometry": { "type": "LineString", "coordinates": [ [ 78.3319435, 14.5160665 ], [ 78.3322804, 14.5163764 ] ] } },
{ "type": "Feature", "properties": { "name": null, "highway": "secondary", "ref": "MDR0408", "maxspeed": null }, "geometry": { "type": "LineString", "coordinates": [ [ 78.3430946, 14.5056034 ], [ 78.3450857, 14.5091366 ], [ 78.3463007, 14.5089418 ], [ 78.3469525, 14.5105258 ] ] } },
{ "type": "Feature", "properties": { "name": null, "highway": "secondary", "ref": "MDR0408", "maxspeed": null }, "geometry": { "type": "LineString", "coordinates": [ [ 78.342812, 14.5052459 ], [ 78.3430946, 14.5056034 ] ] } },
{ "type": "Feature", "properties": { "name": null, "highway": "secondary", "ref": "MDR0399", "maxspeed": null }, "geometry": { "type": "LineString", "coordinates": [ [ 78.360441, 14.4857343 ], [ 78.3718514, 14.4855991 ], [ 78.3747107, 14.4842435 ] ] } },
{ "type": "Feature", "properties": { "name": null, "highway": "secondary", "ref": "MDR0399", "maxspeed": null }, "geometry": { "type": "LineString", "coordinates": [ [ 78.3601651, 14.4856796 ], [ 78.360441, 14.4857343 ] ] } },
{ "type": "Feature", "properties": { "name": null, "highway": "secondary", "ref": null, "maxspeed": null }, "geometry": { "type": "LineString", "coordinates": [ [ 78.2090263, 14.7797919 ], [ 78.2053886, 14.7837546 ], [ 78.2028205, 14.79036 ] ] } },
{ "type": "Feature", "properties": { "name": null, "highway": "secondary", "ref": null, "maxspeed": null }, "geometry": { "type": "LineString", "coordinates": [ [ 78.2026675, 14.7907856 ], [ 78.2018025, 14.793192 ] ] } },
{ "type": "Feature", "properties": { "name": null, "highway": "secondary", "ref": null, "maxspeed": null }, "geometry": { "type": "LineString", "coordinates": [ [ 78.2028205, 14.79036 ], [ 78.2026675, 14.7907856 ] ] } },
{ "type": "Feature", "properties": { "name": null, "highway": "secondary", "ref": "MDR0411", "maxspeed": null }, "geometry": { "type": "LineString", "coordinates": [ [ 78.3646696, 14.6744934 ], [ 78.367678, 14.6748586 ], [ 78.368728, 14.6769898 ], [ 78.3696718, 14.6771777 ], [ 78.370133, 14.6789742 ], [ 78.3802117, 14.6861682 ] ] } },
{ "type": "Feature", "properties": { "name": null, "highway": "secondary", "ref": "MDR0411", "maxspeed": null }, "geometry": { "type": "LineString", "coordinates": [ [ 78.3644432, 14.6745092 ], [ 78.3646696, 14.6744934 ] ] } },
{ "type": "Feature", "properties": { "name": null, "highway": "trunk", "ref": null, "maxspeed": null }, "geometry": { "type": "LineString", "coordinates": [ [ 78.3835961, 14.6853035 ], [ 78.3834361, 14.684801 ] ] } },
{ "type": "Feature", "properties": { "name": null, "highway": "trunk", "ref": "NH167K", "maxspeed": null }, "geometry": { "type": "LineString", "coordinates": [ [ 78.3832511, 14.6848617 ], [ 78.3835961, 14.6853035 ] ] } },
{ "type": "Feature", "properties": { "name": "Jammalamadugu Muddanuru Road", "highway": "primary", "ref": "SH28", "maxspeed": null }, "geometry": { "type": "LineString", "coordinates": [ [ 78.3925235, 14.6988086 ], [ 78.3924825, 14.6897628 ], [ 78.3938095, 14.6887851 ], [ 78.3918267, 14.6819243 ] ] } },
{ "type": "Feature", "properties": { "name": null, "highway": "trunk", "ref": "NH167K", "maxspeed": null }, "geometry": { "type": "LineString", "coordinates": [ [ 78.3824188, 14.8445115 ], [ 78.382398, 14.8446627 ], [ 78.3825793, 14.8446766 ], [ 78.3825874, 14.8445287 ], [ 78.3824188, 14.8445115 ] ] } },
{ "type": "Feature", "properties": { "name": null, "highway": "trunk", "ref": "NH167K", "maxspeed": null }, "geometry": { "type": "LineString", "coordinates": [ [ 78.3780193, 14.8275641 ], [ 78.3809153, 14.8343837 ], [ 78.3806935, 14.8410077 ], [ 78.3823991, 14.8445322 ] ] } },
{ "type": "Feature", "properties": { "name": "Jammalamadugu Muddanuru Road", "highway": "trunk", "ref": "NH167K", "maxspeed": null }, "geometry": { "type": "LineString", "coordinates": [ [ 78.3780193, 14.8275641 ], [ 78.3776631, 14.8267415 ] ] } },
{ "type": "Feature", "properties": { "name": null, "highway": "trunk", "ref": "NH167K", "maxspeed": null }, "geometry": { "type": "LineString", "coordinates": [ [ 78.3824372, 14.844973 ], [ 78.3834523, 14.8479016 ], [ 78.3845131, 14.848751 ] ] } },
{ "type": "Feature", "properties": { "name": null, "highway": "trunk", "ref": "NH167K", "maxspeed": null }, "geometry": { "type": "LineString", "coordinates": [ [ 78.3845131, 14.848751 ], [ 78.3824372, 14.844973 ] ] } },
{ "type": "Feature", "properties": { "name": null, "highway": "trunk", "ref": "NH167K", "maxspeed": null }, "geometry": { "type": "LineString", "coordinates": [ [ 78.3845131, 14.848751 ], [ 78.3873855, 14.8513319 ], [ 78.3849076, 14.857524 ] ] } },
{ "type": "Feature", "properties": { "name": "Jammalamadugu Road", "highway": "primary", "ref": "SH57", "maxspeed": null }, "geometry": { "type": "LineString", "coordinates": [ [ 78.3860402, 14.8413454 ], [ 78.3840484, 14.8436365 ] ] } },
{ "type": "Feature", "properties": { "name": "Jammalamadugu Road", "highway": "primary", "ref": "SH57", "maxspeed": null }, "geometry": { "type": "LineString", "coordinates": [ [ 78.3860946, 14.841291 ], [ 78.3860402, 14.8413454 ] ] } },
{ "type": "Feature", "properties": { "name": "Jammalamadugu Road", "highway": "primary", "ref": "SH57", "maxspeed": null }, "geometry": { "type": "LineString", "coordinates": [ [ 78.3840484, 14.8436365 ], [ 78.382534, 14.8444913 ] ] } },
{ "type": "Feature", "properties": { "name": null, "highway": "trunk", "ref": "NH167K", "maxspeed": null }, "geometry": { "type": "LineString", "coordinates": [ [ 78.3824372, 14.844973 ], [ 78.3824731, 14.8447084 ] ] } },
{ "type": "Feature", "properties": { "name": null, "highway": "primary", "ref": "SH57", "maxspeed": null }, "geometry": { "type": "LineString", "coordinates": [ [ 78.2739856, 14.9728727 ], [ 78.2309283, 14.9823308 ], [ 78.2059607, 14.9966696 ], [ 78.1844243, 15.0141927 ], [ 78.1564661, 15.0394111 ], [ 78.1536007, 15.0437355 ], [ 78.1496547, 15.0465107 ], [ 78.1417376, 15.055567 ] ] } },
{ "type": "Feature", "properties": { "name": null, "highway": "secondary", "ref": "MDR0344", "maxspeed": null }, "geometry": { "type": "LineString", "coordinates": [ [ 78.3647488, 14.8628111 ], [ 78.3679242, 14.8622872 ], [ 78.3680854, 14.8629771 ], [ 78.3699791, 14.8626452 ], [ 78.3789494, 14.8644662 ] ] } },
{ "type": "Feature", "properties": { "name": "Koilakuntla - Jammalamadugu Road", "highway": "trunk", "ref": "NH167K", "maxspeed": null }, "geometry": { "type": "LineString", "coordinates": [ [ 78.3911963, 14.8797557 ], [ 78.3906203, 14.8827583 ], [ 78.3913574, 14.8845495 ] ] } },
{ "type": "Feature", "properties": { "name": "Koilakuntla - Jammalamadugu Road", "highway": "trunk", "ref": "NH167K", "maxspeed": null }, "geometry": { "type": "LineString", "coordinates": [ [ 78.3915678, 14.8850448 ], [ 78.3907172, 14.8827665 ], [ 78.3911963, 14.8797557 ] ] } },
{ "type": "Feature", "properties": { "name": null, "highway": "secondary", "ref": "MDR0321", "maxspeed": null }, "geometry": { "type": "LineString", "coordinates": [ [ 78.3460741, 14.923728 ], [ 78.3514935, 14.9200672 ], [ 78.3555919, 14.9192093 ], [ 78.3634119, 14.9201981 ], [ 78.3664347, 14.9210106 ], [ 78.3684544, 14.922589 ], [ 78.3718313, 14.9227134 ], [ 78.3776356, 14.9199868 ], [ 78.3809669, 14.9167782 ] ] } },
{ "type": "Feature", "properties": { "name": null, "highway": "secondary", "ref": "MDR0277", "maxspeed": null }, "geometry": { "type": "LineString", "coordinates": [ [ 78.3011131, 14.9932708 ], [ 78.2959637, 14.9968479 ], [ 78.2893749, 14.9982068 ], [ 78.2854347, 15.0002328 ] ] } },
{ "type": "Feature", "properties": { "name": null, "highway": "secondary", "ref": "MDR0374", "maxspeed": null }, "geometry": { "type": "LineString", "coordinates": [ [ 78.3144428, 14.9868846 ], [ 78.3160421, 14.9873276 ], [ 78.3156759, 14.9930724 ], [ 78.3147539, 14.9942868 ], [ 78.3178022, 14.9947895 ], [ 78.3189771, 14.9968661 ], [ 78.3191474, 15.0045918 ], [ 78.3253822, 15.0169727 ] ] } },
{ "type": "Feature", "properties": { "name": null, "highway": "secondary", "ref": "MDR0284", "maxspeed": null }, "geometry": { "type": "LineString", "coordinates": [ [ 78.2206795, 14.86436 ], [ 78.2291177, 14.8667846 ], [ 78.2309356, 14.868482 ], [ 78.2377557, 14.8839671 ], [ 78.2386905, 14.8854434 ], [ 78.2403119, 14.8852269 ], [ 78.241761, 14.8865004 ], [ 78.2436271, 14.8923619 ], [ 78.2464622, 14.897259 ], [ 78.2467968, 14.9015935 ], [ 78.2485362, 14.9029932 ], [ 78.2482342, 14.904541 ] ] } },
{ "type": "Feature", "properties": { "name": null, "highway": "secondary", "ref": "MDR0342", "maxspeed": null }, "geometry": { "type": "LineString", "coordinates": [ [ 78.2482342, 14.904541 ], [ 78.2475109, 14.9087278 ], [ 78.2486938, 14.9125379 ], [ 78.2483558, 14.915008 ], [ 78.2506619, 14.9179905 ], [ 78.2467626, 14.9193078 ], [ 78.2403246, 14.923728 ], [ 78.2354135, 14.924757 ], [ 78.2288193, 14.9296151 ], [ 78.2300488, 14.9309184 ], [ 78.2296152, 14.9325139 ], [ 78.2327454, 14.9420223 ], [ 78.2401603, 14.9489636 ], [ 78.2454376, 14.9600404 ], [ 78.2473557, 14.9669814 ] ] } },
{ "type": "Feature", "properties": { "name": null, "highway": "secondary", "ref": "MDR0342", "maxspeed": null }, "geometry": { "type": "LineString", "coordinates": [ [ 78.2482342, 14.904541 ], [ 78.2559304, 14.9087706 ], [ 78.2643042, 14.9095158 ], [ 78.2681271, 14.9064256 ], [ 78.2805256, 14.9036224 ], [ 78.2823314, 14.9022473 ], [ 78.2826606, 14.900466 ], [ 78.2895921, 14.9001018 ], [ 78.2925875, 14.9019577 ], [ 78.2932191, 14.9058158 ], [ 78.2943101, 14.9072245 ], [ 78.2998916, 14.9105462 ] ] } },
{ "type": "Feature", "properties": { "name": null, "highway": "secondary", "ref": "MDR0322", "maxspeed": null }, "geometry": { "type": "LineString", "coordinates": [ [ 78.3117588, 14.9105169 ], [ 78.3129025, 14.9104741 ], [ 78.3148129, 14.9088756 ], [ 78.3167146, 14.9111668 ], [ 78.3170009, 14.9147229 ], [ 78.3216847, 14.914914 ], [ 78.3297971, 14.9186268 ], [ 78.3341892, 14.9193894 ], [ 78.3354492, 14.921411 ], [ 78.3412629, 14.9225592 ], [ 78.3453811, 14.9244274 ] ] } },
{ "type": "Feature", "properties": { "name": null, "highway": "secondary", "ref": "MDR0366", "maxspeed": null }, "geometry": { "type": "LineString", "coordinates": [ [ 78.2301617, 14.9310392 ], [ 78.2299653, 14.9311338 ] ] } },
{ "type": "Feature", "properties": { "name": null, "highway": "secondary", "ref": "MDR0366", "maxspeed": null }, "geometry": { "type": "LineString", "coordinates": [ [ 78.2300538, 14.9309906 ], [ 78.2357448, 14.9293073 ], [ 78.2382043, 14.9320778 ], [ 78.2489627, 14.9341764 ], [ 78.2559123, 14.9346357 ], [ 78.2609555, 14.9368354 ], [ 78.2637014, 14.9371289 ], [ 78.2652183, 14.9364979 ], [ 78.2670724, 14.9384331 ], [ 78.2759394, 14.9419544 ], [ 78.2810041, 14.9380812 ], [ 78.2858655, 14.9399548 ], [ 78.2857411, 14.9408109 ] ] } },
{ "type": "Feature", "properties": { "name": null, "highway": "secondary", "ref": "MDR0277", "maxspeed": null }, "geometry": { "type": "LineString", "coordinates": [ [ 78.2523657, 14.9775533 ], [ 78.253271, 14.9819927 ], [ 78.2568276, 14.9894626 ], [ 78.2585978, 15.0014583 ], [ 78.2627219, 15.0088196 ] ] } },
{ "type": "Feature", "properties": { "name": null, "highway": "secondary", "ref": "MDR0284", "maxspeed": null }, "geometry": { "type": "LineString", "coordinates": [ [ 78.0741237, 14.953376 ], [ 78.081564, 14.9519146 ], [ 78.0852192, 14.9501932 ], [ 78.0896562, 14.9450777 ], [ 78.0965334, 14.9440204 ], [ 78.0997561, 14.9452837 ], [ 78.1038411, 14.944665 ], [ 78.1120279, 14.9462238 ], [ 78.1181218, 14.9450285 ], [ 78.1229404, 14.9426268 ], [ 78.1400449, 14.942575 ], [ 78.1453751, 14.9361888 ], [ 78.1520042, 14.9225644 ], [ 78.160136, 14.9133615 ], [ 78.1604089, 14.9120422 ] ] } },
{ "type": "Feature", "properties": { "name": null, "highway": "secondary", "ref": "MDR073", "maxspeed": null }, "geometry": { "type": "LineString", "coordinates": [ [ 78.0169698, 14.9333355 ], [ 78.0229604, 14.9294013 ], [ 78.0341828, 14.919532 ], [ 78.0543046, 14.9105541 ], [ 78.07477, 14.8995225 ], [ 78.0767977, 14.8965883 ], [ 78.0838573, 14.8914767 ], [ 78.0888462, 14.8835446 ], [ 78.0921185, 14.8860124 ], [ 78.0932128, 14.8855821 ], [ 78.1012165, 14.8797599 ], [ 78.1031263, 14.8766803 ], [ 78.1057334, 14.8747724 ] ] } },
{ "type": "Feature", "properties": { "name": null, "highway": "secondary", "ref": "MDR0284", "maxspeed": null }, "geometry": { "type": "LineString", "coordinates": [ [ 78.1926899, 14.8704839 ], [ 78.1984325, 14.8649803 ], [ 78.1995571, 14.8625719 ] ] } },
{ "type": "Feature", "properties": { "name": null, "highway": "secondary", "ref": "MDR0277", "maxspeed": null }, "geometry": { "type": "LineString", "coordinates": [ [ 78.2627219, 15.0088196 ], [ 78.2643338, 15.0079287 ], [ 78.2662475, 15.0048367 ], [ 78.2724541, 15.004176 ], [ 78.2854347, 15.0002328 ] ] } },
{ "type": "Feature", "properties": { "name": null, "highway": "secondary", "ref": "MDR0342", "maxspeed": null }, "geometry": { "type": "LineString", "coordinates": [ [ 78.3001595, 14.910588 ], [ 78.3082522, 14.912687 ], [ 78.3117588, 14.9105169 ] ] } },
{ "type": "Feature", "properties": { "name": null, "highway": "secondary", "ref": "MDR0342", "maxspeed": null }, "geometry": { "type": "LineString", "coordinates": [ [ 78.2998916, 14.9105462 ], [ 78.3001595, 14.910588 ] ] } },
{ "type": "Feature", "properties": { "name": null, "highway": "secondary", "ref": "MDR0342", "maxspeed": null }, "geometry": { "type": "LineString", "coordinates": [ [ 78.2485031, 14.9703937 ], [ 78.2495427, 14.9727711 ], [ 78.2517998, 14.9746276 ], [ 78.2520881, 14.9767148 ] ] } },
{ "type": "Feature", "properties": { "name": null, "highway": "secondary", "ref": "MDR0342", "maxspeed": null }, "geometry": { "type": "LineString", "coordinates": [ [ 78.2473557, 14.9669814 ], [ 78.2474463, 14.9674983 ] ] } },
{ "type": "Feature", "properties": { "name": null, "highway": "secondary", "ref": "MDR0366", "maxspeed": null }, "geometry": { "type": "LineString", "coordinates": [ [ 78.2864222, 14.9410631 ], [ 78.2909697, 14.9437839 ], [ 78.2945535, 14.9435406 ], [ 78.2991236, 14.9460063 ], [ 78.3042257, 14.945572 ], [ 78.3073434, 14.9469269 ] ] } },
{ "type": "Feature", "properties": { "name": null, "highway": "secondary", "ref": "MDR0366", "maxspeed": null }, "geometry": { "type": "LineString", "coordinates": [ [ 78.2857411, 14.9408109 ], [ 78.2864222, 14.9410631 ] ] } },
{ "type": "Feature", "properties": { "name": null, "highway": "secondary", "ref": "MDR0342", "maxspeed": null }, "geometry": { "type": "LineString", "coordinates": [ [ 78.2474463, 14.9674983 ], [ 78.2484844, 14.9703317 ] ] } },
{ "type": "Feature", "properties": { "name": null, "highway": "secondary", "ref": "MDR", "maxspeed": null }, "geometry": { "type": "LineString", "coordinates": [ [ 78.2484844, 14.9703317 ], [ 78.2485031, 14.9703937 ] ] } },
{ "type": "Feature", "properties": { "name": null, "highway": "secondary", "ref": "MDR0342", "maxspeed": null }, "geometry": { "type": "LineString", "coordinates": [ [ 78.2521639, 14.9770729 ], [ 78.2522507, 14.9775811 ] ] } },
{ "type": "Feature", "properties": { "name": null, "highway": "secondary", "ref": "MDRMDR0342", "maxspeed": null }, "geometry": { "type": "LineString", "coordinates": [ [ 78.2520881, 14.9767148 ], [ 78.2521639, 14.9770729 ] ] } },
{ "type": "Feature", "properties": { "name": null, "highway": "primary", "ref": "SH57", "maxspeed": null }, "geometry": { "type": "LineString", "coordinates": [ [ 78.3481104, 14.9094367 ], [ 78.3463971, 14.9130876 ], [ 78.3462471, 14.923281 ], [ 78.3449818, 14.9248309 ], [ 78.3316727, 14.9333908 ], [ 78.3077911, 14.9465335 ], [ 78.3049535, 14.9515281 ], [ 78.2920768, 14.9654152 ], [ 78.2813524, 14.9715126 ], [ 78.274374, 14.972624 ] ] } },
{ "type": "Feature", "properties": { "name": null, "highway": "primary", "ref": "SH57", "maxspeed": null }, "geometry": { "type": "LineString", "coordinates": [ [ 78.274374, 14.972624 ], [ 78.2739856, 14.9728727 ] ] } },
{ "type": "Feature", "properties": { "name": null, "highway": "secondary", "ref": "MDR0268", "maxspeed": null }, "geometry": { "type": "LineString", "coordinates": [ [ 78.3857439, 14.9867939 ], [ 78.3729685, 14.9664292 ], [ 78.3726595, 14.9645361 ], [ 78.3715804, 14.9641404 ], [ 78.3700397, 14.9654318 ], [ 78.3636024, 14.9677452 ], [ 78.3563798, 14.9689102 ], [ 78.3522814, 14.9712734 ], [ 78.3473032, 14.9721108 ], [ 78.3471744, 14.9734292 ], [ 78.3339213, 14.9826409 ], [ 78.3328008, 14.9814382 ], [ 78.3265361, 14.982713 ], [ 78.3225535, 14.9852709 ], [ 78.3160018, 14.9872013 ] ] } },
{ "type": "Feature", "properties": { "name": null, "highway": "secondary", "ref": "MDR073", "maxspeed": null }, "geometry": { "type": "LineString", "coordinates": [ [ 78.3386938, 15.0389705 ], [ 78.3368991, 15.0409549 ], [ 78.317863, 15.0482049 ], [ 78.3157195, 15.0483601 ], [ 78.3120934, 15.0505237 ], [ 78.3111416, 15.0521624 ], [ 78.3077529, 15.0545108 ], [ 78.3040962, 15.05577 ] ] } },
{ "type": "Feature", "properties": { "name": null, "highway": "secondary", "ref": "MDR0246", "maxspeed": null }, "geometry": { "type": "LineString", "coordinates": [ [ 78.3021242, 14.9942681 ], [ 78.3027258, 14.9979237 ], [ 78.301572, 15.0002187 ], [ 78.3033277, 15.002018 ], [ 78.303593, 15.0082538 ], [ 78.3055579, 15.0123452 ], [ 78.305762, 15.0225881 ], [ 78.3036696, 15.0288776 ], [ 78.3055273, 15.0301739 ], [ 78.3049302, 15.0309181 ], [ 78.3062316, 15.0310266 ], [ 78.3051394, 15.0319335 ], [ 78.3047924, 15.0341613 ], [ 78.3060887, 15.0425895 ], [ 78.3042922, 15.0490015 ], [ 78.3040962, 15.05577 ] ] } },
{ "type": "Feature", "properties": { "name": null, "highway": "secondary", "ref": "MDR042", "maxspeed": null }, "geometry": { "type": "LineString", "coordinates": [ [ 78.3040962, 15.05577 ], [ 78.3031402, 15.0565058 ], [ 78.3017663, 15.0558146 ], [ 78.3014144, 15.0573687 ], [ 78.2958225, 15.0588979 ], [ 78.2916726, 15.0613968 ], [ 78.2696896, 15.0642755 ], [ 78.2687682, 15.0677851 ], [ 78.2632707, 15.0761517 ], [ 78.2587389, 15.0782153 ] ] } },
{ "type": "Feature", "properties": { "name": null, "highway": "secondary", "ref": "MDR073", "maxspeed": null }, "geometry": { "type": "LineString", "coordinates": [ [ 78.3386938, 15.0389705 ], [ 78.34368, 15.0387497 ], [ 78.3539993, 15.0435699 ], [ 78.3685698, 15.0449746 ], [ 78.3704735, 15.0462511 ], [ 78.37474, 15.0467636 ], [ 78.3837222, 15.0459159 ], [ 78.3878369, 15.0444514 ] ] } },
{ "type": "Feature", "properties": { "name": null, "highway": "secondary", "ref": "MDR0323", "maxspeed": null }, "geometry": { "type": "LineString", "coordinates": [ [ 78.1604089, 14.9120422 ], [ 78.1617393, 14.9140659 ], [ 78.169409, 14.9153579 ], [ 78.178373, 14.9196979 ], [ 78.1861688, 14.9258766 ], [ 78.1940223, 14.9299818 ], [ 78.1958865, 14.9323972 ], [ 78.1986934, 14.9326279 ], [ 78.2047318, 14.9372626 ], [ 78.2028521, 14.9396717 ], [ 78.2045215, 14.9434491 ], [ 78.2070621, 14.9431008 ], [ 78.2092894, 14.941351 ], [ 78.2162617, 14.9383987 ], [ 78.223049, 14.9395255 ], [ 78.2317325, 14.9393039 ] ] } },
{ "type": "Feature", "properties": { "name": null, "highway": "secondary", "ref": "MDR0284", "maxspeed": null }, "geometry": { "type": "LineString", "coordinates": [ [ 78.2206795, 14.86436 ], [ 78.2102719, 14.8607994 ], [ 78.2055598, 14.8576386 ], [ 78.2001182, 14.8611479 ], [ 78.1995571, 14.8625719 ] ] } },
{ "type": "Feature", "properties": { "name": null, "highway": "secondary", "ref": "MDR0284", "maxspeed": null }, "geometry": { "type": "LineString", "coordinates": [ [ 78.1926899, 14.8704839 ], [ 78.1934364, 14.8716181 ], [ 78.1933163, 14.8749114 ], [ 78.1884969, 14.8793204 ], [ 78.1856902, 14.886927 ], [ 78.1842783, 14.8875533 ], [ 78.1745451, 14.8979839 ], [ 78.1611911, 14.9132802 ] ] } },
{ "type": "Feature", "properties": { "name": "Sirigepale Road", "highway": "secondary", "ref": "MDR0323", "maxspeed": null }, "geometry": { "type": "LineString", "coordinates": [ [ 78.1279778, 14.8909905 ], [ 78.1391194, 14.9050386 ], [ 78.1420356, 14.9040826 ], [ 78.1484741, 14.9043778 ], [ 78.1476405, 14.9051276 ], [ 78.1483731, 14.9055565 ], [ 78.1456665, 14.9070596 ], [ 78.146215, 14.907628 ], [ 78.1449989, 14.9095808 ], [ 78.1462078, 14.9099226 ], [ 78.1466625, 14.9092949 ], [ 78.1503434, 14.9103515 ], [ 78.1598921, 14.9058669 ], [ 78.1604089, 14.9120422 ] ] } },
{ "type": "Feature", "properties": { "name": "Balappakona Shivalayam Road", "highway": "secondary", "ref": "MDR0360", "maxspeed": null }, "geometry": { "type": "LineString", "coordinates": [ [ 78.166341, 14.8899154 ], [ 78.1644141, 14.8843743 ], [ 78.1623134, 14.8836174 ], [ 78.1636996, 14.8833229 ], [ 78.1650536, 14.8841338 ], [ 78.1635547, 14.8825259 ], [ 78.1617694, 14.8829448 ], [ 78.1610355, 14.8842803 ], [ 78.1585207, 14.8837867 ], [ 78.1560273, 14.884666 ], [ 78.1526799, 14.8887845 ], [ 78.1497316, 14.8904932 ], [ 78.1410284, 14.9004095 ], [ 78.1398651, 14.9050901 ] ] } },
{ "type": "Feature", "properties": { "name": null, "highway": "secondary", "ref": "MDR0368", "maxspeed": null }, "geometry": { "type": "LineString", "coordinates": [ [ 78.357778, 14.8911211 ], [ 78.3622129, 14.8897193 ], [ 78.365634, 14.891055 ], [ 78.3702893, 14.8902389 ], [ 78.3717652, 14.892471 ], [ 78.3722777, 14.8954039 ], [ 78.3725267, 14.9041643 ] ] } },
{ "type": "Feature", "properties": { "name": null, "highway": "secondary", "ref": "MDR0342", "maxspeed": null }, "geometry": { "type": "LineString", "coordinates": [ [ 78.3117588, 14.9105169 ], [ 78.3123486, 14.9056104 ], [ 78.3156022, 14.8977787 ], [ 78.328498, 14.8946358 ] ] } },
{ "type": "Feature", "properties": { "name": null, "highway": "secondary", "ref": "MDR0323", "maxspeed": null }, "geometry": { "type": "LineString", "coordinates": [ [ 78.1151389, 14.8654058 ], [ 78.1171394, 14.8674749 ], [ 78.122303, 14.8814746 ], [ 78.1279778, 14.8909905 ] ] } },
{ "type": "Feature", "properties": { "name": null, "highway": "secondary", "ref": "MDR0374", "maxspeed": null }, "geometry": { "type": "LineString", "coordinates": [ [ 78.3093461, 14.9844609 ], [ 78.3113368, 14.9867667 ], [ 78.3138784, 14.9868269 ] ] } },
{ "type": "Feature", "properties": { "name": null, "highway": "secondary", "ref": "MDR0374", "maxspeed": null }, "geometry": { "type": "LineString", "coordinates": [ [ 78.3138784, 14.9868269 ], [ 78.3144428, 14.9868846 ] ] } },
{ "type": "Feature", "properties": { "name": null, "highway": "secondary", "ref": "MDR0246", "maxspeed": null }, "geometry": { "type": "LineString", "coordinates": [ [ 78.3011131, 14.9932708 ], [ 78.3016868, 14.9937815 ] ] } },
{ "type": "Feature", "properties": { "name": null, "highway": "secondary", "ref": "MDR0246", "maxspeed": null }, "geometry": { "type": "LineString", "coordinates": [ [ 78.3016868, 14.9937815 ], [ 78.3021242, 14.9942681 ] ] } },
{ "type": "Feature", "properties": { "name": null, "highway": "secondary", "ref": "MDR360", "maxspeed": null }, "geometry": { "type": "LineString", "coordinates": [ [ 78.1057334, 14.8747724 ], [ 78.1058514, 14.8737043 ], [ 78.1151389, 14.8654058 ] ] } },
{ "type": "Feature", "properties": { "name": null, "highway": "secondary", "ref": "MDR0323", "maxspeed": null }, "geometry": { "type": "LineString", "coordinates": [ [ 78.1151389, 14.8654058 ], [ 78.1152239, 14.8653002 ] ] } },
{ "type": "Feature", "properties": { "name": "Sirigepale Road", "highway": "secondary", "ref": "MDR0293", "maxspeed": null }, "geometry": { "type": "LineString", "coordinates": [ [ 78.1057334, 14.8747724 ], [ 78.1068016, 14.878815 ], [ 78.1115479, 14.8849015 ], [ 78.1205052, 14.9026635 ], [ 78.1230088, 14.9000739 ], [ 78.1253454, 14.8943261 ], [ 78.1279778, 14.8909905 ] ] } },
{ "type": "Feature", "properties": { "name": null, "highway": "secondary", "ref": "MDR0374", "maxspeed": null }, "geometry": { "type": "LineString", "coordinates": [ [ 78.3253822, 15.0169727 ], [ 78.3255565, 15.0180427 ], [ 78.3281491, 15.0193637 ], [ 78.3296138, 15.0252417 ], [ 78.3314894, 15.0264099 ], [ 78.3319155, 15.0303038 ], [ 78.3375855, 15.0363539 ], [ 78.3386938, 15.0389705 ] ] } },
{ "type": "Feature", "properties": { "name": null, "highway": "primary", "ref": "SH57", "maxspeed": null }, "geometry": { "type": "LineString", "coordinates": [ [ 78.3735262, 14.8694831 ], [ 78.3635591, 14.8793564 ], [ 78.3567151, 14.892877 ], [ 78.3554699, 14.8979219 ], [ 78.3482484, 14.9092077 ] ] } },
{ "type": "Feature", "properties": { "name": null, "highway": "primary", "ref": "SH57", "maxspeed": null }, "geometry": { "type": "LineString", "coordinates": [ [ 78.3482484, 14.9092077 ], [ 78.3481104, 14.9094367 ] ] } },
{ "type": "Feature", "properties": { "name": null, "highway": "secondary", "ref": "MDR0321", "maxspeed": null }, "geometry": { "type": "LineString", "coordinates": [ [ 78.3809669, 14.9167782 ], [ 78.3811517, 14.9166573 ] ] } },
{ "type": "Feature", "properties": { "name": null, "highway": "primary", "ref": "SH57", "maxspeed": null }, "geometry": { "type": "LineString", "coordinates": [ [ 78.3737194, 14.8693007 ], [ 78.3735262, 14.8694831 ] ] } },
{ "type": "Feature", "properties": { "name": null, "highway": "secondary", "ref": "MDR0368", "maxspeed": null }, "geometry": { "type": "LineString", "coordinates": [ [ 78.3725305, 14.9044847 ], [ 78.372833, 14.9110766 ], [ 78.3665628, 14.9130997 ], [ 78.3672008, 14.916537 ], [ 78.366499, 14.9170178 ], [ 78.3663712, 14.9209833 ] ] } },
{ "type": "Feature", "properties": { "name": null, "highway": "secondary", "ref": "MDR0368", "maxspeed": null }, "geometry": { "type": "LineString", "coordinates": [ [ 78.3725267, 14.9041643 ], [ 78.3725305, 14.9044847 ] ] } },
{ "type": "Feature", "properties": { "name": "Koilakuntla - Jammalamadugu Road", "highway": "primary", "ref": "SH402", "maxspeed": null }, "geometry": { "type": "LineString", "coordinates": [ [ 78.3916046, 14.8877949 ], [ 78.3915743, 14.8860279 ] ] } },
{ "type": "Feature", "properties": { "name": "Koilakuntla - Jammalamadugu Road", "highway": "primary", "ref": "SH402", "maxspeed": null }, "geometry": { "type": "LineString", "coordinates": [ [ 78.3915743, 14.8860279 ], [ 78.3915755, 14.885778 ] ] } },
{ "type": "Feature", "properties": { "name": "Koilakuntla - Jammalamadugu Road", "highway": "primary", "ref": "SH402", "maxspeed": null }, "geometry": { "type": "LineString", "coordinates": [ [ 78.3914773, 14.8860384 ], [ 78.3916046, 14.8877949 ] ] } },
{ "type": "Feature", "properties": { "name": "Koilakuntla - Jammalamadugu Road", "highway": "primary", "ref": "SH402", "maxspeed": null }, "geometry": { "type": "LineString", "coordinates": [ [ 78.3914785, 14.8857755 ], [ 78.3914773, 14.8860384 ] ] } },
{ "type": "Feature", "properties": { "name": "Koilakuntla - Jammalamadugu Road", "highway": "primary", "ref": null, "maxspeed": null }, "geometry": { "type": "LineString", "coordinates": [ [ 78.3913574, 14.8845495 ], [ 78.3914785, 14.8857755 ] ] } },
{ "type": "Feature", "properties": { "name": null, "highway": "trunk", "ref": null, "maxspeed": null }, "geometry": { "type": "LineString", "coordinates": [ [ 78.3913574, 14.8845495 ], [ 78.3915678, 14.8850448 ] ] } },
{ "type": "Feature", "properties": { "name": "Koilakuntla - Jammalamadugu Road", "highway": "primary", "ref": null, "maxspeed": null }, "geometry": { "type": "LineString", "coordinates": [ [ 78.3915755, 14.885778 ], [ 78.3915678, 14.8850448 ] ] } },
{ "type": "Feature", "properties": { "name": null, "highway": "trunk", "ref": "NH167K", "maxspeed": null }, "geometry": { "type": "LineString", "coordinates": [ [ 78.3915678, 14.8850448 ], [ 78.3918386, 14.8857978 ] ] } },
{ "type": "Feature", "properties": { "name": null, "highway": "trunk", "ref": "NH167K", "maxspeed": null }, "geometry": { "type": "LineString", "coordinates": [ [ 78.3918386, 14.8857978 ], [ 78.3919284, 14.8860472 ] ] } }
]
}
