{
"type": "FeatureCollection",
"name": "Boundaries_kmz",
"crs": { "type": "name", "properties": { "name": "urn:ogc:def:crs:OGC:1.3:CRS84" } },
"features": [
{ "type": "Feature", "properties": { "Name": "1", "description": null, "timestamp": null, "begin": null, "end": null, "altitudeMode": null, "tessellate": -1, "extrude": 0, "visibility": -1, "drawOrder": null, "icon": null, "Layer": null, "SubClasses": null, "ExtendedEntity": null, "Linetype": null, "EntityHandle": null, "Text": null }, "geometry": { "type": "Polygon", "coordinates": [ [ [ 77.225069874900768, 14.685932759806541, 0.0 ], [ 77.222777497084493, 14.69035812956951, 0.0 ], [ 77.225802188158937, 14.69653171170795, 0.0 ], [ 77.224419976575447, 14.69714846122938, 0.0 ], [ 77.223131793325408, 14.69772149653309, 0.0 ], [ 77.220874237772605, 14.69860274749518, 0.0 ], [ 77.215112668362096, 14.70112449350559, 0.0 ], [ 77.210114379454936, 14.700844609178249, 0.0 ], [ 77.210134774715229, 14.682895951452281, 0.0 ], [ 77.224277412512123, 14.682035589152219, 0.0 ], [ 77.225069874900768, 14.685932759806541, 0.0 ] ] ] } },
{ "type": "Feature", "properties": { "Name": "1", "description": null, "timestamp": null, "begin": null, "end": null, "altitudeMode": null, "tessellate": 1, "extrude": 0, "visibility": -1, "drawOrder": null, "icon": null, "Layer": null, "SubClasses": null, "ExtendedEntity": null, "Linetype": null, "EntityHandle": null, "Text": null }, "geometry": { "type": "LineString", "coordinates": [ [ 77.754927365174836, 15.467187642391099, 0.0 ], [ 77.754849341746777, 15.45917461475025, 0.0 ], [ 77.797741491972616, 15.45563971629741, 0.0 ], [ 77.853227819512867, 15.45101665343258, 0.0 ], [ 77.862063726235831, 15.450529785591479, 0.0 ], [ 77.855199043158521, 15.43696275146123, 0.0 ], [ 77.843810486638773, 15.415775919530979, 0.0 ], [ 77.842417387444669, 15.411969020765611, 0.0 ], [ 77.851865669050383, 15.409352417109719, 0.0 ], [ 77.863850348456978, 15.41244139297673, 0.0 ], [ 77.876187280997826, 15.415555441788481, 0.0 ], [ 77.882241978277108, 15.41584294535209, 0.0 ], [ 77.896776680279729, 15.406298347918041, 0.0 ], [ 77.905076994549617, 15.406738419712839, 0.0 ], [ 77.969937528838955, 15.434172250136379, 0.0 ], [ 77.977066623149085, 15.43700759341721, 0.0 ], [ 77.979274768428951, 15.46327899461216, 0.0 ], [ 77.95089468394201, 15.46596784284071, 0.0 ], [ 77.922734620310152, 15.45713591894917, 0.0 ], [ 77.912551855731991, 15.46294168797135, 0.0 ], [ 77.905021860644709, 15.47691982091683, 0.0 ], [ 77.894500220652347, 15.4849731484431, 0.0 ], [ 77.87874898980364, 15.49271049738072, 0.0 ], [ 77.864256705845506, 15.503308056805849, 0.0 ], [ 77.845335262007339, 15.5069162413238, 0.0 ], [ 77.82677608786328, 15.510289063518821, 0.0 ], [ 77.807121064614591, 15.5068033276679, 0.0 ], [ 77.800913369601389, 15.50180003269816, 0.0 ], [ 77.784797570144278, 15.49504679316672, 0.0 ], [ 77.778527865614933, 15.492091303299221, 0.0 ], [ 77.777603638786758, 15.4852678516366, 0.0 ], [ 77.776897319650871, 15.47308639231265, 0.0 ], [ 77.76904324529032, 15.47218900105371, 0.0 ], [ 77.754927365174836, 15.467187642391099, 0.0 ] ] } },
{ "type": "Feature", "properties": { "Name": "1", "description": null, "timestamp": null, "begin": null, "end": null, "altitudeMode": null, "tessellate": -1, "extrude": 0, "visibility": -1, "drawOrder": null, "icon": null, "Layer": null, "SubClasses": null, "ExtendedEntity": null, "Linetype": null, "EntityHandle": null, "Text": null }, "geometry": { "type": "Polygon", "coordinates": [ [ [ 77.215197111206578, 14.70138551525425, 0.0 ], [ 77.219291351208568, 14.69967986398531, 0.0 ], [ 77.224088789445645, 14.69778367786301, 0.0 ], [ 77.225996692666854, 14.697033375853341, 0.0 ], [ 77.226524911066022, 14.70221206548293, 0.0 ], [ 77.225085775480437, 14.706740355896111, 0.0 ], [ 77.224891434436785, 14.712464154563911, 0.0 ], [ 77.224820409882199, 14.717457741846699, 0.0 ], [ 77.224811304715928, 14.722491175457749, 0.0 ], [ 77.210885442517196, 14.7216611881707, 0.0 ], [ 77.208488622328687, 14.71630794157333, 0.0 ], [ 77.209043225573893, 14.71431401234139, 0.0 ], [ 77.209855998988601, 14.711605975254789, 0.0 ], [ 77.210097317159196, 14.70115036496175, 0.0 ], [ 77.215197111206578, 14.70138551525425, 0.0 ] ] ] } },
{ "type": "Feature", "properties": { "Name": "1", "description": null, "timestamp": null, "begin": null, "end": null, "altitudeMode": null, "tessellate": -1, "extrude": 0, "visibility": -1, "drawOrder": null, "icon": null, "Layer": null, "SubClasses": null, "ExtendedEntity": null, "Linetype": null, "EntityHandle": null, "Text": null }, "geometry": { "type": "Polygon", "coordinates": [ [ [ 77.194305146163998, 14.689061631539881, 0.0 ], [ 77.204810305582839, 14.670996243569849, 0.0 ], [ 77.210789711779952, 14.660111997227199, 0.0 ], [ 77.215063561909048, 14.66499866249297, 0.0 ], [ 77.209267780465794, 14.67802961373706, 0.0 ], [ 77.209301608158682, 14.69133492990866, 0.0 ], [ 77.209162243683011, 14.69586520164324, 0.0 ], [ 77.194305146163998, 14.689061631539881, 0.0 ] ] ] } },
{ "type": "Feature", "properties": { "Name": "1", "description": null, "timestamp": null, "begin": null, "end": null, "altitudeMode": null, "tessellate": 1, "extrude": 0, "visibility": -1, "drawOrder": null, "icon": null, "Layer": null, "SubClasses": null, "ExtendedEntity": null, "Linetype": null, "EntityHandle": null, "Text": null }, "geometry": { "type": "Polygon", "coordinates": [ [ [ 77.152456602862742, 14.701030089244499, 0.0 ], [ 77.153179323049741, 14.69464712467081, 0.0 ], [ 77.157511265064883, 14.689292712853049, 0.0 ], [ 77.160679322929511, 14.68011595885263, 0.0 ], [ 77.16304181098036, 14.678950561585051, 0.0 ], [ 77.164559454336938, 14.67217944991407, 0.0 ], [ 77.16836240030301, 14.66616044441119, 0.0 ], [ 77.17542521351757, 14.66723884036457, 0.0 ], [ 77.171557138040754, 14.68324113585048, 0.0 ], [ 77.171670037489093, 14.69407643057904, 0.0 ], [ 77.160568217058341, 14.699204499733179, 0.0 ], [ 77.158122110724776, 14.6981174865357, 0.0 ], [ 77.158233631956321, 14.69984468490988, 0.0 ], [ 77.153230116093894, 14.700386556836079, 0.0 ], [ 77.152456602862742, 14.701030089244499, 0.0 ] ] ] } },
{ "type": "Feature", "properties": { "Name": "1", "description": null, "timestamp": null, "begin": null, "end": null, "altitudeMode": null, "tessellate": 1, "extrude": 0, "visibility": -1, "drawOrder": null, "icon": null, "Layer": null, "SubClasses": null, "ExtendedEntity": null, "Linetype": null, "EntityHandle": null, "Text": null }, "geometry": { "type": "Polygon", "coordinates": [ [ [ 77.53991457457947, 14.00224136239758, 0.0 ], [ 77.581387968209171, 14.005316010512249, 0.0 ], [ 77.573617278101736, 14.028596994953419, 0.0 ], [ 77.570897982717312, 14.039813377211219, 0.0 ], [ 77.565177598056096, 14.05182840422956, 0.0 ], [ 77.565095357970833, 14.07048471196253, 0.0 ], [ 77.550584921241708, 14.071488459800349, 0.0 ], [ 77.551848275489391, 14.058970737694921, 0.0 ], [ 77.554076114098137, 14.05814525804576, 0.0 ], [ 77.554230160888707, 14.039648313576089, 0.0 ], [ 77.513839503353537, 14.03474120711358, 0.0 ], [ 77.53991457457947, 14.00224136239758, 0.0 ] ] ] } },
{ "type": "Feature", "properties": { "Name": "1", "description": null, "timestamp": null, "begin": null, "end": null, "altitudeMode": null, "tessellate": 1, "extrude": 0, "visibility": -1, "drawOrder": null, "icon": null, "Layer": null, "SubClasses": null, "ExtendedEntity": null, "Linetype": null, "EntityHandle": null, "Text": null }, "geometry": { "type": "GeometryCollection", "geometries": [ { "type": "Polygon", "coordinates": [ [ [ 77.212379611600113, 15.48763522087067, 0.0 ], [ 77.211326975424072, 15.6119854750211, 0.0 ], [ 77.031845563188455, 15.621666504615639, 0.0 ], [ 77.03066410417064, 15.572296483911559, 0.0 ], [ 77.032221163464712, 15.4981779751531, 0.0 ], [ 77.212379611600113, 15.48763522087067, 0.0 ] ] ] }, { "type": "Polygon", "coordinates": [ [ [ 77.211925938226699, 15.489172485082451, 0.0 ], [ 77.212516816058724, 15.467893962142259, 0.0 ], [ 77.357504292362123, 15.46719908162774, 0.0 ], [ 77.358316078373974, 15.51684753252429, 0.0 ], [ 77.377104929797582, 15.51686139625062, 0.0 ], [ 77.408191976873795, 15.516402267251021, 0.0 ], [ 77.407690179746353, 15.47670915964509, 0.0 ], [ 77.45863926245994, 15.4794174954807, 0.0 ], [ 77.458564840342774, 15.63500768237804, 0.0 ], [ 77.227112939503044, 15.6355254499118, 0.0 ], [ 77.226285239694775, 15.611893546155709, 0.0 ], [ 77.211934162559018, 15.61251197511784, 0.0 ], [ 77.211925938226699, 15.489172485082451, 0.0 ] ] ] }, { "type": "Point", "coordinates": [ 77.153881478508424, 15.5533764417334, 0.0 ] }, { "type": "Point", "coordinates": [ 77.305699252915375, 15.56128097569214, 0.0 ] } ] } },
{ "type": "Feature", "properties": { "Name": "1", "description": null, "timestamp": null, "begin": null, "end": null, "altitudeMode": null, "tessellate": 1, "extrude": 0, "visibility": -1, "drawOrder": null, "icon": null, "Layer": null, "SubClasses": null, "ExtendedEntity": null, "Linetype": null, "EntityHandle": null, "Text": null }, "geometry": { "type": "Polygon", "coordinates": [ [ [ 77.970457037209727, 14.55997720681199, 0.0 ], [ 77.960479739967028, 14.553076598125051, 0.0 ], [ 77.957561831731283, 14.54940189050906, 0.0 ], [ 77.964385361768009, 14.53789650042831, 0.0 ], [ 77.974791224024088, 14.51520180268264, 0.0 ], [ 77.997144746422535, 14.49817868738084, 0.0 ], [ 78.000046060381834, 14.47866850113747, 0.0 ], [ 78.017295420187608, 14.464226874275891, 0.0 ], [ 78.038801784930826, 14.446389583431641, 0.0 ], [ 78.060292509095802, 14.431092496323529, 0.0 ], [ 78.050637820514339, 14.417199454636551, 0.0 ], [ 78.04668922461704, 14.406481903304771, 0.0 ], [ 78.059915819576531, 14.399593003603909, 0.0 ], [ 78.046177176325429, 14.384415729249071, 0.0 ], [ 78.085493559329251, 14.365292341354129, 0.0 ], [ 78.114759944928622, 14.34852996814765, 0.0 ], [ 78.137993187065433, 14.34335409284026, 0.0 ], [ 78.151059247618548, 14.338284314276709, 0.0 ], [ 78.215678192750858, 14.304303190132851, 0.0 ], [ 78.247585227890724, 14.29376564077311, 0.0 ], [ 78.250002755131788, 14.32261176998653, 0.0 ], [ 78.150923396504012, 14.39065498309329, 0.0 ], [ 78.156042512110403, 14.410470857072481, 0.0 ], [ 78.12878203091779, 14.47342284400864, 0.0 ], [ 78.110624563101823, 14.508330841560079, 0.0 ], [ 78.111375853413676, 14.55032301224832, 0.0 ], [ 78.052496159250452, 14.568527069848599, 0.0 ], [ 77.970457037209727, 14.55997720681199, 0.0 ] ] ] } },
{ "type": "Feature", "properties": { "Name": "1", "description": null, "timestamp": null, "begin": null, "end": null, "altitudeMode": null, "tessellate": 1, "extrude": 0, "visibility": -1, "drawOrder": null, "icon": null, "Layer": null, "SubClasses": null, "ExtendedEntity": null, "Linetype": null, "EntityHandle": null, "Text": null }, "geometry": { "type": "Polygon", "coordinates": [ [ [ 78.31668255551503, 14.86022632555877, 0.0 ], [ 78.328654804845584, 14.862366815160399, 0.0 ], [ 78.324818145782416, 14.871703838249919, 0.0 ], [ 78.319602892595526, 14.87296424096975, 0.0 ], [ 78.319480577480746, 14.87846668172129, 0.0 ], [ 78.322079215901027, 14.88118440750376, 0.0 ], [ 78.318031311524066, 14.889069408745261, 0.0 ], [ 78.316583988234186, 14.897271341892811, 0.0 ], [ 78.304200597392565, 14.90043213093778, 0.0 ], [ 78.294941167607178, 14.88958816189573, 0.0 ], [ 78.304219657262394, 14.885065196417511, 0.0 ], [ 78.302081252438882, 14.875392497751751, 0.0 ], [ 78.294778465470031, 14.858591031804229, 0.0 ], [ 78.30674590286182, 14.85043367331202, 0.0 ], [ 78.316324134446972, 14.854588203947531, 0.0 ], [ 78.31668255551503, 14.86022632555877, 0.0 ] ] ] } },
{ "type": "Feature", "properties": { "Name": "1", "description": null, "timestamp": null, "begin": null, "end": null, "altitudeMode": null, "tessellate": 1, "extrude": 0, "visibility": -1, "drawOrder": null, "icon": null, "Layer": null, "SubClasses": null, "ExtendedEntity": null, "Linetype": null, "EntityHandle": null, "Text": null }, "geometry": { "type": "Polygon", "coordinates": [ [ [ 78.275715714590433, 14.802649008811491, 0.0 ], [ 78.283540046437764, 14.79104122021633, 0.0 ], [ 78.28948222239525, 14.78631934175972, 0.0 ], [ 78.299283600334135, 14.779403624209831, 0.0 ], [ 78.307259980829215, 14.77184393082716, 0.0 ], [ 78.321455816908426, 14.77069717534583, 0.0 ], [ 78.32638935897036, 14.757472223737579, 0.0 ], [ 78.331693436670193, 14.750806241164019, 0.0 ], [ 78.337209704592269, 14.744776018825171, 0.0 ], [ 78.339802720968422, 14.73915258416004, 0.0 ], [ 78.348027176997633, 14.733034538231401, 0.0 ], [ 78.360914230024832, 14.730326704670089, 0.0 ], [ 78.366689292658876, 14.725574150739501, 0.0 ], [ 78.368434987008428, 14.72220065412413, 0.0 ], [ 78.367409732496114, 14.71752582204649, 0.0 ], [ 78.372541174031113, 14.715759327839249, 0.0 ], [ 78.388322645371645, 14.715330457772859, 0.0 ], [ 78.385541376331872, 14.723173312988051, 0.0 ], [ 78.37854849517754, 14.72860804630546, 0.0 ], [ 78.365686308643774, 14.731523924083779, 0.0 ], [ 78.360752475752506, 14.741003589847359, 0.0 ], [ 78.344139955696335, 14.74707879148851, 0.0 ], [ 78.35063237811022, 14.761027450191269, 0.0 ], [ 78.325152673886649, 14.77424519134896, 0.0 ], [ 78.317992788000893, 14.776352964927391, 0.0 ], [ 78.309048777052226, 14.77596377059322, 0.0 ], [ 78.288717666281912, 14.78897681614556, 0.0 ], [ 78.294715184252595, 14.799400472342921, 0.0 ], [ 78.275681498447341, 14.81433997487731, 0.0 ], [ 78.273077837219276, 14.810809204700289, 0.0 ], [ 78.275715714590433, 14.802649008811491, 0.0 ] ] ] } },
{ "type": "Feature", "properties": { "Name": "1", "description": null, "timestamp": null, "begin": null, "end": null, "altitudeMode": null, "tessellate": 1, "extrude": 0, "visibility": -1, "drawOrder": null, "icon": null, "Layer": null, "SubClasses": null, "ExtendedEntity": null, "Linetype": null, "EntityHandle": null, "Text": null }, "geometry": { "type": "Polygon", "coordinates": [ [ [ 77.435141402371045, 13.92106252136236, 0.0 ], [ 77.436992456857283, 13.915319800711879, 0.0 ], [ 77.428716090069557, 13.901107507606939, 0.0 ], [ 77.450917366909778, 13.89861116639757, 0.0 ], [ 77.466412744485552, 13.896761729549381, 0.0 ], [ 77.47763422852023, 13.8832401451262, 0.0 ], [ 77.484325252072139, 13.89392188549537, 0.0 ], [ 77.484438388393045, 13.90827597929766, 0.0 ], [ 77.476428671404022, 13.93443957197713, 0.0 ], [ 77.464998951476502, 13.946884090182801, 0.0 ], [ 77.441349327650485, 13.95691166906173, 0.0 ], [ 77.432374174919033, 13.94311632173468, 0.0 ], [ 77.418223636226585, 13.942754547153919, 0.0 ], [ 77.419166235851023, 13.92741143557228, 0.0 ], [ 77.435141402371045, 13.92106252136236, 0.0 ] ] ] } },
{ "type": "Feature", "properties": { "Name": "1", "description": null, "timestamp": null, "begin": null, "end": null, "altitudeMode": null, "tessellate": 1, "extrude": 0, "visibility": -1, "drawOrder": null, "icon": null, "Layer": null, "SubClasses": null, "ExtendedEntity": null, "Linetype": null, "EntityHandle": null, "Text": null }, "geometry": { "type": "Polygon", "coordinates": [ [ [ 77.382780993810698, 14.43354945424905, 0.0 ], [ 77.382373483229358, 14.424660147306501, 0.0 ], [ 77.384055661108391, 14.422918753564611, 0.0 ], [ 77.392054509931469, 14.42086941356901, 0.0 ], [ 77.39493311834066, 14.422106990877859, 0.0 ], [ 77.396457884835044, 14.429869840244869, 0.0 ], [ 77.401352705425182, 14.43025208988217, 0.0 ], [ 77.40320943455967, 14.43213706941005, 0.0 ], [ 77.40269474242433, 14.43503301794429, 0.0 ], [ 77.398935676769483, 14.438781557525751, 0.0 ], [ 77.385871639931807, 14.433800405835539, 0.0 ], [ 77.385325386443, 14.441359682946951, 0.0 ], [ 77.381536776011146, 14.44183220544401, 0.0 ], [ 77.379786167830787, 14.43849499264976, 0.0 ], [ 77.382780993810698, 14.43354945424905, 0.0 ] ] ] } },
{ "type": "Feature", "properties": { "Name": "1", "description": null, "timestamp": null, "begin": null, "end": null, "altitudeMode": null, "tessellate": 1, "extrude": 0, "visibility": -1, "drawOrder": null, "icon": null, "Layer": null, "SubClasses": null, "ExtendedEntity": null, "Linetype": null, "EntityHandle": null, "Text": null }, "geometry": { "type": "Polygon", "coordinates": [ [ [ 80.104299231001278, 14.109937958145251, 0.0 ], [ 80.100596382900534, 14.19514029970432, 0.0 ], [ 80.077660758147999, 14.19520417493298, 0.0 ], [ 80.073360191387835, 14.161073274103829, 0.0 ], [ 80.080473447033782, 14.10878782993926, 0.0 ], [ 80.104299231001278, 14.109937958145251, 0.0 ] ] ] } },
{ "type": "Feature", "properties": { "Name": "1", "description": null, "timestamp": null, "begin": null, "end": null, "altitudeMode": null, "tessellate": 1, "extrude": 0, "visibility": -1, "drawOrder": null, "icon": null, "Layer": null, "SubClasses": null, "ExtendedEntity": null, "Linetype": null, "EntityHandle": null, "Text": null }, "geometry": { "type": "Polygon", "coordinates": [ [ [ 77.157608826698777, 14.359006641778979, 0.0 ], [ 77.158484421351901, 14.34925611559394, 0.0 ], [ 77.15965649055525, 14.346594875873899, 0.0 ], [ 77.160223742461667, 14.344673474845431, 0.0 ], [ 77.163009303203097, 14.344449390911681, 0.0 ], [ 77.165751468561581, 14.34286612792997, 0.0 ], [ 77.168353520812587, 14.3418030548341, 0.0 ], [ 77.170141160234976, 14.34002492456715, 0.0 ], [ 77.170480120093885, 14.340543975287259, 0.0 ], [ 77.170684105285048, 14.340983591356141, 0.0 ], [ 77.170740661890108, 14.34196334396986, 0.0 ], [ 77.170720966572958, 14.34336233986455, 0.0 ], [ 77.170988045967306, 14.343791860096911, 0.0 ], [ 77.170964873964962, 14.34407918095213, 0.0 ], [ 77.170517483353152, 14.344697836946549, 0.0 ], [ 77.171357758724213, 14.345398622179079, 0.0 ], [ 77.172151150543257, 14.34674938515162, 0.0 ], [ 77.173089907621403, 14.34837936141737, 0.0 ], [ 77.168899646408235, 14.35595724248301, 0.0 ], [ 77.160663214528228, 14.36233229011971, 0.0 ], [ 77.157608826698777, 14.359006641778979, 0.0 ] ] ] } },
{ "type": "Feature", "properties": { "Name": "1", "description": null, "timestamp": null, "begin": null, "end": null, "altitudeMode": null, "tessellate": 1, "extrude": 0, "visibility": -1, "drawOrder": null, "icon": null, "Layer": null, "SubClasses": null, "ExtendedEntity": null, "Linetype": null, "EntityHandle": null, "Text": null }, "geometry": { "type": "Polygon", "coordinates": [ [ [ 77.215065942405133, 15.047605091802881, 0.0 ], [ 77.220452000040822, 15.047528098455739, 0.0 ], [ 77.220765116553522, 15.0526691515152, 0.0 ], [ 77.224663851706168, 15.059157136054139, 0.0 ], [ 77.226447578060899, 15.060671769193281, 0.0 ], [ 77.22831936422736, 15.0634540014516, 0.0 ], [ 77.224507935567942, 15.06817576109056, 0.0 ], [ 77.221983789750439, 15.070289555868531, 0.0 ], [ 77.216444416275962, 15.07065050445645, 0.0 ], [ 77.211040804565542, 15.06980988174883, 0.0 ], [ 77.213971557788597, 15.065239703701071, 0.0 ], [ 77.212408095014993, 15.061006838827289, 0.0 ], [ 77.215065942405133, 15.047605091802881, 0.0 ] ] ] } },
{ "type": "Feature", "properties": { "Name": "1", "description": null, "timestamp": null, "begin": null, "end": null, "altitudeMode": null, "tessellate": 1, "extrude": 0, "visibility": -1, "drawOrder": null, "icon": null, "Layer": null, "SubClasses": null, "ExtendedEntity": null, "Linetype": null, "EntityHandle": null, "Text": null }, "geometry": { "type": "Polygon", "coordinates": [ [ [ 77.723800710180143, 15.12918248940462, 0.0 ], [ 77.74179990258709, 15.118607061743599, 0.0 ], [ 77.740988608570348, 15.123164796686121, 0.0 ], [ 77.741025496680209, 15.12316479435095, 0.0 ], [ 77.740841329319252, 15.126903491776091, 0.0 ], [ 77.740915108384513, 15.126939095311901, 0.0 ], [ 77.740952254071587, 15.129716439172419, 0.0 ], [ 77.737706499185848, 15.133597713630881, 0.0 ], [ 77.732210582414694, 15.137122943561691, 0.0 ], [ 77.718046305200474, 15.13509319620562, 0.0 ], [ 77.723800710180143, 15.12918248940462, 0.0 ] ] ] } },
{ "type": "Feature", "properties": { "Name": "1", "description": null, "timestamp": null, "begin": null, "end": null, "altitudeMode": null, "tessellate": 1, "extrude": 0, "visibility": -1, "drawOrder": null, "icon": null, "Layer": null, "SubClasses": null, "ExtendedEntity": null, "Linetype": null, "EntityHandle": null, "Text": null }, "geometry": { "type": "Polygon", "coordinates": [ [ [ 77.744141033050226, 15.121369981045209, 0.0 ], [ 77.745066052790989, 15.12079836592838, 0.0 ], [ 77.746287095275648, 15.12033388847737, 0.0 ], [ 77.747434090878784, 15.1194764756893, 0.0 ], [ 77.748729303029663, 15.120726610713749, 0.0 ], [ 77.749987501751605, 15.121655254251889, 0.0 ], [ 77.751319739582243, 15.122655335755059, 0.0 ], [ 77.751800881922847, 15.12340545061635, 0.0 ], [ 77.752022983874667, 15.12401270559239, 0.0 ], [ 77.752171098408184, 15.124762860244619, 0.0 ], [ 77.752763303484116, 15.12572731353927, 0.0 ], [ 77.752689403869155, 15.126513223574481, 0.0 ], [ 77.751727296110573, 15.12665620159733, 0.0 ], [ 77.749803174453717, 15.127620891394351, 0.0 ], [ 77.749137320856008, 15.12958574061658, 0.0 ], [ 77.74203240792373, 15.13047941778899, 0.0 ], [ 77.744141033050226, 15.121369981045209, 0.0 ] ] ] } },
{ "type": "Feature", "properties": { "Name": "1", "description": null, "timestamp": null, "begin": null, "end": null, "altitudeMode": null, "tessellate": 1, "extrude": 0, "visibility": -1, "drawOrder": null, "icon": null, "Layer": null, "SubClasses": null, "ExtendedEntity": null, "Linetype": null, "EntityHandle": null, "Text": null }, "geometry": { "type": "Polygon", "coordinates": [ [ [ 77.814677876925614, 15.10141894362156, 0.0 ], [ 77.818205994406043, 15.102673996115371, 0.0 ], [ 77.825455623982762, 15.09908416999145, 0.0 ], [ 77.826301366747984, 15.099904997940451, 0.0 ], [ 77.829451573167461, 15.10359446848658, 0.0 ], [ 77.830116203250469, 15.10853914244155, 0.0 ], [ 77.828182107966001, 15.110952633559229, 0.0 ], [ 77.818804382529919, 15.11331260956103, 0.0 ], [ 77.814677876925614, 15.10141894362156, 0.0 ] ] ] } },
{ "type": "Feature", "properties": { "Name": "1", "description": null, "timestamp": null, "begin": null, "end": null, "altitudeMode": null, "tessellate": 1, "extrude": 0, "visibility": -1, "drawOrder": null, "icon": null, "Layer": null, "SubClasses": null, "ExtendedEntity": null, "Linetype": null, "EntityHandle": null, "Text": null }, "geometry": { "type": "Polygon", "coordinates": [ [ [ 77.664608217183201, 14.73625316200415, 0.0 ], [ 77.663382176126575, 14.73543516890974, 0.0 ], [ 77.663546862537004, 14.734514163687781, 0.0 ], [ 77.663280174173437, 14.732847132027731, 0.0 ], [ 77.663661419429403, 14.730510279667939, 0.0 ], [ 77.66485626344766, 14.72978975950455, 0.0 ], [ 77.665844123023049, 14.72964191642456, 0.0 ], [ 77.66756191206936, 14.72972069004128, 0.0 ], [ 77.668085112699814, 14.73048099022277, 0.0 ], [ 77.668644556419807, 14.731445476759131, 0.0 ], [ 77.669208191956912, 14.733034295504339, 0.0 ], [ 77.670651359389282, 14.735096832812539, 0.0 ], [ 77.670823084206432, 14.737245885469189, 0.0 ], [ 77.670647765372166, 14.739495951029671, 0.0 ], [ 77.667959494415157, 14.739644787253431, 0.0 ], [ 77.664608217183201, 14.73625316200415, 0.0 ] ] ] } },
{ "type": "Feature", "properties": { "Name": "1", "description": null, "timestamp": null, "begin": null, "end": null, "altitudeMode": null, "tessellate": 1, "extrude": 0, "visibility": -1, "drawOrder": null, "icon": null, "Layer": null, "SubClasses": null, "ExtendedEntity": null, "Linetype": null, "EntityHandle": null, "Text": null }, "geometry": { "type": "Polygon", "coordinates": [ [ [ 77.667229529377707, 14.714967053807881, 0.0 ], [ 77.667422943999355, 14.709474619693919, 0.0 ], [ 77.667819166494994, 14.706983200540069, 0.0 ], [ 77.669970477176193, 14.706658236152229, 0.0 ], [ 77.67148486387903, 14.70726497578244, 0.0 ], [ 77.675137649970992, 14.707288555425119, 0.0 ], [ 77.67723066187375, 14.709590094743801, 0.0 ], [ 77.679745193209598, 14.7112090191736, 0.0 ], [ 77.681568975817271, 14.71243017147682, 0.0 ], [ 77.682991048267965, 14.71413235565627, 0.0 ], [ 77.682239164836773, 14.714947484934211, 0.0 ], [ 77.679482500041118, 14.713694978336109, 0.0 ], [ 77.677649469898782, 14.71416750120787, 0.0 ], [ 77.676944910951278, 14.714489724059771, 0.0 ], [ 77.675761336886808, 14.718173377169469, 0.0 ], [ 77.673960296095757, 14.72208784892179, 0.0 ], [ 77.669325278203843, 14.7221077119246, 0.0 ], [ 77.667229529377707, 14.714967053807881, 0.0 ] ] ] } },
{ "type": "Feature", "properties": { "Name": "1", "description": null, "timestamp": null, "begin": null, "end": null, "altitudeMode": null, "tessellate": 1, "extrude": 0, "visibility": -1, "drawOrder": null, "icon": null, "Layer": null, "SubClasses": null, "ExtendedEntity": null, "Linetype": null, "EntityHandle": null, "Text": null }, "geometry": { "type": "Polygon", "coordinates": [ [ [ 77.725667479862381, 13.98384697772101, 0.0 ], [ 77.725026591469131, 13.98219377791693, 0.0 ], [ 77.723792137518032, 13.981422279647321, 0.0 ], [ 77.722893785646519, 13.980616466633601, 0.0 ], [ 77.722321909293555, 13.97985460168869, 0.0 ], [ 77.72256743500256, 13.978410243278519, 0.0 ], [ 77.722684596974588, 13.97775588033595, 0.0 ], [ 77.722774957602994, 13.976848271342449, 0.0 ], [ 77.722775587192586, 13.97578475297521, 0.0 ], [ 77.723557718439054, 13.97483562911121, 0.0 ], [ 77.725262778913773, 13.97415242235612, 0.0 ], [ 77.726214818400535, 13.97397689702618, 0.0 ], [ 77.728049643966841, 13.974245310747101, 0.0 ], [ 77.731689959470856, 13.97375472885077, 0.0 ], [ 77.732298017778007, 13.97478228834466, 0.0 ], [ 77.73505720764517, 13.98171260745811, 0.0 ], [ 77.729923544602102, 13.985198471596, 0.0 ], [ 77.725667479862381, 13.98384697772101, 0.0 ] ] ] } },
{ "type": "Feature", "properties": { "Name": "1", "description": null, "timestamp": null, "begin": null, "end": null, "altitudeMode": null, "tessellate": 1, "extrude": 0, "visibility": -1, "drawOrder": null, "icon": null, "Layer": null, "SubClasses": null, "ExtendedEntity": null, "Linetype": null, "EntityHandle": null, "Text": null }, "geometry": { "type": "Polygon", "coordinates": [ [ [ 77.374153758691463, 14.03296704228713, 0.0 ], [ 77.409836713028398, 14.01634821778209, 0.0 ], [ 77.413207185500113, 14.001903439115861, 0.0 ], [ 77.440736380399144, 13.99564091302784, 0.0 ], [ 77.462090999633148, 14.02235881435848, 0.0 ], [ 77.458436797941161, 14.03406184222667, 0.0 ], [ 77.452821179453011, 14.056408176077509, 0.0 ], [ 77.443261165976978, 14.08039300169235, 0.0 ], [ 77.426104388327346, 14.11148148602417, 0.0 ], [ 77.421600498230148, 14.141483865648681, 0.0 ], [ 77.439335805434041, 14.15127017617367, 0.0 ], [ 77.447205950699598, 14.16763660582134, 0.0 ], [ 77.402444289701847, 14.171246869114681, 0.0 ], [ 77.396861431099069, 14.125388152514329, 0.0 ], [ 77.401377107765057, 14.116926958922511, 0.0 ], [ 77.39268625383643, 14.098109641860781, 0.0 ], [ 77.374155237598615, 14.074394945046929, 0.0 ], [ 77.364069164579718, 14.06104284989731, 0.0 ], [ 77.344980163835075, 14.05559033508284, 0.0 ], [ 77.34132759015165, 14.03978550872964, 0.0 ], [ 77.374153758691463, 14.03296704228713, 0.0 ] ] ] } },
{ "type": "Feature", "properties": { "Name": "1", "description": null, "timestamp": null, "begin": null, "end": null, "altitudeMode": null, "tessellate": 1, "extrude": 0, "visibility": -1, "drawOrder": null, "icon": null, "Layer": null, "SubClasses": null, "ExtendedEntity": null, "Linetype": null, "EntityHandle": null, "Text": null }, "geometry": { "type": "Polygon", "coordinates": [ [ [ 78.385305703557648, 14.060418224960589, 0.0 ], [ 78.394031610369566, 14.059295725631131, 0.0 ], [ 78.392256437867118, 14.043476851639481, 0.0 ], [ 78.38904859709119, 14.034161727898489, 0.0 ], [ 78.384609489012703, 14.03507524259099, 0.0 ], [ 78.384698966695424, 14.044566044308031, 0.0 ], [ 78.385305703557648, 14.060418224960589, 0.0 ] ] ] } },
{ "type": "Feature", "properties": { "Name": "1", "description": null, "timestamp": null, "begin": null, "end": null, "altitudeMode": null, "tessellate": 1, "extrude": 0, "visibility": -1, "drawOrder": null, "icon": null, "Layer": null, "SubClasses": null, "ExtendedEntity": null, "Linetype": null, "EntityHandle": null, "Text": null }, "geometry": { "type": "Polygon", "coordinates": [ [ [ 77.294338551913057, 13.858497053556331, 0.0 ], [ 77.307565355225734, 13.863664118445399, 0.0 ], [ 77.311684018042058, 13.867905132473309, 0.0 ], [ 77.323015639517848, 13.861058563289911, 0.0 ], [ 77.334966573335052, 13.873361331877399, 0.0 ], [ 77.346513167664583, 13.88288871826661, 0.0 ], [ 77.348617711313054, 13.89975698782222, 0.0 ], [ 77.346367768051749, 13.9131481950264, 0.0 ], [ 77.327902932882935, 13.91950584436754, 0.0 ], [ 77.315082626635984, 13.917859553640939, 0.0 ], [ 77.312350131399668, 13.90381061662934, 0.0 ], [ 77.31167590925125, 13.892607883212159, 0.0 ], [ 77.313280525237531, 13.882020751667071, 0.0 ], [ 77.295284953754418, 13.865373685138721, 0.0 ], [ 77.294338551913057, 13.858497053556331, 0.0 ] ] ] } },
{ "type": "Feature", "properties": { "Name": "1", "description": null, "timestamp": null, "begin": null, "end": null, "altitudeMode": null, "tessellate": 1, "extrude": 0, "visibility": -1, "drawOrder": null, "icon": null, "Layer": null, "SubClasses": null, "ExtendedEntity": null, "Linetype": null, "EntityHandle": null, "Text": null }, "geometry": { "type": "Polygon", "coordinates": [ [ [ 77.336503084610356, 13.83557764933084, 0.0 ], [ 77.346269394736979, 13.84367421307833, 0.0 ], [ 77.355205300597177, 13.854430951516999, 0.0 ], [ 77.366603935321479, 13.857515333342411, 0.0 ], [ 77.378329573889957, 13.85550471467595, 0.0 ], [ 77.390142152700875, 13.85753304594942, 0.0 ], [ 77.390333722958673, 13.857710008682, 0.0 ], [ 77.403392307595283, 13.86833022409423, 0.0 ], [ 77.423081022659744, 13.889825435832289, 0.0 ], [ 77.413776510701055, 13.894294632125071, 0.0 ], [ 77.401827741925317, 13.88306635581861, 0.0 ], [ 77.383766140160077, 13.875710474188111, 0.0 ], [ 77.362730970108515, 13.87008530397566, 0.0 ], [ 77.348391991735895, 13.862710498453991, 0.0 ], [ 77.337492021554539, 13.8479183158667, 0.0 ], [ 77.330987815629683, 13.835894072651019, 0.0 ], [ 77.330843456480309, 13.83557683986928, 0.0 ], [ 77.336503084610356, 13.83557764933084, 0.0 ] ] ] } },
{ "type": "Feature", "properties": { "Name": "1", "description": null, "timestamp": null, "begin": null, "end": null, "altitudeMode": null, "tessellate": 1, "extrude": 0, "visibility": -1, "drawOrder": null, "icon": null, "Layer": null, "SubClasses": null, "ExtendedEntity": null, "Linetype": null, "EntityHandle": null, "Text": null }, "geometry": { "type": "Polygon", "coordinates": [ [ [ 77.272743879486711, 13.884640138230459, 0.0 ], [ 77.277835880521678, 13.874787791165341, 0.0 ], [ 77.286554376926972, 13.87953548997012, 0.0 ], [ 77.291681491723381, 13.89442497498051, 0.0 ], [ 77.283308706913118, 13.8985235822378, 0.0 ], [ 77.288237933478712, 13.90379548197866, 0.0 ], [ 77.280977161252949, 13.908190616015601, 0.0 ], [ 77.284482642128992, 13.919147327239241, 0.0 ], [ 77.295237168311644, 13.9166992376389, 0.0 ], [ 77.303690020095601, 13.91750957645915, 0.0 ], [ 77.305968209076454, 13.92382907668874, 0.0 ], [ 77.305335467905621, 13.937401575312871, 0.0 ], [ 77.290713875449129, 13.934850206123899, 0.0 ], [ 77.279085467454266, 13.93051940080273, 0.0 ], [ 77.258395382172239, 13.92664182415084, 0.0 ], [ 77.262309348461073, 13.91809156437475, 0.0 ], [ 77.266324747927953, 13.912261547767081, 0.0 ], [ 77.271526867996599, 13.907415038411489, 0.0 ], [ 77.270670790554178, 13.89216326161651, 0.0 ], [ 77.272743879486711, 13.884640138230459, 0.0 ] ] ] } },
{ "type": "Feature", "properties": { "Name": "1", "description": null, "timestamp": null, "begin": null, "end": null, "altitudeMode": null, "tessellate": 1, "extrude": 0, "visibility": -1, "drawOrder": null, "icon": null, "Layer": null, "SubClasses": null, "ExtendedEntity": null, "Linetype": null, "EntityHandle": null, "Text": null }, "geometry": { "type": "Polygon", "coordinates": [ [ [ 77.59012710340032, 15.0497444892699, 0.0 ], [ 77.589976700939076, 15.04704030596001, 0.0 ], [ 77.588763190677781, 15.04708294087207, 0.0 ], [ 77.58806612568651, 15.0440967089925, 0.0 ], [ 77.590040036286467, 15.042680874443951, 0.0 ], [ 77.593945024441894, 15.04126256107989, 0.0 ], [ 77.597482459095488, 15.03891067509281, 0.0 ], [ 77.596899649515734, 15.03851510088934, 0.0 ], [ 77.597620873263367, 15.03808049957024, 0.0 ], [ 77.602651630190124, 15.036144452206139, 0.0 ], [ 77.602032882254179, 15.034217420202721, 0.0 ], [ 77.602724309273611, 15.034158929330649, 0.0 ], [ 77.606042158623225, 15.032767521231481, 0.0 ], [ 77.60657334670033, 15.03208491619419, 0.0 ], [ 77.609321055117633, 15.030835491018729, 0.0 ], [ 77.610099558558701, 15.0340215879901, 0.0 ], [ 77.611625115670634, 15.0354562248419, 0.0 ], [ 77.611902804765137, 15.03629348476281, 0.0 ], [ 77.615062580110816, 15.035790765446359, 0.0 ], [ 77.617447541522907, 15.043468907859159, 0.0 ], [ 77.616950273902887, 15.045703368507271, 0.0 ], [ 77.615586474084935, 15.0496301167352, 0.0 ], [ 77.614618569198669, 15.053680959299561, 0.0 ], [ 77.614318443700157, 15.05577270772705, 0.0 ], [ 77.613386443393793, 15.056135667883479, 0.0 ], [ 77.612949918235117, 15.057062906164481, 0.0 ], [ 77.61353906764441, 15.06639286522825, 0.0 ], [ 77.613557302350429, 15.068198793343679, 0.0 ], [ 77.613676709518501, 15.06964318549683, 0.0 ], [ 77.613798299792478, 15.07070414610836, 0.0 ], [ 77.613634870969065, 15.07083258568978, 0.0 ], [ 77.613735718845788, 15.070907297132401, 0.0 ], [ 77.613723775914863, 15.07075894694982, 0.0 ], [ 77.61373391720997, 15.070944482236451, 0.0 ], [ 77.613736627572607, 15.07088870645152, 0.0 ], [ 77.613632997836277, 15.071038338228529, 0.0 ], [ 77.613602041957819, 15.070889541601851, 0.0 ], [ 77.612609805406052, 15.071168501928691, 0.0 ], [ 77.610699509044053, 15.07098306216453, 0.0 ], [ 77.608036240298873, 15.071637491864699, 0.0 ], [ 77.60559547215756, 15.072022166585811, 0.0 ], [ 77.601934548334242, 15.07202038496049, 0.0 ], [ 77.600437224102279, 15.071926305880851, 0.0 ], [ 77.599816891969581, 15.071291399097809, 0.0 ], [ 77.598220563302036, 15.067426033170371, 0.0 ], [ 77.596829712207267, 15.06617139365032, 0.0 ], [ 77.595567589183716, 15.0652083857115, 0.0 ], [ 77.593947310283994, 15.06311877697514, 0.0 ], [ 77.592294056861007, 15.0614626070691, 0.0 ], [ 77.590679349111625, 15.06174636788657, 0.0 ], [ 77.590110263889187, 15.05863952181349, 0.0 ], [ 77.590740964077213, 15.057400195865061, 0.0 ], [ 77.590154508781609, 15.05434423809686, 0.0 ], [ 77.592166432925268, 15.05295512584874, 0.0 ], [ 77.590126968479481, 15.050992264651761, 0.0 ], [ 77.59012710340032, 15.0497444892699, 0.0 ] ] ] } },
{ "type": "Feature", "properties": { "Name": "1", "description": null, "timestamp": null, "begin": null, "end": null, "altitudeMode": null, "tessellate": 1, "extrude": 0, "visibility": -1, "drawOrder": null, "icon": null, "Layer": null, "SubClasses": null, "ExtendedEntity": null, "Linetype": null, "EntityHandle": null, "Text": null }, "geometry": { "type": "LineString", "coordinates": [ [ 76.786185131111125, 14.784763380609879, 0.0 ], [ 76.821377531634212, 14.789403218459309, 0.0 ], [ 76.819163795596268, 14.79302147323296, 0.0 ], [ 76.832279389479254, 14.792743849628209, 0.0 ], [ 76.83278308664319, 14.79020168211129, 0.0 ], [ 76.836784574708176, 14.79102037043349, 0.0 ], [ 76.838119563189494, 14.80880870076585, 0.0 ], [ 76.853799986677586, 14.808434509731921, 0.0 ], [ 76.858061437864137, 14.818943333102609, 0.0 ], [ 76.873745916670984, 14.82204180551382, 0.0 ], [ 76.875207547041057, 14.68727632045492, 0.0 ], [ 76.861039545007245, 14.694788264194759, 0.0 ], [ 76.857690253673454, 14.6996153869629, 0.0 ], [ 76.849801293403388, 14.706092901727031, 0.0 ], [ 76.845914170038952, 14.728055271731931, 0.0 ], [ 76.81970775403768, 14.72148389128917, 0.0 ], [ 76.790393980852855, 14.756085316837821, 0.0 ], [ 76.786185131111125, 14.784763380609879, 0.0 ] ] } },
{ "type": "Feature", "properties": { "Name": "1", "description": null, "timestamp": null, "begin": null, "end": null, "altitudeMode": null, "tessellate": 1, "extrude": 0, "visibility": -1, "drawOrder": null, "icon": null, "Layer": null, "SubClasses": null, "ExtendedEntity": null, "Linetype": null, "EntityHandle": null, "Text": null }, "geometry": { "type": "Polygon", "coordinates": [ [ [ 76.939615538418877, 14.136469429922281, 0.0 ], [ 76.960853774987996, 14.109332107244191, 0.0 ], [ 76.985838304940089, 14.065937451223871, 0.0 ], [ 76.94168628977161, 14.039995247677201, 0.0 ], [ 76.985272610025845, 14.00809772458784, 0.0 ], [ 77.000235053377551, 13.974374547054371, 0.0 ], [ 77.036937434730589, 13.95273517072035, 0.0 ], [ 77.045086589986909, 13.907601320775001, 0.0 ], [ 77.022798964971898, 13.85881298729703, 0.0 ], [ 76.995488628826294, 13.7888450864296, 0.0 ], [ 77.081154343543417, 13.763731365774531, 0.0 ], [ 77.16547441977194, 13.77236877512965, 0.0 ], [ 77.125182762354882, 13.839137308643361, 0.0 ], [ 77.135783459414014, 13.88579465157658, 0.0 ], [ 77.179302710326311, 13.929176184910441, 0.0 ], [ 77.235311509270971, 13.906702354888299, 0.0 ], [ 77.255151622000014, 13.93335199396242, 0.0 ], [ 77.348604523360038, 13.95865904561273, 0.0 ], [ 77.326913509184976, 13.996283519381491, 0.0 ], [ 77.256343784800507, 14.007707779674, 0.0 ], [ 77.155828119497059, 13.99631486728212, 0.0 ], [ 77.110530290014864, 14.03857415360223, 0.0 ], [ 77.043349114916879, 14.046143881413419, 0.0 ], [ 77.013024026866191, 14.09335828617108, 0.0 ], [ 77.016823912760273, 14.170485640832419, 0.0 ], [ 76.978648018980124, 14.177031931620659, 0.0 ], [ 76.900708209671379, 14.147108639897279, 0.0 ], [ 76.939615538418877, 14.136469429922281, 0.0 ] ] ] } },
{ "type": "Feature", "properties": { "Name": "1", "description": null, "timestamp": null, "begin": null, "end": null, "altitudeMode": null, "tessellate": 1, "extrude": 0, "visibility": -1, "drawOrder": null, "icon": null, "Layer": null, "SubClasses": null, "ExtendedEntity": null, "Linetype": null, "EntityHandle": null, "Text": null }, "geometry": { "type": "Polygon", "coordinates": [ [ [ 79.043676373256091, 14.80035596113199, 0.0 ], [ 79.054549761975622, 14.801152395573499, 0.0 ], [ 79.032998237927714, 14.886587161197079, 0.0 ], [ 79.018770481848065, 14.885002192392459, 0.0 ], [ 79.043676373256091, 14.80035596113199, 0.0 ] ] ] } },
{ "type": "Feature", "properties": { "Name": "1", "description": null, "timestamp": null, "begin": null, "end": null, "altitudeMode": null, "tessellate": 1, "extrude": 0, "visibility": -1, "drawOrder": null, "icon": null, "Layer": null, "SubClasses": null, "ExtendedEntity": null, "Linetype": null, "EntityHandle": null, "Text": null }, "geometry": { "type": "MultiPolygon", "coordinates": [ [ [ [ 77.380871892387731, 15.057783843062269, 0.0 ], [ 77.381041777825345, 15.057739158359951, 0.0 ], [ 77.381182195896614, 15.05833425854933, 0.0 ], [ 77.381250944676808, 15.0598266911217, 0.0 ], [ 77.381360365894366, 15.06101394797127, 0.0 ], [ 77.381742148293768, 15.06398362083552, 0.0 ], [ 77.381939827009759, 15.06496809974168, 0.0 ], [ 77.382034868245427, 15.06577652685416, 0.0 ], [ 77.382629426339776, 15.06865616607554, 0.0 ], [ 77.382696565184247, 15.06862792442567, 0.0 ], [ 77.383038468740594, 15.06863756449321, 0.0 ], [ 77.383448057963903, 15.068583641077611, 0.0 ], [ 77.383784012111477, 15.069565615953181, 0.0 ], [ 77.383910726932498, 15.070750214677769, 0.0 ], [ 77.384395692659382, 15.07086852810472, 0.0 ], [ 77.384779553682449, 15.07116385107147, 0.0 ], [ 77.385136473639676, 15.07125723175133, 0.0 ], [ 77.386217225560941, 15.0718365554683, 0.0 ], [ 77.387139324480216, 15.07242613559146, 0.0 ], [ 77.387993989530329, 15.073317871680519, 0.0 ], [ 77.388261325701563, 15.07462601375008, 0.0 ], [ 77.388735699693257, 15.07460637355706, 0.0 ], [ 77.389529680109931, 15.07741240885745, 0.0 ], [ 77.389970126229201, 15.07730755730578, 0.0 ], [ 77.390270152082664, 15.07875063461529, 0.0 ], [ 77.390671232862871, 15.07935145980559, 0.0 ], [ 77.391411719243493, 15.07956369863502, 0.0 ], [ 77.391953465240206, 15.08053274722973, 0.0 ], [ 77.393376761599654, 15.079932997671641, 0.0 ], [ 77.393635501688919, 15.081632583609309, 0.0 ], [ 77.393462178504265, 15.081748642226939, 0.0 ], [ 77.393987952246789, 15.084302388676321, 0.0 ], [ 77.391926915840216, 15.084743000215299, 0.0 ], [ 77.391121562337389, 15.084917539966041, 0.0 ], [ 77.3898409838405, 15.08520927660064, 0.0 ], [ 77.388144178039198, 15.08559624760778, 0.0 ], [ 77.387051430441048, 15.0857705882653, 0.0 ], [ 77.385962083719861, 15.08572656388883, 0.0 ], [ 77.384444280101434, 15.085008547199511, 0.0 ], [ 77.383348907366411, 15.08439887955876, 0.0 ], [ 77.382253321933177, 15.083774392947239, 0.0 ], [ 77.380863571694476, 15.08297728815405, 0.0 ], [ 77.379448575600179, 15.08253355751742, 0.0 ], [ 77.380678955134954, 15.0822179154585, 0.0 ], [ 77.380212813794202, 15.07985063187974, 0.0 ], [ 77.379466005451818, 15.077487427191331, 0.0 ], [ 77.380600847942418, 15.077142680014051, 0.0 ], [ 77.380022298038369, 15.07576680640714, 0.0 ], [ 77.380053397452784, 15.07479273186483, 0.0 ], [ 77.380900852232642, 15.074587137913291, 0.0 ], [ 77.380268051219772, 15.07143671423071, 0.0 ], [ 77.379479592078198, 15.07154457765442, 0.0 ], [ 77.379256968722331, 15.069949501730139, 0.0 ], [ 77.378899242691816, 15.06845104629094, 0.0 ], [ 77.377453666835251, 15.068662619421, 0.0 ], [ 77.376187499709232, 15.069054900675891, 0.0 ], [ 77.377069917191491, 15.0667816146288, 0.0 ], [ 77.377387959757314, 15.065934105851399, 0.0 ], [ 77.377659973215074, 15.065225900339611, 0.0 ], [ 77.377922035096717, 15.064522294321581, 0.0 ], [ 77.378023478263415, 15.06421178798225, 0.0 ], [ 77.378091219310747, 15.06397896867461, 0.0 ], [ 77.378193580683941, 15.063549945506731, 0.0 ], [ 77.378272250213342, 15.06279647314542, 0.0 ], [ 77.378328387278458, 15.062267925336011, 0.0 ], [ 77.378485045127633, 15.06099690510127, 0.0 ], [ 77.378671561630227, 15.059480710167049, 0.0 ], [ 77.378854252433115, 15.058032762065841, 0.0 ], [ 77.379023180010805, 15.056382058535201, 0.0 ], [ 77.379166107081886, 15.05525008274145, 0.0 ], [ 77.379205329778316, 15.054820174075569, 0.0 ], [ 77.379448137384827, 15.053370733872431, 0.0 ], [ 77.379604432586149, 15.05291980855066, 0.0 ], [ 77.379933578454754, 15.052828270945311, 0.0 ], [ 77.380871892387731, 15.057783843062269, 0.0 ] ] ], [ [ [ 77.382997850550737, 15.06561232238078, 0.0 ], [ 77.383758604767934, 15.065505862770911, 0.0 ], [ 77.384349821155325, 15.06526122976569, 0.0 ], [ 77.385025369899438, 15.06497364578683, 0.0 ], [ 77.386185118995812, 15.064535989774081, 0.0 ], [ 77.388335369190187, 15.063878142018471, 0.0 ], [ 77.389360479006456, 15.06343135805011, 0.0 ], [ 77.390568560742537, 15.06310431310648, 0.0 ], [ 77.393150061395175, 15.062414941472451, 0.0 ], [ 77.393851045992207, 15.06210900257968, 0.0 ], [ 77.395698882575033, 15.061772556130039, 0.0 ], [ 77.396260237394372, 15.063308264411161, 0.0 ], [ 77.399225294166399, 15.06236258955019, 0.0 ], [ 77.399598278453141, 15.063213518199539, 0.0 ], [ 77.400417108297006, 15.0628221921712, 0.0 ], [ 77.40124625847919, 15.06429210075445, 0.0 ], [ 77.400692278361504, 15.065051541336841, 0.0 ], [ 77.402006629964362, 15.065161671458361, 0.0 ], [ 77.402029938038169, 15.06576776258893, 0.0 ], [ 77.402637969119439, 15.06584376042494, 0.0 ], [ 77.402939785721188, 15.066976861021921, 0.0 ], [ 77.403082637374709, 15.0699328643007, 0.0 ], [ 77.402932158667454, 15.07080873813201, 0.0 ], [ 77.401137003223681, 15.071146304298249, 0.0 ], [ 77.400789862717644, 15.07229168757755, 0.0 ], [ 77.400817672710872, 15.072908415451639, 0.0 ], [ 77.399666574146835, 15.07301881182811, 0.0 ], [ 77.399607736920075, 15.073855828106231, 0.0 ], [ 77.398945413896541, 15.07375826059857, 0.0 ], [ 77.398281622972817, 15.074064661544449, 0.0 ], [ 77.398304026318897, 15.074575849417659, 0.0 ], [ 77.397911000488136, 15.074891862809929, 0.0 ], [ 77.397045920221316, 15.07532951671392, 0.0 ], [ 77.397335509361525, 15.07777992855695, 0.0 ], [ 77.396052474322204, 15.07816235637506, 0.0 ], [ 77.396145541472436, 15.07880811526678, 0.0 ], [ 77.394951125942541, 15.079203254820429, 0.0 ], [ 77.393326822290376, 15.07988659986645, 0.0 ], [ 77.391969772377834, 15.08048852658089, 0.0 ], [ 77.391437262103409, 15.07953320579041, 0.0 ], [ 77.390681397388477, 15.079339165678441, 0.0 ], [ 77.390276726723101, 15.07875278450085, 0.0 ], [ 77.389958114797381, 15.07726628322153, 0.0 ], [ 77.389556812397529, 15.07735564469893, 0.0 ], [ 77.388749132573082, 15.07457996274246, 0.0 ], [ 77.388300663741461, 15.074595083421061, 0.0 ], [ 77.387976223230837, 15.073298456442799, 0.0 ], [ 77.387148470224218, 15.07249845094514, 0.0 ], [ 77.386500715355098, 15.071940311198709, 0.0 ], [ 77.385542133386309, 15.071339277952299, 0.0 ], [ 77.384798516624144, 15.071128910761249, 0.0 ], [ 77.384434030389286, 15.070899206687949, 0.0 ], [ 77.383862419127553, 15.070752041770371, 0.0 ], [ 77.383815739016597, 15.069569064159539, 0.0 ], [ 77.383306489694704, 15.06845323068432, 0.0 ], [ 77.382638749563355, 15.06861325936233, 0.0 ], [ 77.382093487199256, 15.065879595380011, 0.0 ], [ 77.382997850550737, 15.06561232238078, 0.0 ] ] ], [ [ [ 77.373494758163346, 15.07567017516919, 0.0 ], [ 77.371737708510821, 15.08077141363581, 0.0 ], [ 77.370535237120052, 15.08593889914653, 0.0 ], [ 77.357441922047101, 15.085609349332019, 0.0 ], [ 77.356352644519731, 15.08231834772055, 0.0 ], [ 77.355816381494662, 15.08065186683119, 0.0 ], [ 77.356871591746199, 15.080368744963859, 0.0 ], [ 77.355243879588983, 15.07667496600657, 0.0 ], [ 77.356417499251066, 15.076288231513001, 0.0 ], [ 77.357333888037886, 15.07581834345784, 0.0 ], [ 77.358261710291671, 15.074387186939269, 0.0 ], [ 77.358941799452452, 15.07393574792186, 0.0 ], [ 77.360286932018326, 15.073401643679951, 0.0 ], [ 77.361371528254807, 15.072646238278629, 0.0 ], [ 77.36274755126253, 15.071524354280101, 0.0 ], [ 77.365692743707783, 15.07011170782674, 0.0 ], [ 77.366556870612783, 15.06971715059653, 0.0 ], [ 77.36741915741878, 15.069509731127489, 0.0 ], [ 77.367607783256958, 15.0701896941434, 0.0 ], [ 77.369642296520453, 15.06948760346738, 0.0 ], [ 77.371119276838485, 15.06919601779396, 0.0 ], [ 77.372796945967949, 15.069027579548329, 0.0 ], [ 77.37436813116507, 15.068318945091461, 0.0 ], [ 77.375579447445688, 15.06795103190565, 0.0 ], [ 77.375549862817181, 15.06744589699421, 0.0 ], [ 77.376720686734458, 15.067190894644749, 0.0 ], [ 77.373494758163346, 15.07567017516919, 0.0 ] ] ], [ [ [ 77.379953411947966, 15.05282343542353, 0.0 ], [ 77.382328969392731, 15.052294961918239, 0.0 ], [ 77.382515878384325, 15.0522406496728, 0.0 ], [ 77.384735922652538, 15.05190047558875, 0.0 ], [ 77.384621253244831, 15.051630300061809, 0.0 ], [ 77.384064147581114, 15.04827683903097, 0.0 ], [ 77.386366761844513, 15.047877690495859, 0.0 ], [ 77.388921672690984, 15.047383369047591, 0.0 ], [ 77.38868048245098, 15.045980356967091, 0.0 ], [ 77.38984032180494, 15.04572593395339, 0.0 ], [ 77.392624125297104, 15.04481083626194, 0.0 ], [ 77.392875333976122, 15.04572157538469, 0.0 ], [ 77.395866506277713, 15.044822893926369, 0.0 ], [ 77.39659897408626, 15.046122091366779, 0.0 ], [ 77.398947983270219, 15.045805143830149, 0.0 ], [ 77.400028717299364, 15.04624410110633, 0.0 ], [ 77.401136030862943, 15.046073594837789, 0.0 ], [ 77.401637114788642, 15.04597770552799, 0.0 ], [ 77.402444792953574, 15.04590089517546, 0.0 ], [ 77.402424087987953, 15.04641454917731, 0.0 ], [ 77.402486105395496, 15.04671028578354, 0.0 ], [ 77.402869588723235, 15.047542018031921, 0.0 ], [ 77.403383620885151, 15.04815308373713, 0.0 ], [ 77.403508998410004, 15.048304881964791, 0.0 ], [ 77.403799079007328, 15.0494016993533, 0.0 ], [ 77.404908503464952, 15.04910998316557, 0.0 ], [ 77.405221583621056, 15.05038012795729, 0.0 ], [ 77.404391359552605, 15.050558240693039, 0.0 ], [ 77.404586908613041, 15.051688506015781, 0.0 ], [ 77.404257391298827, 15.051836798052451, 0.0 ], [ 77.403742237248551, 15.051968290808221, 0.0 ], [ 77.40403765536864, 15.053038808871699, 0.0 ], [ 77.402833103060573, 15.05324492534165, 0.0 ], [ 77.401971711613271, 15.05339820315641, 0.0 ], [ 77.399894186445891, 15.05381884243025, 0.0 ], [ 77.39996128433657, 15.05489422721803, 0.0 ], [ 77.398612088972286, 15.05493894961899, 0.0 ], [ 77.397853740301869, 15.05502704867251, 0.0 ], [ 77.397248905286474, 15.05303544581799, 0.0 ], [ 77.395978960574226, 15.053334191540021, 0.0 ], [ 77.392672000538624, 15.05380879436485, 0.0 ], [ 77.39265579135423, 15.05607611472675, 0.0 ], [ 77.391504673951133, 15.05627829824183, 0.0 ], [ 77.392763088430399, 15.062416069689901, 0.0 ], [ 77.3922482534702, 15.062562318235059, 0.0 ], [ 77.391168352751762, 15.062837639306659, 0.0 ], [ 77.390554752441844, 15.06297791143853, 0.0 ], [ 77.389671350847649, 15.06325493337356, 0.0 ], [ 77.389186851742679, 15.063406476377949, 0.0 ], [ 77.388608466106575, 15.063632560910531, 0.0 ], [ 77.38777464747325, 15.06394000006045, 0.0 ], [ 77.386942583213951, 15.064201119899179, 0.0 ], [ 77.38583080984435, 15.064558620005551, 0.0 ], [ 77.384659018116821, 15.06499766112454, 0.0 ], [ 77.383724490382647, 15.06540014776788, 0.0 ], [ 77.382877423183658, 15.065515275041561, 0.0 ], [ 77.382080822417763, 15.06572402091459, 0.0 ], [ 77.381430715625214, 15.06141382771373, 0.0 ], [ 77.381230715213718, 15.058337988058041, 0.0 ], [ 77.381048265544024, 15.057750564885151, 0.0 ], [ 77.38090439763873, 15.057726537593689, 0.0 ], [ 77.379953411947966, 15.05282343542353, 0.0 ] ] ] ] } },
{ "type": "Feature", "properties": { "Name": "1", "description": null, "timestamp": null, "begin": null, "end": null, "altitudeMode": null, "tessellate": -1, "extrude": 0, "visibility": -1, "drawOrder": null, "icon": null, "Layer": null, "SubClasses": null, "ExtendedEntity": null, "Linetype": null, "EntityHandle": null, "Text": null }, "geometry": { "type": "Polygon", "coordinates": [ [ [ 77.456651908741321, 15.393283681034569, 0.0 ], [ 77.456101458515988, 15.39397923176505, 0.0 ], [ 77.454846508366131, 15.39645763813353, 0.0 ], [ 77.454219473686408, 15.397454413338121, 0.0 ], [ 77.453769505255991, 15.398380618917461, 0.0 ], [ 77.453858776028071, 15.401626664400879, 0.0 ], [ 77.454541605407684, 15.40773609525607, 0.0 ], [ 77.453304390335887, 15.40845469454128, 0.0 ], [ 77.452685431455805, 15.406375337474291, 0.0 ], [ 77.450620329215567, 15.4041966941498, 0.0 ], [ 77.447709776684448, 15.402842643462019, 0.0 ], [ 77.444795692689013, 15.40305858664156, 0.0 ], [ 77.442514981040091, 15.40101457578346, 0.0 ], [ 77.436908888510473, 15.39946297412642, 0.0 ], [ 77.43462186034121, 15.39877093715817, 0.0 ], [ 77.434697481353481, 15.395566430304971, 0.0 ], [ 77.433892012295829, 15.39323514738296, 0.0 ], [ 77.432507485087399, 15.39324728581829, 0.0 ], [ 77.432520454261649, 15.39503249280496, 0.0 ], [ 77.43307422682048, 15.39663474481503, 0.0 ], [ 77.429926089863997, 15.39609920599843, 0.0 ], [ 77.426861953006849, 15.39487166211917, 0.0 ], [ 77.420190725491764, 15.39301739750359, 0.0 ], [ 77.422835960594796, 15.391740384527941, 0.0 ], [ 77.426712493613763, 15.39081395829006, 0.0 ], [ 77.428870478737963, 15.38918221287501, 0.0 ], [ 77.428578879967475, 15.388647433964501, 0.0 ], [ 77.426975314980496, 15.38980054963711, 0.0 ], [ 77.424788684294725, 15.390559834141159, 0.0 ], [ 77.423184142284086, 15.386056871474439, 0.0 ], [ 77.420815631011834, 15.385315174719221, 0.0 ], [ 77.420486554528381, 15.38314152103742, 0.0 ], [ 77.418456323269154, 15.383399974911709, 0.0 ], [ 77.416154447184311, 15.383427437782281, 0.0 ], [ 77.415197783845628, 15.38090649830974, 0.0 ], [ 77.413391067887432, 15.378965557051069, 0.0 ], [ 77.412536150572166, 15.375203808668291, 0.0 ], [ 77.410205069509644, 15.371804002181021, 0.0 ], [ 77.40872170030994, 15.36760294763072, 0.0 ], [ 77.408648035988818, 15.365630227232559, 0.0 ], [ 77.407640824713113, 15.362761145761921, 0.0 ], [ 77.42349557748183, 15.35972052883255, 0.0 ], [ 77.439755481558151, 15.36851905933891, 0.0 ], [ 77.441623078496463, 15.37807837568567, 0.0 ], [ 77.442337771884851, 15.38406058765014, 0.0 ], [ 77.43611068022102, 15.38581878779666, 0.0 ], [ 77.436321902506521, 15.386048019729349, 0.0 ], [ 77.441627291337852, 15.384773870037479, 0.0 ], [ 77.442735647246849, 15.3905392845256, 0.0 ], [ 77.441743818608003, 15.391941088799941, 0.0 ], [ 77.439724518138391, 15.39357195462569, 0.0 ], [ 77.439966162330904, 15.396899117633071, 0.0 ], [ 77.4528480233392, 15.39371619258146, 0.0 ], [ 77.456375689452628, 15.393190928331331, 0.0 ], [ 77.456651908741321, 15.393283681034569, 0.0 ] ] ] } },
{ "type": "Feature", "properties": { "Name": "1", "description": null, "timestamp": null, "begin": null, "end": null, "altitudeMode": null, "tessellate": 1, "extrude": 0, "visibility": -1, "drawOrder": null, "icon": null, "Layer": null, "SubClasses": null, "ExtendedEntity": null, "Linetype": null, "EntityHandle": null, "Text": null }, "geometry": { "type": "LineString", "coordinates": [ [ 78.231221724944604, 14.98359273604542, 0.0 ], [ 78.211900524967987, 14.99512941184449, 0.0 ], [ 78.191575489920538, 15.009836515859041, 0.0 ], [ 78.218596188286327, 15.02288475346584, 0.0 ], [ 78.221555475969495, 15.03396643183679, 0.0 ], [ 78.234401773635057, 15.03583580794575, 0.0 ], [ 78.265452969320506, 15.00415284897738, 0.0 ], [ 78.250490085731485, 14.98110486473704, 0.0 ], [ 78.231221724944604, 14.98359273604542, 0.0 ] ] } },
{ "type": "Feature", "properties": { "Name": "1", "description": null, "timestamp": null, "begin": null, "end": null, "altitudeMode": null, "tessellate": 1, "extrude": 0, "visibility": -1, "drawOrder": null, "icon": null, "Layer": null, "SubClasses": null, "ExtendedEntity": null, "Linetype": null, "EntityHandle": null, "Text": null }, "geometry": { "type": "Polygon", "coordinates": [ [ [ 78.361825171878436, 14.783767179544631, 0.0 ], [ 78.344425254182227, 14.747227926908501, 0.0 ], [ 78.361018768736599, 14.74120354532895, 0.0 ], [ 78.365807844616413, 14.731677987560611, 0.0 ], [ 78.411391527748535, 14.72233209715699, 0.0 ], [ 78.407544601372209, 14.73110252351869, 0.0 ], [ 78.394359983346803, 14.73151213355535, 0.0 ], [ 78.396923913287509, 14.73715264730864, 0.0 ], [ 78.399692527452345, 14.744482141780299, 0.0 ], [ 78.401861301157965, 14.746789624251701, 0.0 ], [ 78.37810354162977, 14.759345829220569, 0.0 ], [ 78.385794850976382, 14.77284185623167, 0.0 ], [ 78.361825171878436, 14.783767179544631, 0.0 ] ] ] } },
{ "type": "Feature", "properties": { "Name": "1", "description": null, "timestamp": null, "begin": null, "end": null, "altitudeMode": null, "tessellate": 1, "extrude": 0, "visibility": -1, "drawOrder": null, "icon": null, "Layer": null, "SubClasses": null, "ExtendedEntity": null, "Linetype": null, "EntityHandle": null, "Text": null }, "geometry": { "type": "Polygon", "coordinates": [ [ [ 77.247784388290327, 14.887519202427431, 0.0 ], [ 77.248823606661048, 14.89155532904987, 0.0 ], [ 77.256587281586448, 14.8991147424357, 0.0 ], [ 77.259473987815383, 14.90250351846268, 0.0 ], [ 77.261538240607507, 14.91635327638102, 0.0 ], [ 77.259394023529211, 14.919401970533929, 0.0 ], [ 77.250622922409576, 14.930130536318741, 0.0 ], [ 77.2457401604983, 14.93065769063222, 0.0 ], [ 77.253045425292527, 14.91582788555618, 0.0 ], [ 77.252575135705115, 14.913625573757511, 0.0 ], [ 77.238879141508733, 14.912173920413711, 0.0 ], [ 77.237256581551804, 14.904836148177919, 0.0 ], [ 77.236519693661464, 14.888085345497791, 0.0 ], [ 77.247784388290327, 14.887519202427431, 0.0 ] ] ] } },
{ "type": "Feature", "properties": { "Name": "1", "description": null, "timestamp": null, "begin": null, "end": null, "altitudeMode": null, "tessellate": 1, "extrude": 0, "visibility": -1, "drawOrder": null, "icon": null, "Layer": null, "SubClasses": null, "ExtendedEntity": null, "Linetype": null, "EntityHandle": null, "Text": null }, "geometry": { "type": "Polygon", "coordinates": [ [ [ 77.237355978942446, 14.51314445688875, 0.0 ], [ 77.245031895226589, 14.5096382271786, 0.0 ], [ 77.244950444048285, 14.50424007934223, 0.0 ], [ 77.25251218290876, 14.505905786594001, 0.0 ], [ 77.252379757967645, 14.5107540525403, 0.0 ], [ 77.261017080342413, 14.51254909824735, 0.0 ], [ 77.260740011649332, 14.513668473263911, 0.0 ], [ 77.257091612540563, 14.51893661564594, 0.0 ], [ 77.255167367940189, 14.52160384077912, 0.0 ], [ 77.252595045585281, 14.51968740442563, 0.0 ], [ 77.250692897637165, 14.516181799751131, 0.0 ], [ 77.250219169413825, 14.51718493423677, 0.0 ], [ 77.251787398645661, 14.52056005908652, 0.0 ], [ 77.254732110356144, 14.52233776495021, 0.0 ], [ 77.25292809409477, 14.52547371674715, 0.0 ], [ 77.248441624292994, 14.534480965428671, 0.0 ], [ 77.245220135984809, 14.534171868629651, 0.0 ], [ 77.243933295400083, 14.529829284277531, 0.0 ], [ 77.237355978942446, 14.51314445688875, 0.0 ] ] ] } },
{ "type": "Feature", "properties": { "Name": "1", "description": null, "timestamp": null, "begin": null, "end": null, "altitudeMode": null, "tessellate": 1, "extrude": 0, "visibility": -1, "drawOrder": null, "icon": null, "Layer": null, "SubClasses": null, "ExtendedEntity": null, "Linetype": null, "EntityHandle": null, "Text": null }, "geometry": { "type": "LineString", "coordinates": [ [ 77.293375366951452, 14.313982603692599, 0.0 ], [ 77.325641231727559, 14.30250892202063, 0.0 ], [ 77.376022087743252, 14.31109555923805, 0.0 ], [ 77.388171039393086, 14.27844659970423, 0.0 ], [ 77.388734888171641, 14.26912577993969, 0.0 ], [ 77.406549327595542, 14.2606455165919, 0.0 ], [ 77.40743738862416, 14.248567097972609, 0.0 ], [ 77.408186909522826, 14.232319995794381, 0.0 ], [ 77.413237894568397, 14.224567749891269, 0.0 ], [ 77.41753219018986, 14.21306776623376, 0.0 ], [ 77.414321919687453, 14.205950139550669, 0.0 ], [ 77.404899803079047, 14.20449263960222, 0.0 ], [ 77.40412677543226, 14.204500244865089, 0.0 ], [ 77.403545487116048, 14.20450307507523, 0.0 ], [ 77.392569823474517, 14.19990333255096, 0.0 ], [ 77.386414041797522, 14.204955779215521, 0.0 ], [ 77.384269969554694, 14.214094785632611, 0.0 ], [ 77.384502695850372, 14.214453469789699, 0.0 ], [ 77.385526627604193, 14.21565931097367, 0.0 ], [ 77.38560595864891, 14.22198403086121, 0.0 ], [ 77.361229172901588, 14.235493031396899, 0.0 ], [ 77.365335507847391, 14.24930314504074, 0.0 ], [ 77.36698017681843, 14.27788842951232, 0.0 ], [ 77.295697007387304, 14.28680803933039, 0.0 ], [ 77.293375366951452, 14.313982603692599, 0.0 ] ] } },
{ "type": "Feature", "properties": { "Name": "1", "description": null, "timestamp": null, "begin": null, "end": null, "altitudeMode": null, "tessellate": 1, "extrude": 0, "visibility": -1, "drawOrder": null, "icon": null, "Layer": null, "SubClasses": null, "ExtendedEntity": null, "Linetype": null, "EntityHandle": null, "Text": null }, "geometry": { "type": "Polygon", "coordinates": [ [ [ 77.398873155224479, 14.33704623999672, 0.0 ], [ 77.409976292971976, 14.33749295418804, 0.0 ], [ 77.415167638549164, 14.335381617165311, 0.0 ], [ 77.423839096725615, 14.328690023701871, 0.0 ], [ 77.429060910264496, 14.328907905062479, 0.0 ], [ 77.431757787402276, 14.315744204667711, 0.0 ], [ 77.439173679157818, 14.317644680649989, 0.0 ], [ 77.44774095762655, 14.317806712780371, 0.0 ], [ 77.44602497356091, 14.298295382917891, 0.0 ], [ 77.448759368382483, 14.28345970710194, 0.0 ], [ 77.454958165022546, 14.282157650436501, 0.0 ], [ 77.470925293468298, 14.286463563208271, 0.0 ], [ 77.47857361362874, 14.292374036383629, 0.0 ], [ 77.480854554700002, 14.294003248289499, 0.0 ], [ 77.486394006104732, 14.296053492327941, 0.0 ], [ 77.47128952909442, 14.32659783747558, 0.0 ], [ 77.467868430076493, 14.341336242762971, 0.0 ], [ 77.4659412370398, 14.36056479862612, 0.0 ], [ 77.472481834298534, 14.36166064133505, 0.0 ], [ 77.487433334538693, 14.35275289986915, 0.0 ], [ 77.497028197946719, 14.34555036603445, 0.0 ], [ 77.497067727295601, 14.350352979432801, 0.0 ], [ 77.500691036520593, 14.356596644799479, 0.0 ], [ 77.509613644905812, 14.37099615210453, 0.0 ], [ 77.512942092903117, 14.37993519768755, 0.0 ], [ 77.521769902851076, 14.389059265780601, 0.0 ], [ 77.446304170198886, 14.42667653692299, 0.0 ], [ 77.414825356435401, 14.408497911566601, 0.0 ], [ 77.404829982194912, 14.40642520202938, 0.0 ], [ 77.406825893554128, 14.387440602947979, 0.0 ], [ 77.408336403704141, 14.369564161297991, 0.0 ], [ 77.398873155224479, 14.33704623999672, 0.0 ] ] ] } },
{ "type": "Feature", "properties": { "Name": "1", "description": null, "timestamp": null, "begin": null, "end": null, "altitudeMode": null, "tessellate": 1, "extrude": 0, "visibility": -1, "drawOrder": null, "icon": null, "Layer": null, "SubClasses": null, "ExtendedEntity": null, "Linetype": null, "EntityHandle": null, "Text": null }, "geometry": { "type": "Polygon", "coordinates": [ [ [ 77.063714386951133, 14.564205792609259, 0.0 ], [ 77.022323146372827, 14.45415627914827, 0.0 ], [ 77.062277774663727, 14.45769261640187, 0.0 ], [ 77.083956673597569, 14.48971269706341, 0.0 ], [ 77.087279232284274, 14.48961407012581, 0.0 ], [ 77.088007682342109, 14.521152438415371, 0.0 ], [ 77.117296, 14.533858, 0.0 ], [ 77.143225, 14.528005, 0.0 ], [ 77.166256, 14.544107, 0.0 ], [ 77.159099639690041, 14.57371840612057, 0.0 ], [ 77.096496193993133, 14.569194485537921, 0.0 ], [ 77.088715793755767, 14.6289686295462, 0.0 ], [ 77.079676, 14.629352, 0.0 ], [ 77.063189, 14.629248, 0.0 ], [ 77.042877247569734, 14.623530885333279, 0.0 ], [ 77.043172725278552, 14.617800022258839, 0.0 ], [ 77.042613084692377, 14.601223189864299, 0.0 ], [ 77.032205818576145, 14.56414315477738, 0.0 ], [ 77.063714386951133, 14.564205792609259, 0.0 ] ] ] } },
{ "type": "Feature", "properties": { "Name": "1", "description": null, "timestamp": null, "begin": null, "end": null, "altitudeMode": null, "tessellate": 1, "extrude": 0, "visibility": -1, "drawOrder": null, "icon": null, "Layer": null, "SubClasses": null, "ExtendedEntity": null, "Linetype": null, "EntityHandle": null, "Text": null }, "geometry": { "type": "Polygon", "coordinates": [ [ [ 77.160100832552743, 14.572984858028651, 0.0 ], [ 77.166942525088288, 14.543985284023931, 0.0 ], [ 77.214649178169935, 14.54017289008668, 0.0 ], [ 77.234616228313911, 14.543167175882591, 0.0 ], [ 77.237026863535164, 14.55361634578678, 0.0 ], [ 77.216222645460647, 14.554824472972649, 0.0 ], [ 77.213986088885036, 14.577440962268991, 0.0 ], [ 77.160100832552743, 14.572984858028651, 0.0 ] ] ] } },
{ "type": "Feature", "properties": { "Name": "1", "description": null, "timestamp": null, "begin": null, "end": null, "altitudeMode": null, "tessellate": 1, "extrude": 0, "visibility": -1, "drawOrder": null, "icon": null, "Layer": null, "SubClasses": null, "ExtendedEntity": null, "Linetype": null, "EntityHandle": null, "Text": null }, "geometry": { "type": "Polygon", "coordinates": [ [ [ 78.915150091552434, 15.33902210006007, 0.0 ], [ 78.905418107325403, 15.337029159136559, 0.0 ], [ 78.903907043195019, 15.319705703333771, 0.0 ], [ 78.916990593795404, 15.290053999685609, 0.0 ], [ 78.928594371043246, 15.28492708371841, 0.0 ], [ 78.932848512311992, 15.295315586840671, 0.0 ], [ 78.935878455267485, 15.30416763545534, 0.0 ], [ 78.927325465746293, 15.32553056630884, 0.0 ], [ 78.915150091552434, 15.33902210006007, 0.0 ] ] ] } },
{ "type": "Feature", "properties": { "Name": "1", "description": null, "timestamp": null, "begin": null, "end": null, "altitudeMode": null, "tessellate": 1, "extrude": 0, "visibility": -1, "drawOrder": null, "icon": null, "Layer": null, "SubClasses": null, "ExtendedEntity": null, "Linetype": null, "EntityHandle": null, "Text": null }, "geometry": { "type": "Polygon", "coordinates": [ [ [ 78.925546199125691, 15.255033627788389, 0.0 ], [ 78.933257106530746, 15.25065215187098, 0.0 ], [ 78.933797711499395, 15.250318673699731, 0.0 ], [ 78.941950082415289, 15.25547428331865, 0.0 ], [ 78.945422479592509, 15.258976250571621, 0.0 ], [ 78.945178593124922, 15.26596376721545, 0.0 ], [ 78.945064688033682, 15.26618005388297, 0.0 ], [ 78.951695158805535, 15.28983483213754, 0.0 ], [ 78.961036949919887, 15.31480456768789, 0.0 ], [ 78.961394227753246, 15.31527036427978, 0.0 ], [ 78.962113733569367, 15.316780284581091, 0.0 ], [ 78.963480664714965, 15.35085556383121, 0.0 ], [ 78.962219352320901, 15.35659494658681, 0.0 ], [ 78.958663730569654, 15.356865891858289, 0.0 ], [ 78.951974825369007, 15.34424778480931, 0.0 ], [ 78.947270610690353, 15.33649434718358, 0.0 ], [ 78.947271285265302, 15.335802955404461, 0.0 ], [ 78.940808066433519, 15.31804308989345, 0.0 ], [ 78.940812864442606, 15.31747634840842, 0.0 ], [ 78.940815292669527, 15.31702713681277, 0.0 ], [ 78.940818917908587, 15.31635410431352, 0.0 ], [ 78.930895159562269, 15.28168277743996, 0.0 ], [ 78.926368118867529, 15.275188270935431, 0.0 ], [ 78.92637889190496, 15.27434006108947, 0.0 ], [ 78.924723992768023, 15.260165882324831, 0.0 ], [ 78.925546199125691, 15.255033627788389, 0.0 ] ] ] } },
{ "type": "Feature", "properties": { "Name": "1", "description": null, "timestamp": null, "begin": null, "end": null, "altitudeMode": null, "tessellate": 1, "extrude": 0, "visibility": -1, "drawOrder": null, "icon": null, "Layer": null, "SubClasses": null, "ExtendedEntity": null, "Linetype": null, "EntityHandle": null, "Text": null }, "geometry": { "type": "Polygon", "coordinates": [ [ [ 77.390416134058071, 15.047076198424969, 0.0 ], [ 77.389981159066636, 15.045660279200449, 0.0 ], [ 77.392590918817817, 15.04486472344183, 0.0 ], [ 77.392860716350768, 15.045696974604271, 0.0 ], [ 77.395911507909389, 15.04497037472855, 0.0 ], [ 77.39935606319996, 15.052128811121101, 0.0 ], [ 77.400126081272148, 15.05490860627452, 0.0 ], [ 77.398929337993223, 15.05500569343093, 0.0 ], [ 77.398652893625339, 15.054888226991279, 0.0 ], [ 77.396814382357888, 15.05517498081802, 0.0 ], [ 77.393597776470173, 15.0560042027422, 0.0 ], [ 77.39479604021497, 15.06182813897745, 0.0 ], [ 77.395608268139569, 15.061744782993371, 0.0 ], [ 77.396205281233847, 15.06348328213782, 0.0 ], [ 77.396020700916409, 15.06351833201248, 0.0 ], [ 77.396178794186525, 15.06485207360485, 0.0 ], [ 77.397196235924113, 15.06454460148443, 0.0 ], [ 77.39767108977162, 15.066221509617399, 0.0 ], [ 77.398327149058332, 15.06928934084797, 0.0 ], [ 77.398354736382601, 15.07020559961987, 0.0 ], [ 77.397172804667989, 15.0712692489756, 0.0 ], [ 77.396440583328683, 15.07130092693261, 0.0 ], [ 77.396161744517968, 15.07310789674897, 0.0 ], [ 77.397280688782942, 15.0731109559387, 0.0 ], [ 77.397501771988004, 15.07530174485977, 0.0 ], [ 77.398011039050004, 15.07876679655053, 0.0 ], [ 77.395158805205966, 15.07986560950668, 0.0 ], [ 77.394247435166719, 15.080860023331221, 0.0 ], [ 77.394979305257039, 15.08230330007815, 0.0 ], [ 77.395408531142152, 15.084027071992789, 0.0 ], [ 77.390067501830572, 15.085139378540401, 0.0 ], [ 77.386612596278155, 15.085795171514629, 0.0 ], [ 77.385167840935054, 15.085443354892529, 0.0 ], [ 77.383545283663423, 15.084513610518931, 0.0 ], [ 77.379500153925491, 15.08245758782776, 0.0 ], [ 77.377436443866102, 15.07382491221551, 0.0 ], [ 77.378619626968458, 15.073504062938181, 0.0 ], [ 77.378225909664181, 15.071644294615959, 0.0 ], [ 77.377366326080292, 15.068771438039301, 0.0 ], [ 77.379564736631266, 15.068348219532581, 0.0 ], [ 77.37923082007201, 15.06581031715848, 0.0 ], [ 77.377254399506285, 15.066006649572509, 0.0 ], [ 77.377924796533648, 15.064458983225659, 0.0 ], [ 77.379074095655284, 15.06443791240781, 0.0 ], [ 77.381731195057668, 15.06417300545451, 0.0 ], [ 77.381078487834699, 15.058333602772899, 0.0 ], [ 77.380365430327771, 15.05500182340232, 0.0 ], [ 77.379804235841632, 15.05295007382945, 0.0 ], [ 77.382265445514804, 15.04954991090416, 0.0 ], [ 77.383150849213251, 15.0482025300154, 0.0 ], [ 77.390416134058071, 15.047076198424969, 0.0 ] ] ] } },
{ "type": "Feature", "properties": { "Name": "1", "description": null, "timestamp": null, "begin": null, "end": null, "altitudeMode": null, "tessellate": 1, "extrude": 0, "visibility": -1, "drawOrder": null, "icon": null, "Layer": null, "SubClasses": null, "ExtendedEntity": null, "Linetype": null, "EntityHandle": null, "Text": null }, "geometry": { "type": "Polygon", "coordinates": [ [ [ 78.179245959337138, 15.23843019583855, 0.0 ], [ 78.179287110544252, 15.23878535701154, 0.0 ], [ 78.179547981571559, 15.241250542821531, 0.0 ], [ 78.179619243228387, 15.24147779661854, 0.0 ], [ 78.178233836551414, 15.24161315599456, 0.0 ], [ 78.175151007111225, 15.24230478024095, 0.0 ], [ 78.17323583982801, 15.242662288394889, 0.0 ], [ 78.169481472967789, 15.243620351258549, 0.0 ], [ 78.167941641344939, 15.243969527740241, 0.0 ], [ 78.167755627235437, 15.24236990189293, 0.0 ], [ 78.167623553854128, 15.24149849169723, 0.0 ], [ 78.167543036570109, 15.240852293799829, 0.0 ], [ 78.167958493622805, 15.24072505718876, 0.0 ], [ 78.16791811512914, 15.240574875876341, 0.0 ], [ 78.168521037360861, 15.240172671947869, 0.0 ], [ 78.16859892408533, 15.24012447965033, 0.0 ], [ 78.168519076931844, 15.23997669736934, 0.0 ], [ 78.168758534014401, 15.239929669819739, 0.0 ], [ 78.1707353323593, 15.239441076580089, 0.0 ], [ 78.170571476812853, 15.23870412967951, 0.0 ], [ 78.170905150968252, 15.23868146962756, 0.0 ], [ 78.170810369646404, 15.23827592527358, 0.0 ], [ 78.171480434094946, 15.2382383935427, 0.0 ], [ 78.17160992875661, 15.238229822720079, 0.0 ], [ 78.172089483072767, 15.238300540456921, 0.0 ], [ 78.174891984048486, 15.238499477582581, 0.0 ], [ 78.179245959337138, 15.23843019583855, 0.0 ] ] ] } },
{ "type": "Feature", "properties": { "Name": "1", "description": null, "timestamp": null, "begin": null, "end": null, "altitudeMode": null, "tessellate": 1, "extrude": 0, "visibility": -1, "drawOrder": null, "icon": null, "Layer": null, "SubClasses": null, "ExtendedEntity": null, "Linetype": null, "EntityHandle": null, "Text": null }, "geometry": { "type": "Polygon", "coordinates": [ [ [ 78.163142262865563, 15.23880674678178, 0.0 ], [ 78.165454077551459, 15.23887339145624, 0.0 ], [ 78.166124471722242, 15.238511544487981, 0.0 ], [ 78.166440332214762, 15.23954785948211, 0.0 ], [ 78.166234651347978, 15.23969918725528, 0.0 ], [ 78.165552810272501, 15.24012287437631, 0.0 ], [ 78.165257604156864, 15.240351626997249, 0.0 ], [ 78.165420989909038, 15.24084529904048, 0.0 ], [ 78.165703670177152, 15.241421204789679, 0.0 ], [ 78.167444520355318, 15.24109534800388, 0.0 ], [ 78.167769066242585, 15.24398985830301, 0.0 ], [ 78.167959772061664, 15.243962180360709, 0.0 ], [ 78.169484487746018, 15.24362054993388, 0.0 ], [ 78.173231119614428, 15.24269479137449, 0.0 ], [ 78.175642135319364, 15.242214624153711, 0.0 ], [ 78.177169500853921, 15.24200055241544, 0.0 ], [ 78.1782200238152, 15.24162075624335, 0.0 ], [ 78.179604853685987, 15.24150789503665, 0.0 ], [ 78.180037363161588, 15.24301282352458, 0.0 ], [ 78.180103038957867, 15.24400130926643, 0.0 ], [ 78.180276069466174, 15.244557606827099, 0.0 ], [ 78.181443484918915, 15.247054055649221, 0.0 ], [ 78.182628582353459, 15.251090371894231, 0.0 ], [ 78.182428524823919, 15.251205997357371, 0.0 ], [ 78.182709966005618, 15.251837580579631, 0.0 ], [ 78.182665779195844, 15.252037777623769, 0.0 ], [ 78.185967107438813, 15.252252322515879, 0.0 ], [ 78.186620458932268, 15.25395583206336, 0.0 ], [ 78.187474960802831, 15.256919269033229, 0.0 ], [ 78.188113354802994, 15.25807428795019, 0.0 ], [ 78.188700343543019, 15.25969981835825, 0.0 ], [ 78.188887384572396, 15.262333602812991, 0.0 ], [ 78.18826748812802, 15.263299190647979, 0.0 ], [ 78.186880212476865, 15.26386154546489, 0.0 ], [ 78.184186275668665, 15.264635454877981, 0.0 ], [ 78.184293278379272, 15.26514223414391, 0.0 ], [ 78.18390835040843, 15.26526040766457, 0.0 ], [ 78.183819629538149, 15.26584788617749, 0.0 ], [ 78.180820778476146, 15.264259826119201, 0.0 ], [ 78.180677253741976, 15.265077329890399, 0.0 ], [ 78.17914515984188, 15.265676165038791, 0.0 ], [ 78.178691432943836, 15.26561635606847, 0.0 ], [ 78.178542248466854, 15.265078676173269, 0.0 ], [ 78.17720031695319, 15.26588731166896, 0.0 ], [ 78.177292714717964, 15.26616040892217, 0.0 ], [ 78.173697878477299, 15.26872570067755, 0.0 ], [ 78.172417495889988, 15.26954845341198, 0.0 ], [ 78.171944926220334, 15.27026789484351, 0.0 ], [ 78.171579072218421, 15.270397983994959, 0.0 ], [ 78.170603064957589, 15.27007274320651, 0.0 ], [ 78.170173823553554, 15.269437285116529, 0.0 ], [ 78.170066901791301, 15.269424011978099, 0.0 ], [ 78.169849955180709, 15.26674739579633, 0.0 ], [ 78.169575051430883, 15.264025773835421, 0.0 ], [ 78.167678369119969, 15.258782661542471, 0.0 ], [ 78.167404494915601, 15.25706719617086, 0.0 ], [ 78.166702200719769, 15.254893298634411, 0.0 ], [ 78.166229914696117, 15.252746253096101, 0.0 ], [ 78.166544976722136, 15.252612508375201, 0.0 ], [ 78.166418869006733, 15.252204130165209, 0.0 ], [ 78.166350583792365, 15.248918898057591, 0.0 ], [ 78.165867350026147, 15.24736763473668, 0.0 ], [ 78.165142208482536, 15.245516250863821, 0.0 ], [ 78.165173628119007, 15.24506144915274, 0.0 ], [ 78.164333441355325, 15.24259499542902, 0.0 ], [ 78.164157849302725, 15.242352901414581, 0.0 ], [ 78.163885117336662, 15.24182138716179, 0.0 ], [ 78.163142262865563, 15.23880674678178, 0.0 ] ] ] } },
{ "type": "Feature", "properties": { "Name": "1", "description": null, "timestamp": null, "begin": null, "end": null, "altitudeMode": null, "tessellate": 1, "extrude": 0, "visibility": -1, "drawOrder": null, "icon": null, "Layer": null, "SubClasses": null, "ExtendedEntity": null, "Linetype": null, "EntityHandle": null, "Text": null }, "geometry": { "type": "Polygon", "coordinates": [ [ [ 78.127570219563481, 15.23442162613985, 0.0 ], [ 78.131433250858876, 15.23335481990976, 0.0 ], [ 78.131021310709116, 15.23055334159203, 0.0 ], [ 78.131658758738055, 15.229914764482981, 0.0 ], [ 78.131330358603421, 15.22681348933814, 0.0 ], [ 78.136345876858044, 15.22673751991076, 0.0 ], [ 78.140613915011727, 15.22614160759483, 0.0 ], [ 78.147495733085307, 15.22607364995649, 0.0 ], [ 78.159894506507356, 15.222269367381511, 0.0 ], [ 78.1598206940333, 15.21997374935906, 0.0 ], [ 78.161301203313784, 15.218443753847181, 0.0 ], [ 78.166144771714812, 15.216629715892751, 0.0 ], [ 78.166628581304238, 15.21797087882344, 0.0 ], [ 78.167598980020983, 15.217970431032461, 0.0 ], [ 78.167604347225662, 15.218071405413459, 0.0 ], [ 78.167751072093751, 15.21884926490349, 0.0 ], [ 78.169800827154262, 15.218308040471539, 0.0 ], [ 78.16997646287814, 15.2187813837688, 0.0 ], [ 78.172909599434504, 15.21861206749222, 0.0 ], [ 78.17348972046598, 15.22007658150782, 0.0 ], [ 78.181128823437149, 15.21773334528941, 0.0 ], [ 78.184264108849035, 15.22751160732604, 0.0 ], [ 78.179883527205689, 15.230338971315319, 0.0 ], [ 78.179956184637206, 15.231122241736021, 0.0 ], [ 78.178005396893681, 15.23213384828461, 0.0 ], [ 78.176977842076568, 15.22945020618902, 0.0 ], [ 78.173419960191595, 15.230336926139859, 0.0 ], [ 78.169012655093042, 15.23441664744616, 0.0 ], [ 78.165883926789704, 15.235719545915259, 0.0 ], [ 78.163078365236984, 15.23657548939047, 0.0 ], [ 78.163453173726495, 15.23870135787471, 0.0 ], [ 78.172019206054856, 15.238265659071949, 0.0 ], [ 78.179376908299901, 15.238185709203769, 0.0 ], [ 78.18310924386688, 15.2517232432473, 0.0 ], [ 78.186122879666371, 15.252493317074791, 0.0 ], [ 78.186742649648664, 15.25357769296309, 0.0 ], [ 78.19988968714776, 15.251523155095491, 0.0 ], [ 78.207010164089269, 15.2677607196105, 0.0 ], [ 78.186188151169461, 15.279038735817039, 0.0 ], [ 78.18630129490333, 15.271653110909361, 0.0 ], [ 78.183260285398333, 15.266371866402411, 0.0 ], [ 78.17166644074419, 15.270637661369641, 0.0 ], [ 78.163792870279281, 15.270267640539039, 0.0 ], [ 78.151307215934068, 15.27305507021814, 0.0 ], [ 78.148603571865195, 15.271091158788829, 0.0 ], [ 78.147735103975677, 15.263715315787771, 0.0 ], [ 78.144113046195386, 15.26301984648064, 0.0 ], [ 78.140129495370601, 15.27323946055188, 0.0 ], [ 78.138209259763769, 15.267910330775701, 0.0 ], [ 78.132010419700407, 15.268029887682999, 0.0 ], [ 78.130995714353901, 15.254639128088449, 0.0 ], [ 78.132249308193025, 15.24763783251796, 0.0 ], [ 78.133551903879209, 15.24239922314989, 0.0 ], [ 78.128665510607817, 15.24120941416246, 0.0 ], [ 78.127570219563481, 15.23442162613985, 0.0 ] ] ] } },
{ "type": "Feature", "properties": { "Name": "1", "description": null, "timestamp": null, "begin": null, "end": null, "altitudeMode": null, "tessellate": 1, "extrude": 0, "visibility": -1, "drawOrder": null, "icon": null, "Layer": null, "SubClasses": null, "ExtendedEntity": null, "Linetype": null, "EntityHandle": null, "Text": null }, "geometry": { "type": "Polygon", "coordinates": [ [ [ 77.014853725229372, 14.255350422425639, 0.0 ], [ 77.016405228721254, 14.25025881885621, 0.0 ], [ 77.01274004105602, 14.241421971624421, 0.0 ], [ 77.01468310450926, 14.238882358177371, 0.0 ], [ 77.036984583938363, 14.24721830685041, 0.0 ], [ 77.057484389758528, 14.244523537345451, 0.0 ], [ 77.060255170287675, 14.236704547601761, 0.0 ], [ 77.067505587927727, 14.22916877765784, 0.0 ], [ 77.075839980748995, 14.224247046818659, 0.0 ], [ 77.082703421575928, 14.21629288146651, 0.0 ], [ 77.101125146295615, 14.218905213906551, 0.0 ], [ 77.114236855385315, 14.224315333704149, 0.0 ], [ 77.115599704158157, 14.226181041332101, 0.0 ], [ 77.115004309196181, 14.236686506465061, 0.0 ], [ 77.115955065614259, 14.248972199078469, 0.0 ], [ 77.110672405818676, 14.260731443882809, 0.0 ], [ 77.109476737047245, 14.26862492268593, 0.0 ], [ 77.114163684638939, 14.27384664169643, 0.0 ], [ 77.115328365313417, 14.29256714011639, 0.0 ], [ 77.123977037747025, 14.299174201606631, 0.0 ], [ 77.130629555485967, 14.30829733803883, 0.0 ], [ 77.1345512960864, 14.31953402348779, 0.0 ], [ 77.135680221150878, 14.32923994401342, 0.0 ], [ 77.135764362202565, 14.33538945343108, 0.0 ], [ 77.113794355865366, 14.338641956710861, 0.0 ], [ 77.115910929599352, 14.324884020000891, 0.0 ], [ 77.100354038449993, 14.30261671861536, 0.0 ], [ 77.101640742309115, 14.275914023659499, 0.0 ], [ 77.017158938698742, 14.302925967128051, 0.0 ], [ 77.021212910893695, 14.255122934376439, 0.0 ], [ 77.014853725229372, 14.255350422425639, 0.0 ] ] ] } },
{ "type": "Feature", "properties": { "Name": "1", "description": null, "timestamp": null, "begin": null, "end": null, "altitudeMode": null, "tessellate": 1, "extrude": 0, "visibility": -1, "drawOrder": null, "icon": null, "Layer": null, "SubClasses": null, "ExtendedEntity": null, "Linetype": null, "EntityHandle": null, "Text": null }, "geometry": { "type": "Polygon", "coordinates": [ [ [ 77.002171803636756, 14.255795724262001, 0.0 ], [ 76.992904250243498, 14.256113295184971, 0.0 ], [ 76.986361510725089, 14.25513840670042, 0.0 ], [ 76.981403169608342, 14.25489233012993, 0.0 ], [ 76.950848686873371, 14.25762151463975, 0.0 ], [ 76.953592480731317, 14.289223111341251, 0.0 ], [ 76.937695423364701, 14.27969919899698, 0.0 ], [ 76.92882766948108, 14.277829470342381, 0.0 ], [ 76.926806741540872, 14.274344119963811, 0.0 ], [ 76.936444623231154, 14.259740998848359, 0.0 ], [ 76.940667561325569, 14.24552681079177, 0.0 ], [ 76.949365044716387, 14.24253377372378, 0.0 ], [ 76.960772009602806, 14.245902113913051, 0.0 ], [ 76.969003186223603, 14.24363997965874, 0.0 ], [ 76.980422680987402, 14.248528078950759, 0.0 ], [ 76.986242000561845, 14.24724407120236, 0.0 ], [ 76.993321465182689, 14.24206540565819, 0.0 ], [ 76.998242015218835, 14.241733617199969, 0.0 ], [ 77.005690717945001, 14.236936212964929, 0.0 ], [ 77.012969710614726, 14.241267611439159, 0.0 ], [ 77.015964716982324, 14.25012453838012, 0.0 ], [ 77.014934094234846, 14.250221793233811, 0.0 ], [ 77.014369361307601, 14.254967513825759, 0.0 ], [ 77.002171803636756, 14.255795724262001, 0.0 ] ] ] } },
{ "type": "Feature", "properties": { "Name": "1", "description": null, "timestamp": null, "begin": null, "end": null, "altitudeMode": null, "tessellate": 1, "extrude": 0, "visibility": -1, "drawOrder": null, "icon": null, "Layer": null, "SubClasses": null, "ExtendedEntity": null, "Linetype": null, "EntityHandle": null, "Text": null }, "geometry": { "type": "Polygon", "coordinates": [ [ [ 77.874206224382434, 15.29004974305945, 0.0 ], [ 77.875978186371839, 15.29366351680606, 0.0 ], [ 77.877296340168641, 15.29327272242835, 0.0 ], [ 77.878628165690969, 15.294260060259919, 0.0 ], [ 77.879399668726748, 15.29467140703566, 0.0 ], [ 77.880172209812983, 15.29564812270446, 0.0 ], [ 77.885551393404469, 15.30025785099691, 0.0 ], [ 77.885618502799019, 15.30121865889201, 0.0 ], [ 77.886846246308139, 15.3013123682437, 0.0 ], [ 77.888550210624246, 15.30250329968425, 0.0 ], [ 77.890152548657085, 15.30405241230809, 0.0 ], [ 77.890700029263684, 15.30383047661296, 0.0 ], [ 77.893073171826515, 15.30638067384289, 0.0 ], [ 77.893581852179054, 15.30825657866948, 0.0 ], [ 77.895189670720399, 15.30974781096953, 0.0 ], [ 77.895173330940935, 15.309994665655291, 0.0 ], [ 77.896254617042544, 15.311216307950479, 0.0 ], [ 77.8977870095284, 15.31138143746405, 0.0 ], [ 77.900249610231114, 15.312848194687961, 0.0 ], [ 77.902838302151338, 15.31449901138595, 0.0 ], [ 77.904201815906461, 15.315466201630059, 0.0 ], [ 77.90438612027981, 15.31571519933766, 0.0 ], [ 77.905609167344252, 15.315384486972411, 0.0 ], [ 77.907087020238663, 15.31521059993557, 0.0 ], [ 77.909498024758037, 15.315509561715039, 0.0 ], [ 77.911422217036389, 15.315986774687349, 0.0 ], [ 77.911681733686081, 15.317111597174099, 0.0 ], [ 77.912317435204429, 15.318073387494231, 0.0 ], [ 77.913640779219051, 15.318567440475761, 0.0 ], [ 77.913636166312614, 15.318909436870269, 0.0 ], [ 77.915301191095466, 15.319651911079189, 0.0 ], [ 77.916801679759445, 15.32078523010496, 0.0 ], [ 77.917845231817239, 15.32182192455271, 0.0 ], [ 77.920718585066751, 15.323048762653659, 0.0 ], [ 77.923976139885553, 15.321193674269651, 0.0 ], [ 77.926626055710571, 15.321259497545549, 0.0 ], [ 77.929141453494481, 15.32282182213879, 0.0 ], [ 77.931222641673386, 15.32379580275339, 0.0 ], [ 77.933871570281354, 15.326541140979661, 0.0 ], [ 77.938045412171377, 15.3284732317359, 0.0 ], [ 77.941229649986269, 15.32887398273663, 0.0 ], [ 77.941686681328335, 15.32805477642342, 0.0 ], [ 77.945295565325551, 15.32856149403294, 0.0 ], [ 77.945726495407698, 15.327542222141069, 0.0 ], [ 77.948491890521012, 15.32681677565111, 0.0 ], [ 77.951699986206165, 15.32741746376754, 0.0 ], [ 77.951917608684823, 15.327550608125479, 0.0 ], [ 77.954670823741978, 15.32924066380529, 0.0 ], [ 77.957498291789889, 15.32968114184029, 0.0 ], [ 77.960935856257052, 15.33257186711724, 0.0 ], [ 77.961688099889571, 15.33022808722284, 0.0 ], [ 77.966606509547219, 15.330178598184119, 0.0 ], [ 77.967181355579555, 15.332156037304911, 0.0 ], [ 77.967081322801775, 15.335802589139529, 0.0 ], [ 77.966778579001826, 15.33628965696791, 0.0 ], [ 77.969998323594098, 15.337091416130081, 0.0 ], [ 77.974767435328758, 15.34262140306763, 0.0 ], [ 77.972389065380554, 15.345492904909619, 0.0 ], [ 77.97092103868431, 15.343380183586969, 0.0 ], [ 77.970708103127876, 15.34241529247605, 0.0 ], [ 77.966455828154523, 15.342813539586301, 0.0 ], [ 77.961637864431594, 15.34138408774632, 0.0 ], [ 77.96075470754937, 15.339911100058909, 0.0 ], [ 77.959285477548192, 15.3381824885527, 0.0 ], [ 77.955295165673604, 15.33851867251108, 0.0 ], [ 77.952956082996266, 15.338765777250289, 0.0 ], [ 77.949102223511886, 15.33882543400807, 0.0 ], [ 77.948114872938902, 15.340004683786701, 0.0 ], [ 77.943043651404096, 15.340086359934761, 0.0 ], [ 77.941587664972815, 15.340409189805831, 0.0 ], [ 77.939122629344908, 15.34041875982772, 0.0 ], [ 77.938126171754817, 15.340861485097969, 0.0 ], [ 77.938052179311043, 15.340196016211641, 0.0 ], [ 77.936000861201435, 15.341109796077159, 0.0 ], [ 77.934206137197208, 15.341236262811311, 0.0 ], [ 77.931521001664535, 15.339971241817301, 0.0 ], [ 77.929880072339117, 15.339971385023381, 0.0 ], [ 77.929892807049427, 15.341086899269181, 0.0 ], [ 77.927398085359258, 15.34467060954913, 0.0 ], [ 77.922239344329483, 15.344922414820729, 0.0 ], [ 77.920746026269782, 15.34508909648491, 0.0 ], [ 77.920100708822915, 15.34526963144474, 0.0 ], [ 77.919437530225935, 15.34535389399751, 0.0 ], [ 77.918157604628036, 15.34534274764315, 0.0 ], [ 77.915573952121619, 15.34446023379812, 0.0 ], [ 77.911293767790227, 15.344416333187061, 0.0 ], [ 77.912201213054686, 15.34279210921884, 0.0 ], [ 77.909937889646869, 15.33933595645644, 0.0 ], [ 77.909199063126508, 15.338868443882809, 0.0 ], [ 77.908892261549667, 15.33983234465294, 0.0 ], [ 77.908083646625201, 15.33962532941112, 0.0 ], [ 77.904301838031984, 15.34280599264066, 0.0 ], [ 77.899746726576893, 15.343791513905799, 0.0 ], [ 77.899067442610715, 15.34238710885111, 0.0 ], [ 77.898572863495389, 15.34215567645909, 0.0 ], [ 77.898472657463017, 15.34249994717411, 0.0 ], [ 77.897223408135133, 15.34139992437739, 0.0 ], [ 77.896679233827385, 15.341872431407999, 0.0 ], [ 77.898960280342379, 15.344137811732759, 0.0 ], [ 77.89734333419014, 15.34500938828978, 0.0 ], [ 77.897928676555622, 15.347227656080911, 0.0 ], [ 77.896220513843161, 15.34793785745344, 0.0 ], [ 77.8951394817242, 15.34757067127596, 0.0 ], [ 77.894265833838716, 15.346042168437879, 0.0 ], [ 77.892845762295934, 15.34601939328854, 0.0 ], [ 77.889720167755783, 15.347170970162219, 0.0 ], [ 77.887716555393837, 15.345779361671511, 0.0 ], [ 77.88743322266842, 15.344428976579049, 0.0 ], [ 77.887608000311033, 15.34194730544419, 0.0 ], [ 77.885202467278191, 15.341432181606571, 0.0 ], [ 77.884604113623723, 15.340846488884161, 0.0 ], [ 77.8821370008732, 15.34089345225985, 0.0 ], [ 77.882022918392408, 15.34062731240147, 0.0 ], [ 77.87915234794383, 15.33882288998938, 0.0 ], [ 77.876974924423905, 15.338838516110689, 0.0 ], [ 77.876627384097347, 15.337061446491569, 0.0 ], [ 77.876991023395775, 15.33594100179649, 0.0 ], [ 77.877312624427987, 15.334646459284841, 0.0 ], [ 77.879325365683684, 15.33378800546947, 0.0 ], [ 77.880527693412844, 15.33289946253892, 0.0 ], [ 77.886803193104498, 15.33003546629006, 0.0 ], [ 77.886714631751204, 15.32759425420589, 0.0 ], [ 77.886544489390133, 15.32295182375174, 0.0 ], [ 77.884682863703063, 15.319789807492841, 0.0 ], [ 77.88318354369602, 15.31122334411565, 0.0 ], [ 77.882838946726935, 15.31034744191528, 0.0 ], [ 77.879924775246025, 15.31011655303959, 0.0 ], [ 77.868136695833087, 15.30047016732548, 0.0 ], [ 77.864399666555798, 15.29534231879699, 0.0 ], [ 77.865109522268554, 15.294165301720589, 0.0 ], [ 77.863866842880896, 15.29235586203, 0.0 ], [ 77.865312608756213, 15.291466468489739, 0.0 ], [ 77.867355008296713, 15.29174953914201, 0.0 ], [ 77.868515430909227, 15.29146803483791, 0.0 ], [ 77.867948069514, 15.292512347851719, 0.0 ], [ 77.86800718179316, 15.292896553857419, 0.0 ], [ 77.868595685371233, 15.29271327864536, 0.0 ], [ 77.869445192882921, 15.291745408126641, 0.0 ], [ 77.869891691955317, 15.291445139636719, 0.0 ], [ 77.870324028441971, 15.290858183506209, 0.0 ], [ 77.8713077883328, 15.29050663269404, 0.0 ], [ 77.872166044015117, 15.29025073714446, 0.0 ], [ 77.873276075597516, 15.28993331042158, 0.0 ], [ 77.874206224382434, 15.29004974305945, 0.0 ] ] ] } },
{ "type": "Feature", "properties": { "Name": "1", "description": null, "timestamp": null, "begin": null, "end": null, "altitudeMode": null, "tessellate": 1, "extrude": 0, "visibility": -1, "drawOrder": null, "icon": null, "Layer": null, "SubClasses": null, "ExtendedEntity": null, "Linetype": null, "EntityHandle": null, "Text": null }, "geometry": { "type": "Polygon", "coordinates": [ [ [ 77.91977952428509, 15.36607726213038, 0.0 ], [ 77.914567108318778, 15.360733961171141, 0.0 ], [ 77.908445284490739, 15.3526464566634, 0.0 ], [ 77.909519879918435, 15.35070041908334, 0.0 ], [ 77.913115600583524, 15.3518715118309, 0.0 ], [ 77.917088755892252, 15.354013746002311, 0.0 ], [ 77.918949307293133, 15.35412336876297, 0.0 ], [ 77.920699449846893, 15.35455405472945, 0.0 ], [ 77.922041384494065, 15.354964874620199, 0.0 ], [ 77.926111387792432, 15.357113549014329, 0.0 ], [ 77.927864755807803, 15.35826729081476, 0.0 ], [ 77.928976857132341, 15.359778921459361, 0.0 ], [ 77.931558000996873, 15.35987774846903, 0.0 ], [ 77.934119181927997, 15.360137045032509, 0.0 ], [ 77.936795195847338, 15.360439491238131, 0.0 ], [ 77.939670367183624, 15.36085630093611, 0.0 ], [ 77.941933700314863, 15.360987261707161, 0.0 ], [ 77.94456918646901, 15.36135914791714, 0.0 ], [ 77.946715258339225, 15.36325592968298, 0.0 ], [ 77.949037674329347, 15.36399420673207, 0.0 ], [ 77.952921054274796, 15.365389284067779, 0.0 ], [ 77.953843969128144, 15.365865572404219, 0.0 ], [ 77.956038018678385, 15.366578751329451, 0.0 ], [ 77.956679632029889, 15.3667604715897, 0.0 ], [ 77.958698874862606, 15.36769048089829, 0.0 ], [ 77.959151330369835, 15.37166344121016, 0.0 ], [ 77.95652198111398, 15.37447654858887, 0.0 ], [ 77.954076380200249, 15.376955270932751, 0.0 ], [ 77.953017564891979, 15.37818607446571, 0.0 ], [ 77.952301930775036, 15.37885165648545, 0.0 ], [ 77.951827998675185, 15.379610842226541, 0.0 ], [ 77.949648203329517, 15.375091536735811, 0.0 ], [ 77.94401285439379, 15.373434122424021, 0.0 ], [ 77.940297665052441, 15.3734434026169, 0.0 ], [ 77.934897101116164, 15.374715412350721, 0.0 ], [ 77.928395973291671, 15.376292409559101, 0.0 ], [ 77.91977952428509, 15.36607726213038, 0.0 ] ] ] } },
{ "type": "Feature", "properties": { "Name": "1", "description": null, "timestamp": null, "begin": null, "end": null, "altitudeMode": null, "tessellate": 1, "extrude": 0, "visibility": -1, "drawOrder": null, "icon": null, "Layer": null, "SubClasses": null, "ExtendedEntity": null, "Linetype": null, "EntityHandle": null, "Text": null }, "geometry": { "type": "Polygon", "coordinates": [ [ [ 77.91329027250481, 15.369063288972811, 0.0 ], [ 77.913219838833214, 15.369548566062729, 0.0 ], [ 77.913901412957316, 15.36952101967683, 0.0 ], [ 77.916216678497079, 15.374790319084401, 0.0 ], [ 77.915315766392041, 15.379603140357499, 0.0 ], [ 77.915509529887728, 15.38159933644468, 0.0 ], [ 77.921957081914186, 15.38522417959882, 0.0 ], [ 77.929998214292937, 15.39147087353056, 0.0 ], [ 77.94749740093917, 15.395628673655199, 0.0 ], [ 77.947225575016546, 15.397520239496201, 0.0 ], [ 77.94857697916143, 15.39793232887161, 0.0 ], [ 77.949200613629174, 15.396532380640821, 0.0 ], [ 77.952159837090633, 15.394423090312481, 0.0 ], [ 77.962872653229553, 15.39282570980922, 0.0 ], [ 77.970226258867143, 15.39766123096005, 0.0 ], [ 77.972070414639262, 15.397264615297919, 0.0 ], [ 77.972803929905467, 15.398282721086741, 0.0 ], [ 77.977181141247172, 15.398154931628429, 0.0 ], [ 77.981038357265746, 15.397853335654601, 0.0 ], [ 77.988206806557628, 15.39700868995507, 0.0 ], [ 77.991735510278588, 15.401534438936199, 0.0 ], [ 77.993923525997417, 15.40254273034274, 0.0 ], [ 77.995005092094516, 15.40332337819887, 0.0 ], [ 77.995976314103771, 15.402621643566791, 0.0 ], [ 77.996587831696374, 15.39984067696054, 0.0 ], [ 77.990665562598508, 15.393118252858979, 0.0 ], [ 77.989638172719538, 15.387653553529489, 0.0 ], [ 77.990786720174739, 15.38026905797402, 0.0 ], [ 78.013597889518962, 15.386266489564861, 0.0 ], [ 78.023516, 15.39024, 0.0 ], [ 78.028819941329573, 15.39034668504102, 0.0 ], [ 78.031915734027947, 15.39500632292301, 0.0 ], [ 78.031451895385274, 15.396609200547971, 0.0 ], [ 78.014433032730054, 15.404173567129989, 0.0 ], [ 78.008881146168505, 15.40399159671853, 0.0 ], [ 78.006377061990975, 15.403729344002381, 0.0 ], [ 78.004724380880845, 15.40298654778795, 0.0 ], [ 78.004085708731836, 15.403232626856621, 0.0 ], [ 78.004117297492783, 15.40406111845139, 0.0 ], [ 78.000323848749375, 15.404041295638841, 0.0 ], [ 77.99892221772582, 15.40636732361636, 0.0 ], [ 77.998852751955894, 15.406435577978341, 0.0 ], [ 78.00056522688827, 15.407820620110449, 0.0 ], [ 77.999961025207568, 15.40817032108413, 0.0 ], [ 78.000833374402788, 15.410470926511239, 0.0 ], [ 78.000968528768652, 15.410767046448269, 0.0 ], [ 78.001890310030888, 15.41050437255495, 0.0 ], [ 78.003424989422243, 15.411362053942611, 0.0 ], [ 78.003441142680543, 15.41152620923606, 0.0 ], [ 78.002967186066073, 15.412387025786041, 0.0 ], [ 78.0050510541964, 15.413638615136639, 0.0 ], [ 78.007411198464411, 15.417485992591519, 0.0 ], [ 78.00831787378155, 15.41873442098778, 0.0 ], [ 78.014268836139465, 15.42116970125956, 0.0 ], [ 78.017050678193897, 15.422417386304691, 0.0 ], [ 78.018579301490874, 15.422782326060791, 0.0 ], [ 78.018294114592877, 15.42442675844265, 0.0 ], [ 78.018920535325009, 15.42540841769658, 0.0 ], [ 78.021486809683509, 15.42631440494703, 0.0 ], [ 78.021464576139138, 15.42703321774, 0.0 ], [ 78.022310967128917, 15.42838375963241, 0.0 ], [ 78.022435975518974, 15.429662836685081, 0.0 ], [ 78.025599935656544, 15.431774421697281, 0.0 ], [ 78.027110700122449, 15.43322087480993, 0.0 ], [ 78.027949229003553, 15.433479068750801, 0.0 ], [ 78.029357916708449, 15.434219318709109, 0.0 ], [ 78.029809417483833, 15.4353102597043, 0.0 ], [ 78.029747029230251, 15.437280808041271, 0.0 ], [ 78.028793665714474, 15.438663486466851, 0.0 ], [ 78.028649078082694, 15.43882922493021, 0.0 ], [ 78.029500033742082, 15.43995354856917, 0.0 ], [ 78.030938930841998, 15.440578755273339, 0.0 ], [ 78.031300013802934, 15.441171227127059, 0.0 ], [ 78.032537080261491, 15.44215729705285, 0.0 ], [ 78.032209860404421, 15.44425365540239, 0.0 ], [ 78.030740074896769, 15.445636016125309, 0.0 ], [ 78.028838092946131, 15.445373086819361, 0.0 ], [ 78.028050471365376, 15.4464678088334, 0.0 ], [ 78.029912669297644, 15.447099670902841, 0.0 ], [ 78.025311878303995, 15.453471654171301, 0.0 ], [ 78.017111313780291, 15.45641045232462, 0.0 ], [ 78.014016015177233, 15.455004223717751, 0.0 ], [ 78.00896317350869, 15.45834099179373, 0.0 ], [ 78.006029627039709, 15.458097419427499, 0.0 ], [ 78.003979849861125, 15.45797824965415, 0.0 ], [ 77.997290384090533, 15.456675176997541, 0.0 ], [ 77.997221130003965, 15.45573518707366, 0.0 ], [ 77.998099155152318, 15.45535927603345, 0.0 ], [ 77.998585891822628, 15.45116383689628, 0.0 ], [ 77.996611154348571, 15.44861880615171, 0.0 ], [ 77.997040892988238, 15.44631175379922, 0.0 ], [ 77.996482740845494, 15.4443109518425, 0.0 ], [ 77.998237336239626, 15.438861510581599, 0.0 ], [ 77.999750537397588, 15.43583744638198, 0.0 ], [ 77.999280183780655, 15.43380760424326, 0.0 ], [ 77.999828507230674, 15.43257979735955, 0.0 ], [ 77.999448480089782, 15.43116897866717, 0.0 ], [ 77.995629938418901, 15.432022292930951, 0.0 ], [ 77.995290229343269, 15.43090497917116, 0.0 ], [ 77.991919964651316, 15.42945404903163, 0.0 ], [ 77.991108884913231, 15.426626124191641, 0.0 ], [ 77.98887950287731, 15.426087907032789, 0.0 ], [ 77.987801299293096, 15.42664486502103, 0.0 ], [ 77.98716008611342, 15.428011758284731, 0.0 ], [ 77.985883805683542, 15.429008228173441, 0.0 ], [ 77.980654224877568, 15.42913812295599, 0.0 ], [ 77.980033775273725, 15.42983627258911, 0.0 ], [ 77.979388508501557, 15.430590184683799, 0.0 ], [ 77.979058614867682, 15.43096828734571, 0.0 ], [ 77.978287833486903, 15.431294208383351, 0.0 ], [ 77.97678801913068, 15.43155725566781, 0.0 ], [ 77.974055657546245, 15.43177433935171, 0.0 ], [ 77.972329713419384, 15.431429537903091, 0.0 ], [ 77.968895421835228, 15.43068117375482, 0.0 ], [ 77.967891852882985, 15.43021051400564, 0.0 ], [ 77.968040331372478, 15.42955914993208, 0.0 ], [ 77.96667373553106, 15.427080561958499, 0.0 ], [ 77.960796877597005, 15.42541477214953, 0.0 ], [ 77.954410866763055, 15.42600522779014, 0.0 ], [ 77.952624906133806, 15.42538699990679, 0.0 ], [ 77.948515441685458, 15.423307241025251, 0.0 ], [ 77.946875317541313, 15.418534522453511, 0.0 ], [ 77.947162503393258, 15.41718845324257, 0.0 ], [ 77.940116053388707, 15.416481480397451, 0.0 ], [ 77.934206173029295, 15.414732096855669, 0.0 ], [ 77.930450946760317, 15.4121379990807, 0.0 ], [ 77.923928793361739, 15.40748031148421, 0.0 ], [ 77.919478282747633, 15.40794021738453, 0.0 ], [ 77.914690992055156, 15.40633612758695, 0.0 ], [ 77.909427216945133, 15.40577370260675, 0.0 ], [ 77.908734910199442, 15.405490705313531, 0.0 ], [ 77.906818632283588, 15.404765550126511, 0.0 ], [ 77.905269498254626, 15.40363793731934, 0.0 ], [ 77.903824771272369, 15.40261018594216, 0.0 ], [ 77.899212649453631, 15.401563256718619, 0.0 ], [ 77.898034320589261, 15.401360733584291, 0.0 ], [ 77.893439839145543, 15.398059711752021, 0.0 ], [ 77.891529328549836, 15.397012747010979, 0.0 ], [ 77.88695412539866, 15.39506050876855, 0.0 ], [ 77.885277612933606, 15.393208150956401, 0.0 ], [ 77.885594584571322, 15.391538111588661, 0.0 ], [ 77.88895946800379, 15.390152616052671, 0.0 ], [ 77.891022254866044, 15.386703609343609, 0.0 ], [ 77.892070696555407, 15.381373401592739, 0.0 ], [ 77.891578659750465, 15.379154526805671, 0.0 ], [ 77.893624645843971, 15.37523338412594, 0.0 ], [ 77.894065574377379, 15.37477461447345, 0.0 ], [ 77.899575982667017, 15.37243997132952, 0.0 ], [ 77.902067757906281, 15.37185969810618, 0.0 ], [ 77.907962248514906, 15.372303847840721, 0.0 ], [ 77.91155464599899, 15.370377953882031, 0.0 ], [ 77.91150036772413, 15.36957684251607, 0.0 ], [ 77.91329027250481, 15.369063288972811, 0.0 ] ] ] } },
{ "type": "Feature", "properties": { "Name": "1", "description": null, "timestamp": null, "begin": null, "end": null, "altitudeMode": null, "tessellate": 1, "extrude": 0, "visibility": -1, "drawOrder": null, "icon": null, "Layer": null, "SubClasses": null, "ExtendedEntity": null, "Linetype": null, "EntityHandle": null, "Text": null }, "geometry": { "type": "Polygon", "coordinates": [ [ [ 78.00435392019466, 15.48372620370025, 0.0 ], [ 78.00302008831585, 15.482709219771129, 0.0 ], [ 78.002761183595993, 15.4846623634377, 0.0 ], [ 78.00140313191676, 15.48530184597041, 0.0 ], [ 78.000540323457074, 15.485754460489421, 0.0 ], [ 77.997090763045648, 15.485334964631321, 0.0 ], [ 77.995871334211387, 15.48485729817709, 0.0 ], [ 77.989307902076163, 15.482616923199579, 0.0 ], [ 77.98361228788427, 15.47916599655308, 0.0 ], [ 77.983520048993256, 15.478070867108221, 0.0 ], [ 77.984941082610035, 15.477945177339191, 0.0 ], [ 77.985475136197664, 15.47636025813101, 0.0 ], [ 77.985222548287169, 15.47475460718087, 0.0 ], [ 77.983464035893647, 15.473690901644559, 0.0 ], [ 77.982868126555346, 15.47147987311588, 0.0 ], [ 77.982655376041947, 15.470783888532191, 0.0 ], [ 77.982084775539647, 15.47027808352855, 0.0 ], [ 77.98235191641237, 15.469444208373989, 0.0 ], [ 77.982998377841469, 15.46911518686753, 0.0 ], [ 77.983029080513504, 15.46836898511485, 0.0 ], [ 77.984339953673185, 15.468837516143619, 0.0 ], [ 77.985942097693083, 15.46869669751281, 0.0 ], [ 77.986216438016456, 15.46865060207756, 0.0 ], [ 77.987483136344125, 15.46897978654483, 0.0 ], [ 77.988430622632279, 15.4698326116199, 0.0 ], [ 77.988430612593561, 15.46986626052567, 0.0 ], [ 77.990258415232447, 15.4699819541185, 0.0 ], [ 77.991656335155653, 15.4699870937879, 0.0 ], [ 77.992999753232155, 15.470384745692019, 0.0 ], [ 77.995712192618925, 15.46963798105576, 0.0 ], [ 77.99587362486308, 15.46898702256474, 0.0 ], [ 77.996755180754789, 15.468656072961879, 0.0 ], [ 77.997514663674707, 15.46917502800069, 0.0 ], [ 77.997742388877739, 15.46884546445996, 0.0 ], [ 77.998616496235414, 15.469280047481369, 0.0 ], [ 77.99932291061323, 15.469610330719339, 0.0 ], [ 78.000628376203139, 15.469499508743191, 0.0 ], [ 78.002210679756331, 15.46930290609934, 0.0 ], [ 78.002841345764438, 15.470159813539791, 0.0 ], [ 78.004147312779409, 15.46937400805237, 0.0 ], [ 78.003027369819094, 15.46840021084277, 0.0 ], [ 78.00252373719816, 15.46701137269083, 0.0 ], [ 78.004860953831383, 15.466774249123009, 0.0 ], [ 78.005769025920046, 15.466010421362659, 0.0 ], [ 78.009347828886959, 15.46669536056309, 0.0 ], [ 78.01085576849826, 15.468660291946771, 0.0 ], [ 78.01287166879591, 15.46867155508362, 0.0 ], [ 78.016930169659418, 15.468651108636889, 0.0 ], [ 78.020047265405069, 15.469127063069481, 0.0 ], [ 78.021735, 15.471674, 0.0 ], [ 78.023803100164457, 15.472370418627341, 0.0 ], [ 78.027789963495351, 15.471271592210091, 0.0 ], [ 78.028793787315607, 15.47027804350563, 0.0 ], [ 78.028630450048311, 15.46955597776766, 0.0 ], [ 78.030083630440473, 15.46930371808536, 0.0 ], [ 78.032932428482894, 15.47164111216247, 0.0 ], [ 78.036577671896353, 15.472727086415389, 0.0 ], [ 78.039034623145923, 15.47422253193473, 0.0 ], [ 78.042507344492776, 15.473024140638429, 0.0 ], [ 78.043607795449091, 15.473982941581699, 0.0 ], [ 78.045470624797815, 15.47732544593433, 0.0 ], [ 78.047510223192603, 15.477951474346961, 0.0 ], [ 78.051573321356628, 15.477114740398299, 0.0 ], [ 78.052842006237384, 15.47824346168677, 0.0 ], [ 78.05349859565807, 15.479306843211511, 0.0 ], [ 78.05361082927341, 15.48094855905296, 0.0 ], [ 78.051653392961697, 15.484025265316051, 0.0 ], [ 78.0502761141734, 15.49088776672863, 0.0 ], [ 78.049595443844581, 15.492405844476069, 0.0 ], [ 78.048944573120679, 15.49803042193137, 0.0 ], [ 78.048311565774242, 15.49804637906742, 0.0 ], [ 78.048119982519296, 15.496562084315739, 0.0 ], [ 78.047408264478292, 15.49669818942316, 0.0 ], [ 78.046999109026061, 15.49525741333427, 0.0 ], [ 78.045877220856809, 15.49547447086324, 0.0 ], [ 78.041739973793568, 15.4932232019751, 0.0 ], [ 78.039990821500723, 15.492888417294161, 0.0 ], [ 78.037673286118249, 15.49319259359743, 0.0 ], [ 78.037103431811204, 15.491954886299901, 0.0 ], [ 78.034327242491926, 15.48899710929247, 0.0 ], [ 78.033880443118832, 15.48714245566056, 0.0 ], [ 78.035850816923528, 15.48576956743814, 0.0 ], [ 78.036040752920371, 15.485432550386429, 0.0 ], [ 78.039917763017158, 15.48440090466322, 0.0 ], [ 78.042003617905635, 15.483508158553621, 0.0 ], [ 78.043137598979314, 15.484006749927079, 0.0 ], [ 78.046525737159698, 15.48214728683965, 0.0 ], [ 78.043807348621058, 15.48265289708557, 0.0 ], [ 78.041809745702267, 15.48274088546072, 0.0 ], [ 78.041538220053397, 15.482638199991269, 0.0 ], [ 78.040646795896834, 15.482416179848951, 0.0 ], [ 78.040278684994504, 15.480352158019491, 0.0 ], [ 78.039530462770031, 15.480777513484391, 0.0 ], [ 78.039591935966655, 15.48212457663074, 0.0 ], [ 78.038901327812951, 15.48368332828171, 0.0 ], [ 78.036675174522173, 15.48412204873854, 0.0 ], [ 78.036387592761983, 15.48357988149977, 0.0 ], [ 78.035607007706233, 15.483927576598701, 0.0 ], [ 78.035085041878048, 15.484932133480269, 0.0 ], [ 78.034205757489431, 15.48568219042402, 0.0 ], [ 78.033491535879421, 15.48589456519041, 0.0 ], [ 78.030776928640165, 15.48484955097679, 0.0 ], [ 78.030165688676973, 15.48440773608379, 0.0 ], [ 78.030099967160353, 15.48369104274688, 0.0 ], [ 78.028770666282796, 15.483573507468281, 0.0 ], [ 78.027964683131898, 15.482952006197831, 0.0 ], [ 78.028153595035718, 15.48177120823793, 0.0 ], [ 78.026625017419292, 15.481719127843521, 0.0 ], [ 78.025576032692996, 15.485909024384631, 0.0 ], [ 78.025515801765181, 15.48638485313178, 0.0 ], [ 78.025592671513479, 15.48726581394399, 0.0 ], [ 78.028269213223837, 15.48777267754847, 0.0 ], [ 78.028401325537871, 15.48820813022432, 0.0 ], [ 78.028777535893582, 15.487783384795341, 0.0 ], [ 78.030605008578576, 15.48770090520666, 0.0 ], [ 78.035695089158281, 15.49694592584194, 0.0 ], [ 78.037247436614805, 15.497819349621929, 0.0 ], [ 78.038134141309428, 15.50021781021197, 0.0 ], [ 78.031629503264597, 15.500201987838899, 0.0 ], [ 78.029282406812982, 15.50013699049935, 0.0 ], [ 78.023635949394532, 15.500179977193509, 0.0 ], [ 78.019181268083386, 15.5001909814003, 0.0 ], [ 78.009986883685116, 15.50017684594741, 0.0 ], [ 78.00540384820809, 15.500118493086619, 0.0 ], [ 78.004947130200051, 15.499041735344059, 0.0 ], [ 78.004976383053858, 15.498705481878989, 0.0 ], [ 78.006428775506109, 15.4960726185443, 0.0 ], [ 78.006249232245622, 15.494289600736289, 0.0 ], [ 78.007975029682257, 15.49222792148956, 0.0 ], [ 78.007385575144525, 15.49125913095706, 0.0 ], [ 78.005001439303115, 15.490596236895851, 0.0 ], [ 78.002766386173562, 15.4901759968281, 0.0 ], [ 78.001276204265551, 15.489566027983781, 0.0 ], [ 78.00194068228366, 15.48947797120336, 0.0 ], [ 78.001625712134711, 15.487291968529769, 0.0 ], [ 78.001025233750397, 15.487426315291129, 0.0 ], [ 78.001033121292352, 15.48650206514313, 0.0 ], [ 78.00305921458785, 15.485239513056721, 0.0 ], [ 78.00435392019466, 15.48372620370025, 0.0 ] ] ] } },
{ "type": "Feature", "properties": { "Name": "1", "description": null, "timestamp": null, "begin": null, "end": null, "altitudeMode": null, "tessellate": 1, "extrude": 0, "visibility": -1, "drawOrder": null, "icon": null, "Layer": null, "SubClasses": null, "ExtendedEntity": null, "Linetype": null, "EntityHandle": null, "Text": null }, "geometry": { "type": "Polygon", "coordinates": [ [ [ 78.169397761462918, 15.49963471519219, 0.0 ], [ 78.159833402715066, 15.499821442792459, 0.0 ], [ 78.133959742665638, 15.49976678274774, 0.0 ], [ 78.12656366262388, 15.499847006605259, 0.0 ], [ 78.111491646709197, 15.499832538773459, 0.0 ], [ 78.112537055524427, 15.495006510401661, 0.0 ], [ 78.110930471819202, 15.493267361535571, 0.0 ], [ 78.107176534189492, 15.491143943070149, 0.0 ], [ 78.103350515161338, 15.489223054088541, 0.0 ], [ 78.097412070182031, 15.48782234893563, 0.0 ], [ 78.096155798577058, 15.48640748554379, 0.0 ], [ 78.089383638240264, 15.48648632423925, 0.0 ], [ 78.089280163844705, 15.487273303811991, 0.0 ], [ 78.085013217287084, 15.48838540243973, 0.0 ], [ 78.082561502058624, 15.492918865228759, 0.0 ], [ 78.078031549961679, 15.492397752346569, 0.0 ], [ 78.077757985700018, 15.483838144406629, 0.0 ], [ 78.07426432333763, 15.477223787359209, 0.0 ], [ 78.070784565357357, 15.47547058302418, 0.0 ], [ 78.065864726070018, 15.4781297369644, 0.0 ], [ 78.065136927105243, 15.47805686773008, 0.0 ], [ 78.063612982657745, 15.47932970125713, 0.0 ], [ 78.062077977705258, 15.47514245078208, 0.0 ], [ 78.062005153788007, 15.474518093946321, 0.0 ], [ 78.060850188883848, 15.472946461624829, 0.0 ], [ 78.063205011405586, 15.47152955524067, 0.0 ], [ 78.069299720870461, 15.465944522581839, 0.0 ], [ 78.072808439531826, 15.466820851445849, 0.0 ], [ 78.074681779394425, 15.46683099523322, 0.0 ], [ 78.075703258722612, 15.46529046745203, 0.0 ], [ 78.08006817966023, 15.464403307040291, 0.0 ], [ 78.080672426780879, 15.46381827653685, 0.0 ], [ 78.08073235297681, 15.461828549152299, 0.0 ], [ 78.081491507819024, 15.458849446802789, 0.0 ], [ 78.085292110472764, 15.45847992059039, 0.0 ], [ 78.086550513996997, 15.457909570022011, 0.0 ], [ 78.08539183117351, 15.456901225292089, 0.0 ], [ 78.084255271635996, 15.45465947312525, 0.0 ], [ 78.087908695348219, 15.454912969391691, 0.0 ], [ 78.091443302916517, 15.45475227292979, 0.0 ], [ 78.094086624323111, 15.455626223675941, 0.0 ], [ 78.098220310011598, 15.46338667046555, 0.0 ], [ 78.096499441184278, 15.4639123083077, 0.0 ], [ 78.09914470496274, 15.46540132784599, 0.0 ], [ 78.102700976913141, 15.46506601655542, 0.0 ], [ 78.103859002744699, 15.46685868991506, 0.0 ], [ 78.103524913345581, 15.4700773624461, 0.0 ], [ 78.102514656736659, 15.47065959828287, 0.0 ], [ 78.102028227931783, 15.472197422256871, 0.0 ], [ 78.105113096419558, 15.47155389372338, 0.0 ], [ 78.106272219432313, 15.47310616886179, 0.0 ], [ 78.1122229842059, 15.47226729930264, 0.0 ], [ 78.114027078539607, 15.475228411649439, 0.0 ], [ 78.113903660973776, 15.478308106049511, 0.0 ], [ 78.110526660180994, 15.47921071551915, 0.0 ], [ 78.108077909265063, 15.482265063688789, 0.0 ], [ 78.106261058991109, 15.48597971833061, 0.0 ], [ 78.102562122690301, 15.48333493513047, 0.0 ], [ 78.102766285956093, 15.48325442432018, 0.0 ], [ 78.102295493951544, 15.48405595329573, 0.0 ], [ 78.104278504349949, 15.487269352708431, 0.0 ], [ 78.112177564932949, 15.486336872000891, 0.0 ], [ 78.113865912128688, 15.48784387235685, 0.0 ], [ 78.117374229819944, 15.487871358742559, 0.0 ], [ 78.119391174398032, 15.49001973901064, 0.0 ], [ 78.12127265011101, 15.493295873714549, 0.0 ], [ 78.128214079980467, 15.496075763459229, 0.0 ], [ 78.129321543130473, 15.495542346355061, 0.0 ], [ 78.130306666725645, 15.49393225068078, 0.0 ], [ 78.133469099201562, 15.493931836989001, 0.0 ], [ 78.137056920084362, 15.490904096089769, 0.0 ], [ 78.142574469439552, 15.490570313035301, 0.0 ], [ 78.152985179216188, 15.48595612743893, 0.0 ], [ 78.156935180089079, 15.48823379228129, 0.0 ], [ 78.158298219275395, 15.48894061551578, 0.0 ], [ 78.161614337470212, 15.48945853945229, 0.0 ], [ 78.16281891267775, 15.491212263104311, 0.0 ], [ 78.163970836680917, 15.491230434411561, 0.0 ], [ 78.166301435073947, 15.495076302798079, 0.0 ], [ 78.165024638778263, 15.496814216569421, 0.0 ], [ 78.168339334968366, 15.49792092794489, 0.0 ], [ 78.168806325527854, 15.49754509549426, 0.0 ], [ 78.169728080838325, 15.499345348890181, 0.0 ], [ 78.169397761462918, 15.49963471519219, 0.0 ] ] ] } },
{ "type": "Feature", "properties": { "Name": "1", "description": null, "timestamp": null, "begin": null, "end": null, "altitudeMode": null, "tessellate": 1, "extrude": 0, "visibility": -1, "drawOrder": null, "icon": null, "Layer": null, "SubClasses": null, "ExtendedEntity": null, "Linetype": null, "EntityHandle": null, "Text": null }, "geometry": { "type": "Polygon", "coordinates": [ [ [ 78.238865024305028, 14.24330419724884, 0.0 ], [ 78.24110776686598, 14.223702871610071, 0.0 ], [ 78.258322288520986, 14.194611949374011, 0.0 ], [ 78.301225059946432, 14.164641299242581, 0.0 ], [ 78.322212113058114, 14.162358932770671, 0.0 ], [ 78.312065891778985, 14.192956725141199, 0.0 ], [ 78.305549082158308, 14.219443408457041, 0.0 ], [ 78.308017665327398, 14.24259768846524, 0.0 ], [ 78.325025040362419, 14.249306068791491, 0.0 ], [ 78.364865108858183, 14.25061146965632, 0.0 ], [ 78.345715464228334, 14.28126295545483, 0.0 ], [ 78.309644641031241, 14.28070919561979, 0.0 ], [ 78.296466621334218, 14.280806614234139, 0.0 ], [ 78.297707236735263, 14.272311375900641, 0.0 ], [ 78.299837990708028, 14.26321943387274, 0.0 ], [ 78.273245131122479, 14.269454003137909, 0.0 ], [ 78.246593986652726, 14.278192840952521, 0.0 ], [ 78.252199306088485, 14.29597180101446, 0.0 ], [ 78.215931498946603, 14.297504674364911, 0.0 ], [ 78.20660441000328, 14.284189932681979, 0.0 ], [ 78.201000461598554, 14.25486045521132, 0.0 ], [ 78.238865024305028, 14.24330419724884, 0.0 ] ] ] } },
{ "type": "Feature", "properties": { "Name": "1", "description": null, "timestamp": null, "begin": null, "end": null, "altitudeMode": null, "tessellate": 1, "extrude": 0, "visibility": -1, "drawOrder": null, "icon": null, "Layer": null, "SubClasses": null, "ExtendedEntity": null, "Linetype": null, "EntityHandle": null, "Text": null }, "geometry": { "type": "Polygon", "coordinates": [ [ [ 78.120242362850703, 14.26622874726946, 0.0 ], [ 78.167146847132969, 14.257961319367141, 0.0 ], [ 78.192753792357308, 14.25724008734765, 0.0 ], [ 78.202274762028523, 14.28078742388819, 0.0 ], [ 78.200630435537647, 14.28743516140135, 0.0 ], [ 78.192749025687618, 14.27297837245043, 0.0 ], [ 78.170876761378423, 14.27060696589125, 0.0 ], [ 78.147493252886107, 14.27907904330301, 0.0 ], [ 78.144074388629662, 14.294645021625101, 0.0 ], [ 78.149790067968567, 14.30544733054143, 0.0 ], [ 78.190869190801521, 14.29508766408515, 0.0 ], [ 78.20962815878886, 14.29587391278061, 0.0 ], [ 78.206037317883414, 14.311002695162779, 0.0 ], [ 78.122684367009867, 14.343823001088889, 0.0 ], [ 78.112696074123292, 14.27179355702452, 0.0 ], [ 78.120242362850703, 14.26622874726946, 0.0 ] ] ] } },
{ "type": "Feature", "properties": { "Name": "1", "description": null, "timestamp": null, "begin": null, "end": null, "altitudeMode": null, "tessellate": 1, "extrude": 0, "visibility": -1, "drawOrder": null, "icon": null, "Layer": null, "SubClasses": null, "ExtendedEntity": null, "Linetype": null, "EntityHandle": null, "Text": null }, "geometry": { "type": "Polygon", "coordinates": [ [ [ 78.23209089870754, 14.15359255456814, 0.0 ], [ 78.244703795084135, 14.132557148466439, 0.0 ], [ 78.235793115087404, 14.118614391683179, 0.0 ], [ 78.227625233952637, 14.107297036224621, 0.0 ], [ 78.237234057357966, 14.105368014468111, 0.0 ], [ 78.29386366476389, 14.076532299030101, 0.0 ], [ 78.322296856227595, 14.06973856004578, 0.0 ], [ 78.321331482610944, 14.0973072467101, 0.0 ], [ 78.295602566491397, 14.11226182899993, 0.0 ], [ 78.28943328018849, 14.12885594253618, 0.0 ], [ 78.265439410185223, 14.15983486274032, 0.0 ], [ 78.254194715362345, 14.1750675855665, 0.0 ], [ 78.217717794702281, 14.18215221100432, 0.0 ], [ 78.212053921410387, 14.16017170695855, 0.0 ], [ 78.23209089870754, 14.15359255456814, 0.0 ] ] ] } },
{ "type": "Feature", "properties": { "Name": "1", "description": null, "timestamp": null, "begin": null, "end": null, "altitudeMode": null, "tessellate": 1, "extrude": 0, "visibility": -1, "drawOrder": null, "icon": null, "Layer": null, "SubClasses": null, "ExtendedEntity": null, "Linetype": null, "EntityHandle": null, "Text": null }, "geometry": { "type": "Polygon", "coordinates": [ [ [ 78.358874659231873, 14.14121069272627, 0.0 ], [ 78.366782834703741, 14.12006480999605, 0.0 ], [ 78.351644325395966, 14.091313936357841, 0.0 ], [ 78.359823463793731, 14.07222320313903, 0.0 ], [ 78.383433960154264, 14.058995570672071, 0.0 ], [ 78.385165030516006, 14.061009714719489, 0.0 ], [ 78.401449659801528, 14.05962321410358, 0.0 ], [ 78.429083879542745, 14.0621536956713, 0.0 ], [ 78.436419606048062, 14.074412883402101, 0.0 ], [ 78.43416233842909, 14.105853339596759, 0.0 ], [ 78.415635370373352, 14.13417348723225, 0.0 ], [ 78.396977687308734, 14.13585290066205, 0.0 ], [ 78.394777286589118, 14.148565695101331, 0.0 ], [ 78.38466434460841, 14.16744723565472, 0.0 ], [ 78.34391878397345, 14.159001781049019, 0.0 ], [ 78.358874659231873, 14.14121069272627, 0.0 ] ] ] } },
{ "type": "Feature", "properties": { "Name": "1", "description": null, "timestamp": null, "begin": null, "end": null, "altitudeMode": null, "tessellate": 1, "extrude": 0, "visibility": -1, "drawOrder": null, "icon": null, "Layer": null, "SubClasses": null, "ExtendedEntity": null, "Linetype": null, "EntityHandle": null, "Text": null }, "geometry": { "type": "Polygon", "coordinates": [ [ [ 79.337945068728246, 15.786498876771949, 0.0 ], [ 79.341264035730021, 15.786245857039241, 0.0 ], [ 79.347444119811044, 15.784115887185891, 0.0 ], [ 79.349612928277423, 15.78736759202695, 0.0 ], [ 79.351476790889507, 15.78962238509073, 0.0 ], [ 79.352178781591732, 15.78828358835943, 0.0 ], [ 79.355210916131085, 15.788692418273699, 0.0 ], [ 79.3591082117957, 15.787299066872659, 0.0 ], [ 79.360247753906592, 15.78852976260173, 0.0 ], [ 79.356766633701511, 15.79129089155537, 0.0 ], [ 79.358064724041157, 15.794411883876791, 0.0 ], [ 79.35965009263947, 15.79385024227491, 0.0 ], [ 79.361258651018005, 15.79778207289792, 0.0 ], [ 79.360333284283087, 15.799489485093719, 0.0 ], [ 79.357429143198914, 15.80208486397339, 0.0 ], [ 79.355839344323698, 15.8060614348784, 0.0 ], [ 79.352062541308896, 15.81460888383312, 0.0 ], [ 79.349212833081111, 15.81315760476889, 0.0 ], [ 79.34730271753098, 15.81092428922452, 0.0 ], [ 79.343817461074764, 15.80716743729379, 0.0 ], [ 79.342208023582614, 15.806243428091941, 0.0 ], [ 79.333419237670299, 15.80472588034795, 0.0 ], [ 79.329357681700657, 15.800913793074089, 0.0 ], [ 79.330555200406167, 15.79437722948593, 0.0 ], [ 79.335788191260775, 15.787438236738049, 0.0 ], [ 79.337945068728246, 15.786498876771949, 0.0 ] ] ] } },
{ "type": "Feature", "properties": { "Name": "1", "description": null, "timestamp": null, "begin": null, "end": null, "altitudeMode": null, "tessellate": 1, "extrude": 0, "visibility": -1, "drawOrder": null, "icon": null, "Layer": null, "SubClasses": null, "ExtendedEntity": null, "Linetype": null, "EntityHandle": null, "Text": null }, "geometry": { "type": "Polygon", "coordinates": [ [ [ 79.392557657112917, 15.82824301929427, 0.0 ], [ 79.387767300824393, 15.81839807060736, 0.0 ], [ 79.39733274852793, 15.81512066534245, 0.0 ], [ 79.414795751363343, 15.804237686829889, 0.0 ], [ 79.418750434277612, 15.794010338074321, 0.0 ], [ 79.428835985242969, 15.7933593918666, 0.0 ], [ 79.434289066990715, 15.806601815168969, 0.0 ], [ 79.443971791510364, 15.822863906301681, 0.0 ], [ 79.454879102977216, 15.81722208512994, 0.0 ], [ 79.461832028866326, 15.830731629209289, 0.0 ], [ 79.448315200442806, 15.840031762548969, 0.0 ], [ 79.455960244035467, 15.84987264007338, 0.0 ], [ 79.420791597421243, 15.85921831493352, 0.0 ], [ 79.410828242417963, 15.851352806544471, 0.0 ], [ 79.393488637012922, 15.83980355476462, 0.0 ], [ 79.387740382993755, 15.852551346831451, 0.0 ], [ 79.381042921330007, 15.854787448017049, 0.0 ], [ 79.374928665462463, 15.84019238209088, 0.0 ], [ 79.392557657112917, 15.82824301929427, 0.0 ] ] ] } },
{ "type": "Feature", "properties": { "Name": "1", "description": null, "timestamp": null, "begin": null, "end": null, "altitudeMode": null, "tessellate": -1, "extrude": 0, "visibility": -1, "drawOrder": null, "icon": null, "Layer": "Park Boundary", "SubClasses": "AcDbEntity:AcDbPolyline", "ExtendedEntity": null, "Linetype": null, "EntityHandle": "294", "Text": null }, "geometry": { "type": "LineString", "coordinates": [ [ 79.291848172935005, 15.251441883371101, 0.0 ], [ 79.292058276150499, 15.252216013519901, 0.0 ], [ 79.292840189961098, 15.252576059911, 0.0 ], [ 79.293775800458306, 15.2518042032643, 0.0 ], [ 79.293955983596007, 15.2518692901807, 0.0 ], [ 79.2942519986224, 15.2518177866081, 0.0 ], [ 79.294236463923397, 15.251689861671601, 0.0 ], [ 79.294634162527203, 15.251547899832801, 0.0 ], [ 79.295756140088002, 15.251714757758601, 0.0 ], [ 79.295423162169598, 15.2538751453215, 0.0 ], [ 79.2951665689545, 15.254329862399899, 0.0 ], [ 79.294986272709906, 15.255907073889301, 0.0 ], [ 79.295214540947796, 15.256707240958001, 0.0 ], [ 79.295426332863499, 15.257067194454301, 0.0 ], [ 79.294775636707996, 15.256985451953099, 0.0 ], [ 79.294659082464705, 15.2573560545719, 0.0 ], [ 79.294712260114494, 15.257604842355301, 0.0 ], [ 79.294174919969706, 15.2597114721369, 0.0 ], [ 79.294138998626707, 15.26058533084, 0.0 ], [ 79.292083548179093, 15.260775495282299, 0.0 ], [ 79.291809846414395, 15.261165621774399, 0.0 ], [ 79.291692689491697, 15.261070062725301, 0.0 ], [ 79.291339433782795, 15.261094345150701, 0.0 ], [ 79.289841252717594, 15.2616977497983, 0.0 ], [ 79.289841252717594, 15.2616977497983, 0.0 ], [ 79.288857165884295, 15.261158726024499, 0.0 ], [ 79.288436818517695, 15.261290615178201, 0.0 ], [ 79.287337532348204, 15.262805512981499, 0.0 ], [ 79.286628297561904, 15.263033795759499, 0.0 ], [ 79.286387412486206, 15.263328063162, 0.0 ], [ 79.286478888732603, 15.2638778534754, 0.0 ], [ 79.286933217973896, 15.264414551523901, 0.0 ], [ 79.284292649298095, 15.263943481393699, 0.0 ], [ 79.283173800526697, 15.2627225454998, 0.0 ], [ 79.283172842983006, 15.260953117961099, 0.0 ], [ 79.283172842983006, 15.260953117961099, 0.0 ], [ 79.283652377846295, 15.2605807659136, 0.0 ], [ 79.284530414385301, 15.2601232130499, 0.0 ], [ 79.284738164091095, 15.259795887111199, 0.0 ], [ 79.2848947206449, 15.259472805722799, 0.0 ], [ 79.285390122896501, 15.258428476611201, 0.0 ], [ 79.285936833270597, 15.257646258027201, 0.0 ], [ 79.285936833270597, 15.257646258027201, 0.0 ], [ 79.286752206544705, 15.2565953782173, 0.0 ], [ 79.286752206544705, 15.2565953782173, 0.0 ], [ 79.286927405212694, 15.2562008215149, 0.0 ], [ 79.287240436793994, 15.255635486604801, 0.0 ], [ 79.287711725671002, 15.253834216731599, 0.0 ], [ 79.288597231776507, 15.251695721898299, 0.0 ], [ 79.288597231776507, 15.251695721898299, 0.0 ], [ 79.289548570636001, 15.2515682481509, 0.0 ], [ 79.291121533937797, 15.2513213650449, 0.0 ], [ 79.291848172935005, 15.251441883371101, 0.0 ] ] } },
{ "type": "Feature", "properties": { "Name": "1", "description": null, "timestamp": null, "begin": null, "end": null, "altitudeMode": null, "tessellate": -1, "extrude": 0, "visibility": -1, "drawOrder": null, "icon": null, "Layer": "Park Boundary", "SubClasses": "AcDbEntity:AcDbPolyline", "ExtendedEntity": null, "Linetype": null, "EntityHandle": "295", "Text": null }, "geometry": { "type": "LineString", "coordinates": [ [ 79.293260959816607, 15.2659968869031, 0.0 ], [ 79.291757597996295, 15.2668645058849, 0.0 ], [ 79.290938388701306, 15.267206400062699, 0.0 ], [ 79.290182756192607, 15.267493727013401, 0.0 ], [ 79.289908894346596, 15.2675254086737, 0.0 ], [ 79.289485839665801, 15.2680163225198, 0.0 ], [ 79.289391791299593, 15.268571931081601, 0.0 ], [ 79.289541466046501, 15.2695666390653, 0.0 ], [ 79.288977996118902, 15.270810397589001, 0.0 ], [ 79.289279261817995, 15.2716741501589, 0.0 ], [ 79.288900729953895, 15.2719533760016, 0.0 ], [ 79.289189002442001, 15.273506473833301, 0.0 ], [ 79.288966202847703, 15.274309326960299, 0.0 ], [ 79.289106330741802, 15.274377435581201, 0.0 ], [ 79.289468072746004, 15.275456444508601, 0.0 ], [ 79.289432879783902, 15.276029743157199, 0.0 ], [ 79.290629467738697, 15.275527572793701, 0.0 ], [ 79.290616441849707, 15.2759259362407, 0.0 ], [ 79.290684208014696, 15.2761790896151, 0.0 ], [ 79.291017980647993, 15.2765475235912, 0.0 ], [ 79.291240355526696, 15.276598758245401, 0.0 ], [ 79.291466158611399, 15.277754992857201, 0.0 ], [ 79.291303123659006, 15.2779102353705, 0.0 ], [ 79.291894650581497, 15.2788460432992, 0.0 ], [ 79.292176552985197, 15.278859704646299, 0.0 ], [ 79.293385702850799, 15.278409655594601, 0.0 ], [ 79.293329241979393, 15.278286258985499, 0.0 ], [ 79.293843162175193, 15.2780884758133, 0.0 ], [ 79.293431669177593, 15.276551270932, 0.0 ], [ 79.292906562001903, 15.276613381575199, 0.0 ], [ 79.292720690421007, 15.2764811114418, 0.0 ], [ 79.292720690421007, 15.2764811114418, 0.0 ], [ 79.292554744953307, 15.276057994916499, 0.0 ], [ 79.294775672873499, 15.275524583545399, 0.0 ], [ 79.296081327106506, 15.276023571342799, 0.0 ], [ 79.297056904144199, 15.276396405754699, 0.0 ], [ 79.298144645876306, 15.2752828803226, 0.0 ], [ 79.297587443432107, 15.2736821599826, 0.0 ], [ 79.299031220135802, 15.272291835658599, 0.0 ], [ 79.298919556859005, 15.2707398669907, 0.0 ], [ 79.298478475730803, 15.271282077376201, 0.0 ], [ 79.297030622055502, 15.2724601909722, 0.0 ], [ 79.296878331555604, 15.2723033233009, 0.0 ], [ 79.296490817186793, 15.2708966792485, 0.0 ], [ 79.296728808404097, 15.2708384460165, 0.0 ], [ 79.296268617874802, 15.269406536954699, 0.0 ], [ 79.295947444591505, 15.269445221083799, 0.0 ], [ 79.295854390491996, 15.268717174349099, 0.0 ], [ 79.295610205397693, 15.2687145300973, 0.0 ], [ 79.295354495472495, 15.266955959905999, 0.0 ], [ 79.294220086471796, 15.267262283129099, 0.0 ], [ 79.293980438337499, 15.267203768803199, 0.0 ], [ 79.293260959816607, 15.2659968869031, 0.0 ] ] } },
{ "type": "Feature", "properties": { "Name": "1", "description": null, "timestamp": null, "begin": null, "end": null, "altitudeMode": null, "tessellate": -1, "extrude": 0, "visibility": -1, "drawOrder": null, "icon": null, "Layer": "Park Boundary", "SubClasses": "AcDbEntity:AcDbPolyline", "ExtendedEntity": null, "Linetype": null, "EntityHandle": "296", "Text": null }, "geometry": { "type": "LineString", "coordinates": [ [ 79.329912467377994, 15.274274023906401, 0.0 ], [ 79.329912467377994, 15.274274023906401, 0.0 ], [ 79.330472720462296, 15.2749596082264, 0.0 ], [ 79.329990825926203, 15.2751382203012, 0.0 ], [ 79.329405552806705, 15.2750224214334, 0.0 ], [ 79.328106593636605, 15.2765823309315, 0.0 ], [ 79.326350605744594, 15.2782133031274, 0.0 ], [ 79.325367768610803, 15.2792809309981, 0.0 ], [ 79.322767076076303, 15.2817876819489, 0.0 ], [ 79.321040219427204, 15.283258213444199, 0.0 ], [ 79.320284051280296, 15.280730269105399, 0.0 ], [ 79.318883802411605, 15.279495260399401, 0.0 ], [ 79.316784850638797, 15.2767551959831, 0.0 ], [ 79.316283624104202, 15.2761623916624, 0.0 ], [ 79.314017659256194, 15.2749356869423, 0.0 ], [ 79.307770594839695, 15.277684379136099, 0.0 ], [ 79.305988933612596, 15.27628917831, 0.0 ], [ 79.3046545030614, 15.275667855170999, 0.0 ], [ 79.302947652048303, 15.275204232416, 0.0 ], [ 79.303339535077598, 15.2748184823411, 0.0 ], [ 79.303153950762393, 15.274082069699, 0.0 ], [ 79.303373751388193, 15.2738705114052, 0.0 ], [ 79.304262891983598, 15.2734616111996, 0.0 ], [ 79.305193671733306, 15.272911675144901, 0.0 ], [ 79.305193671733306, 15.272911675144901, 0.0 ], [ 79.306358984631203, 15.2721485300114, 0.0 ], [ 79.307740451377697, 15.2716172709933, 0.0 ], [ 79.307600487754797, 15.271116028094299, 0.0 ], [ 79.307687384566407, 15.270820808843, 0.0 ], [ 79.307430221371405, 15.270401337739299, 0.0 ], [ 79.308274662708399, 15.269821106618201, 0.0 ], [ 79.308274662708399, 15.269821106618201, 0.0 ], [ 79.308068720087306, 15.269156145888701, 0.0 ], [ 79.309840546542006, 15.268507253618401, 0.0 ], [ 79.310366840721201, 15.2682700108181, 0.0 ], [ 79.312219219982794, 15.267782390475601, 0.0 ], [ 79.312249958862907, 15.267897456238501, 0.0 ], [ 79.312969403950007, 15.267723918174999, 0.0 ], [ 79.313036824311496, 15.267516834713399, 0.0 ], [ 79.313524428664806, 15.2672834990226, 0.0 ], [ 79.313653536319293, 15.2673987475461, 0.0 ], [ 79.314347858337598, 15.2672026899697, 0.0 ], [ 79.314174157209393, 15.266042840820701, 0.0 ], [ 79.315022013228798, 15.265618218088999, 0.0 ], [ 79.316130611271703, 15.265432191677, 0.0 ], [ 79.3164065467287, 15.2653890384954, 0.0 ], [ 79.316511123801902, 15.2651511858585, 0.0 ], [ 79.316915484370497, 15.265224039050899, 0.0 ], [ 79.316921832415403, 15.2654021210504, 0.0 ], [ 79.317138729773205, 15.265400253224101, 0.0 ], [ 79.317352359979495, 15.2654226384618, 0.0 ], [ 79.317355183671097, 15.265283927757199, 0.0 ], [ 79.317355183671097, 15.265283927757199, 0.0 ], [ 79.317355183671097, 15.265283927757199, 0.0 ], [ 79.317239342700404, 15.264980510617701, 0.0 ], [ 79.317239342700404, 15.264980510617701, 0.0 ], [ 79.317239342700404, 15.264980510617701, 0.0 ], [ 79.317239342700404, 15.264980510617701, 0.0 ], [ 79.317239342700404, 15.264980510617701, 0.0 ], [ 79.317239342700404, 15.264980510617701, 0.0 ], [ 79.319571938408103, 15.264061482525699, 0.0 ], [ 79.319597356904495, 15.2637576305191, 0.0 ], [ 79.319738149970107, 15.2636419643911, 0.0 ], [ 79.319883926247499, 15.2636584312908, 0.0 ], [ 79.319982740564797, 15.2639454187388, 0.0 ], [ 79.320226989895502, 15.263878012058001, 0.0 ], [ 79.320259971026701, 15.263800340766901, 0.0 ], [ 79.320502789656302, 15.263688305214099, 0.0 ], [ 79.320499206403795, 15.2636124186585, 0.0 ], [ 79.320748892868806, 15.263516845311701, 0.0 ], [ 79.320790959681304, 15.2642166691084, 0.0 ], [ 79.320842295513302, 15.264211991364601, 0.0 ], [ 79.321669173796494, 15.2639719174345, 0.0 ], [ 79.321698191797907, 15.263821437494199, 0.0 ], [ 79.321848042548396, 15.2636858595787, 0.0 ], [ 79.322128581105204, 15.2640138914853, 0.0 ], [ 79.322522988212896, 15.2644460823493, 0.0 ], [ 79.322595526687195, 15.2647165469269, 0.0 ], [ 79.323058813901298, 15.2656514918691, 0.0 ], [ 79.323398766961304, 15.2666984017697, 0.0 ], [ 79.323839661875695, 15.266494881409001, 0.0 ], [ 79.325143693231794, 15.2657861196744, 0.0 ], [ 79.325874216806, 15.266629604708299, 0.0 ], [ 79.327260957389996, 15.2661221613038, 0.0 ], [ 79.327260957389996, 15.2661221613038, 0.0 ], [ 79.327811553583103, 15.267737402429001, 0.0 ], [ 79.327811553583103, 15.267737402429001, 0.0 ], [ 79.328309462207798, 15.268311532680899, 0.0 ], [ 79.328705501996097, 15.268455785685299, 0.0 ], [ 79.329349657163505, 15.2690013142157, 0.0 ], [ 79.3296113791218, 15.2693570753686, 0.0 ], [ 79.330811371399093, 15.270606878994601, 0.0 ], [ 79.331900087972201, 15.2715950923464, 0.0 ], [ 79.331613229304594, 15.271804090353699, 0.0 ], [ 79.331029608060305, 15.2727887322566, 0.0 ], [ 79.330157251038202, 15.273543231705601, 0.0 ], [ 79.329912467377994, 15.274274023906401, 0.0 ] ] } },
{ "type": "Feature", "properties": { "Name": "1", "description": null, "timestamp": null, "begin": null, "end": null, "altitudeMode": null, "tessellate": -1, "extrude": 0, "visibility": -1, "drawOrder": null, "icon": null, "Layer": "Park Boundary", "SubClasses": "AcDbEntity:AcDbPolyline", "ExtendedEntity": null, "Linetype": null, "EntityHandle": "297", "Text": null }, "geometry": { "type": "LineString", "coordinates": [ [ 79.306001219269803, 15.2329359237093, 0.0 ], [ 79.305819092453902, 15.2329946076929, 0.0 ], [ 79.303449014772596, 15.2335986095949, 0.0 ], [ 79.301914496031301, 15.2339790615331, 0.0 ], [ 79.302479284968101, 15.233346248325599, 0.0 ], [ 79.3043262134304, 15.231837041439, 0.0 ], [ 79.309695102209105, 15.2274496623423, 0.0 ], [ 79.319173138988901, 15.225854414615499, 0.0 ], [ 79.327450531471996, 15.2233602949111, 0.0 ], [ 79.327839426511105, 15.225934733270501, 0.0 ], [ 79.328418823289994, 15.2266256341144, 0.0 ], [ 79.328929284223804, 15.229218642399699, 0.0 ], [ 79.332264259688699, 15.2285050786697, 0.0 ], [ 79.332986533614005, 15.235714110248299, 0.0 ], [ 79.333246236560299, 15.2391520750338, 0.0 ], [ 79.332734393202401, 15.2472865031145, 0.0 ], [ 79.331599312079206, 15.249803496426001, 0.0 ], [ 79.331332506710098, 15.2502965098983, 0.0 ], [ 79.330791514431098, 15.250766985583899, 0.0 ], [ 79.330111918735696, 15.252049603982, 0.0 ], [ 79.329927851168904, 15.2587262667637, 0.0 ], [ 79.325898769756193, 15.259824421406901, 0.0 ], [ 79.325448580524096, 15.257616567407601, 0.0 ], [ 79.324877592779004, 15.254854988997099, 0.0 ], [ 79.323877659884104, 15.254880972229699, 0.0 ], [ 79.322739481689396, 15.2552197115368, 0.0 ], [ 79.321751156645107, 15.2562339997832, 0.0 ], [ 79.320618740490005, 15.2547545998918, 0.0 ], [ 79.319650396157897, 15.253327387796, 0.0 ], [ 79.318513884029898, 15.251809649592399, 0.0 ], [ 79.317410082638204, 15.250287987905899, 0.0 ], [ 79.317046394418796, 15.249924890326801, 0.0 ], [ 79.316830066340998, 15.2498179698946, 0.0 ], [ 79.316766855654095, 15.2497628002104, 0.0 ], [ 79.316320538444799, 15.249626718052401, 0.0 ], [ 79.315839824015498, 15.249331264289101, 0.0 ], [ 79.314841932590397, 15.2485408133094, 0.0 ], [ 79.313493921424197, 15.2473980823289, 0.0 ], [ 79.313092326358898, 15.246837146068501, 0.0 ], [ 79.312443471168805, 15.245543669975, 0.0 ], [ 79.311937829313194, 15.2445384018226, 0.0 ], [ 79.311160734250095, 15.2430265361954, 0.0 ], [ 79.310526384192798, 15.241795092260499, 0.0 ], [ 79.310461934067007, 15.241486170876399, 0.0 ], [ 79.310138504711205, 15.240631563892199, 0.0 ], [ 79.309487930073701, 15.239414844579899, 0.0 ], [ 79.308609991770396, 15.2378000177175, 0.0 ], [ 79.306001219269803, 15.2329359237093, 0.0 ] ] } },
{ "type": "Feature", "properties": { "Name": "1", "description": null, "timestamp": null, "begin": null, "end": null, "altitudeMode": null, "tessellate": -1, "extrude": 0, "visibility": -1, "drawOrder": null, "icon": null, "Layer": "Park Boundary", "SubClasses": "AcDbEntity:AcDbPolyline", "ExtendedEntity": null, "Linetype": null, "EntityHandle": "298", "Text": null }, "geometry": { "type": "LineString", "coordinates": [ [ 79.297926671445396, 15.246155949066599, 0.0 ], [ 79.297899762197503, 15.2463947193064, 0.0 ], [ 79.297899762197503, 15.2463947193064, 0.0 ], [ 79.298153458287004, 15.246485066444601, 0.0 ], [ 79.298070681967204, 15.2474955043931, 0.0 ], [ 79.297463008521405, 15.247228882044199, 0.0 ], [ 79.297516973421196, 15.2486983866656, 0.0 ], [ 79.297365824662293, 15.248717136225901, 0.0 ], [ 79.297503052544997, 15.2501124203619, 0.0 ], [ 79.299061667676199, 15.249868491206399, 0.0 ], [ 79.299079293918197, 15.2505884340463, 0.0 ], [ 79.300725832882506, 15.250880395525201, 0.0 ], [ 79.300818473171901, 15.2504262097435, 0.0 ], [ 79.300923410228805, 15.249269604753399, 0.0 ], [ 79.300986175675106, 15.2480411388746, 0.0 ], [ 79.303763457184402, 15.2479916388461, 0.0 ], [ 79.3028723895426, 15.246883673326, 0.0 ], [ 79.302739989305195, 15.246495727351499, 0.0 ], [ 79.3022315372626, 15.244718314167001, 0.0 ], [ 79.300985315810493, 15.244678035183, 0.0 ], [ 79.301149531131799, 15.2424398785449, 0.0 ], [ 79.301689643795797, 15.2423935675611, 0.0 ], [ 79.301686674503898, 15.2413148800896, 0.0 ], [ 79.301583505566398, 15.2388442559011, 0.0 ], [ 79.301365350085902, 15.236310906157099, 0.0 ], [ 79.300901978701006, 15.2363719100721, 0.0 ], [ 79.300779532627303, 15.237070844568599, 0.0 ], [ 79.300593693881595, 15.237249492878499, 0.0 ], [ 79.3004059960288, 15.237240358003101, 0.0 ], [ 79.299807883345807, 15.2380396237133, 0.0 ], [ 79.299384334046707, 15.2395209977158, 0.0 ], [ 79.299384334046707, 15.2395209977158, 0.0 ], [ 79.299284166493806, 15.240906442092101, 0.0 ], [ 79.299494539789507, 15.242495265319301, 0.0 ], [ 79.298562741199703, 15.242456979078201, 0.0 ], [ 79.298676194907998, 15.244427327701599, 0.0 ], [ 79.295701499650207, 15.2452028742709, 0.0 ], [ 79.295728995321298, 15.245676939556899, 0.0 ], [ 79.297339006278193, 15.245807060379599, 0.0 ], [ 79.297926671445396, 15.246155949066599, 0.0 ] ] } },
{ "type": "Feature", "properties": { "Name": "1", "description": null, "timestamp": null, "begin": null, "end": null, "altitudeMode": null, "tessellate": 1, "extrude": 0, "visibility": -1, "drawOrder": null, "icon": null, "Layer": null, "SubClasses": null, "ExtendedEntity": null, "Linetype": null, "EntityHandle": null, "Text": null }, "geometry": { "type": "Polygon", "coordinates": [ [ [ 78.898022726279535, 14.926505709520519, 0.0 ], [ 78.967412143670359, 14.96254977704916, 0.0 ], [ 78.983447161167462, 15.016215361088911, 0.0 ], [ 78.966794348416599, 15.05404721298606, 0.0 ], [ 78.949521210275037, 15.088890077646241, 0.0 ], [ 78.91405174697941, 15.094244520272801, 0.0 ], [ 78.864825432326242, 15.037665303903371, 0.0 ], [ 78.898022726279535, 14.926505709520519, 0.0 ] ] ] } },
{ "type": "Feature", "properties": { "Name": "1", "description": null, "timestamp": null, "begin": null, "end": null, "altitudeMode": null, "tessellate": 1, "extrude": 0, "visibility": -1, "drawOrder": null, "icon": null, "Layer": null, "SubClasses": null, "ExtendedEntity": null, "Linetype": null, "EntityHandle": null, "Text": null }, "geometry": { "type": "Polygon", "coordinates": [ [ [ 79.468230751702748, 15.66772602303404, 0.0 ], [ 79.53645623608621, 15.642039090726939, 0.0 ], [ 79.608918550047932, 15.62610130648128, 0.0 ], [ 79.63550762758419, 15.68096071503544, 0.0 ], [ 79.614238289767925, 15.721492153835349, 0.0 ], [ 79.567836522144034, 15.748132196589159, 0.0 ], [ 79.5033368914996, 15.74130966105202, 0.0 ], [ 79.429515144413401, 15.69543489369223, 0.0 ], [ 79.468230751702748, 15.66772602303404, 0.0 ] ] ] } },
{ "type": "Feature", "properties": { "Name": "1", "description": null, "timestamp": null, "begin": null, "end": null, "altitudeMode": null, "tessellate": 1, "extrude": 0, "visibility": -1, "drawOrder": null, "icon": null, "Layer": null, "SubClasses": null, "ExtendedEntity": null, "Linetype": null, "EntityHandle": null, "Text": null }, "geometry": { "type": "Polygon", "coordinates": [ [ [ 79.298092119366672, 15.320372781056671, 0.0 ], [ 79.315326668269677, 15.32158803255825, 0.0 ], [ 79.358770013247494, 15.310470210818931, 0.0 ], [ 79.422519144749018, 15.35753182922196, 0.0 ], [ 79.421639632331704, 15.414825401967571, 0.0 ], [ 79.347257520791999, 15.407425965278721, 0.0 ], [ 79.347078691617497, 15.40742574974972, 0.0 ], [ 79.321316325731146, 15.3824713805384, 0.0 ], [ 79.289283923673963, 15.35941915846359, 0.0 ], [ 79.298092119366672, 15.320372781056671, 0.0 ] ] ] } },
{ "type": "Feature", "properties": { "Name": "1", "description": null, "timestamp": null, "begin": null, "end": null, "altitudeMode": null, "tessellate": 1, "extrude": 0, "visibility": -1, "drawOrder": null, "icon": null, "Layer": null, "SubClasses": null, "ExtendedEntity": null, "Linetype": null, "EntityHandle": null, "Text": null }, "geometry": { "type": "Polygon", "coordinates": [ [ [ 79.385545023089719, 15.527544545414671, 0.0 ], [ 79.388231523519153, 15.50940302160773, 0.0 ], [ 79.408951668481009, 15.506021135642589, 0.0 ], [ 79.424222770945732, 15.52905633824904, 0.0 ], [ 79.445966807881263, 15.55233174215248, 0.0 ], [ 79.444778321488187, 15.5845172078382, 0.0 ], [ 79.45446786364019, 15.607529996646489, 0.0 ], [ 79.472047289718148, 15.65400716852027, 0.0 ], [ 79.426059878312842, 15.66257861841491, 0.0 ], [ 79.414289481671048, 15.61870851967511, 0.0 ], [ 79.404968167935351, 15.611274715464839, 0.0 ], [ 79.344007280618101, 15.54376558789026, 0.0 ], [ 79.385545023089719, 15.527544545414671, 0.0 ] ] ] } },
{ "type": "Feature", "properties": { "Name": "1", "description": null, "timestamp": null, "begin": null, "end": null, "altitudeMode": null, "tessellate": 1, "extrude": 0, "visibility": -1, "drawOrder": null, "icon": null, "Layer": null, "SubClasses": null, "ExtendedEntity": null, "Linetype": null, "EntityHandle": null, "Text": null }, "geometry": { "type": "Polygon", "coordinates": [ [ [ 79.281908689990274, 15.39919953204962, 0.0 ], [ 79.290693239967553, 15.40561829605806, 0.0 ], [ 79.3611292825574, 15.42361131784436, 0.0 ], [ 79.40210779160995, 15.451331490225719, 0.0 ], [ 79.386730991056794, 15.466451778834371, 0.0 ], [ 79.33358762511287, 15.526036908329401, 0.0 ], [ 79.322735813167, 15.500814710264841, 0.0 ], [ 79.282485239698488, 15.515109672201209, 0.0 ], [ 79.253585351899815, 15.491569982203099, 0.0 ], [ 79.265120392626784, 15.46367801850556, 0.0 ], [ 79.259391253614965, 15.43060569697391, 0.0 ], [ 79.281908689990274, 15.39919953204962, 0.0 ] ] ] } },
{ "type": "Feature", "properties": { "Name": "1", "description": null, "timestamp": null, "begin": null, "end": null, "altitudeMode": null, "tessellate": 1, "extrude": 0, "visibility": -1, "drawOrder": null, "icon": null, "Layer": null, "SubClasses": null, "ExtendedEntity": null, "Linetype": null, "EntityHandle": null, "Text": null }, "geometry": { "type": "Polygon", "coordinates": [ [ [ 76.876988413399161, 14.822152126391639, 0.0 ], [ 76.877057945566861, 14.842052980650219, 0.0 ], [ 76.875661069639349, 14.908090869169721, 0.0 ], [ 76.869153083141754, 14.908922797424919, 0.0 ], [ 76.868477341217215, 14.894616357852881, 0.0 ], [ 76.849521481949935, 14.89399849952648, 0.0 ], [ 76.847973813848839, 14.889404229041419, 0.0 ], [ 76.854301476600739, 14.88859109318572, 0.0 ], [ 76.854043507010346, 14.87347547327099, 0.0 ], [ 76.858276454898586, 14.86976191866454, 0.0 ], [ 76.855792892877716, 14.83406583321465, 0.0 ], [ 76.855428983006831, 14.81839547129877, 0.0 ], [ 76.876988413399161, 14.822152126391639, 0.0 ] ] ] } },
{ "type": "Feature", "properties": { "Name": "1", "description": null, "timestamp": null, "begin": null, "end": null, "altitudeMode": null, "tessellate": -1, "extrude": 0, "visibility": -1, "drawOrder": null, "icon": null, "Layer": null, "SubClasses": null, "ExtendedEntity": null, "Linetype": null, "EntityHandle": null, "Text": null }, "geometry": { "type": "Polygon", "coordinates": [ [ [ 77.877695953599996, 14.685929438400001, 0.0 ], [ 77.921371602299999, 14.7411980164, 0.0 ], [ 77.874276820899993, 14.8668783636, 0.0 ], [ 77.772380559799998, 14.871639673200001, 0.0 ], [ 77.811108639, 14.729664160700001, 0.0 ], [ 77.842645665500001, 14.653644419800001, 0.0 ], [ 77.909470139299998, 14.554393147200001, 0.0 ], [ 78.034176442299994, 14.432542631700001, 0.0 ], [ 78.129546211499999, 14.350812232, 0.0 ], [ 78.221593286699999, 14.294547658500001, 0.0 ], [ 78.334696646699996, 14.262167272399999, 0.0 ], [ 78.396849569799997, 14.264625029899999, 0.0 ], [ 78.386683331200004, 14.3110909025, 0.0 ], [ 78.283153216100004, 14.3182550339, 0.0 ], [ 78.199000954900001, 14.3628036922, 0.0 ], [ 78.026979990699999, 14.5061046357, 0.0 ], [ 77.877695953599996, 14.685929438400001, 0.0 ] ] ] } },
{ "type": "Feature", "properties": { "Name": "1", "description": null, "timestamp": null, "begin": null, "end": null, "altitudeMode": null, "tessellate": -1, "extrude": 0, "visibility": -1, "drawOrder": null, "icon": null, "Layer": null, "SubClasses": null, "ExtendedEntity": null, "Linetype": null, "EntityHandle": null, "Text": null }, "geometry": { "type": "Polygon", "coordinates": [ [ [ 77.826349713400006, 14.602081994300001, 0.0 ], [ 77.833466076600004, 14.597704797700001, 0.0 ], [ 77.829302906500004, 14.588599773, 0.0 ], [ 77.829445720099997, 14.5883872415, 0.0 ], [ 77.835364108600004, 14.5842992207, 0.0 ], [ 77.842569814200004, 14.592971159399999, 0.0 ], [ 77.859335774300007, 14.591888047299999, 0.0 ], [ 77.858869552800002, 14.583703739200001, 0.0 ], [ 77.864806374500006, 14.582999601299999, 0.0 ], [ 77.866588209900002, 14.5951432, 0.0 ], [ 77.826848388900004, 14.6066995932, 0.0 ], [ 77.826349713400006, 14.602081994300001, 0.0 ] ] ] } },
{ "type": "Feature", "properties": { "Name": "1", "description": null, "timestamp": null, "begin": null, "end": null, "altitudeMode": null, "tessellate": -1, "extrude": 0, "visibility": -1, "drawOrder": null, "icon": null, "Layer": null, "SubClasses": null, "ExtendedEntity": null, "Linetype": null, "EntityHandle": null, "Text": null }, "geometry": { "type": "Polygon", "coordinates": [ [ [ 77.766522139100005, 14.5836598878, 0.0 ], [ 77.8104627644, 14.609202102499999, 0.0 ], [ 77.822258838899998, 14.6158693844, 0.0 ], [ 77.820478253600001, 14.6221592628, 0.0 ], [ 77.814496695399995, 14.6282138081, 0.0 ], [ 77.795668726599999, 14.6162243285, 0.0 ], [ 77.788843739399994, 14.625543244, 0.0 ], [ 77.779366714199995, 14.6257681677, 0.0 ], [ 77.790570070300006, 14.6125755469, 0.0 ], [ 77.759689185100001, 14.591169346299999, 0.0 ], [ 77.766522139100005, 14.5836598878, 0.0 ] ] ] } },
{ "type": "Feature", "properties": { "Name": "1", "description": null, "timestamp": null, "begin": null, "end": null, "altitudeMode": null, "tessellate": -1, "extrude": 0, "visibility": -1, "drawOrder": null, "icon": null, "Layer": null, "SubClasses": null, "ExtendedEntity": null, "Linetype": null, "EntityHandle": null, "Text": null }, "geometry": { "type": "Polygon", "coordinates": [ [ [ 77.722547919, 14.6511239234, 0.0 ], [ 77.723073971600002, 14.629767624299999, 0.0 ], [ 77.719742151800006, 14.620561221299999, 0.0 ], [ 77.726510701799995, 14.609224887, 0.0 ], [ 77.725660237100001, 14.6042931914, 0.0 ], [ 77.716671277700001, 14.588740978600001, 0.0 ], [ 77.722221552099995, 14.5676525078, 0.0 ], [ 77.734462816100006, 14.5662037485, 0.0 ], [ 77.751571297300003, 14.576449441, 0.0 ], [ 77.759415589100001, 14.6034973767, 0.0 ], [ 77.771506874400004, 14.6419609499, 0.0 ], [ 77.722547919, 14.6511239234, 0.0 ] ] ] } },
{ "type": "Feature", "properties": { "Name": "1", "description": null, "timestamp": null, "begin": null, "end": null, "altitudeMode": null, "tessellate": 1, "extrude": 0, "visibility": -1, "drawOrder": null, "icon": null, "Layer": null, "SubClasses": null, "ExtendedEntity": null, "Linetype": null, "EntityHandle": null, "Text": null }, "geometry": { "type": "Polygon", "coordinates": [ [ [ 77.454735570876466, 14.031644230635321, 0.0 ], [ 77.554044804782919, 14.04020210782152, 0.0 ], [ 77.553629400176845, 14.05810829245924, 0.0 ], [ 77.534210087776643, 14.05747620242569, 0.0 ], [ 77.521808665109958, 14.087294325893261, 0.0 ], [ 77.535440848885372, 14.08849088923651, 0.0 ], [ 77.542145014654565, 14.07460052871896, 0.0 ], [ 77.561339144409843, 14.07157952139419, 0.0 ], [ 77.575167127541036, 14.12246549055525, 0.0 ], [ 77.551891860708011, 14.124630581600529, 0.0 ], [ 77.525533911757634, 14.140393960321481, 0.0 ], [ 77.496641288032379, 14.154870866197459, 0.0 ], [ 77.421092044346395, 14.15387193021108, 0.0 ], [ 77.454735570876466, 14.031644230635321, 0.0 ] ] ] } },
{ "type": "Feature", "properties": { "Name": "1", "description": null, "timestamp": null, "begin": null, "end": null, "altitudeMode": null, "tessellate": 1, "extrude": 0, "visibility": -1, "drawOrder": null, "icon": null, "Layer": null, "SubClasses": null, "ExtendedEntity": null, "Linetype": null, "EntityHandle": null, "Text": null }, "geometry": { "type": "Polygon", "coordinates": [ [ [ 77.373490831572113, 15.38178221456725, 0.0 ], [ 77.384988672557412, 15.382869663819569, 0.0 ], [ 77.397813577858116, 15.38024339864241, 0.0 ], [ 77.401183885776021, 15.36194770837719, 0.0 ], [ 77.406883125944361, 15.361722805784639, 0.0 ], [ 77.409545700465046, 15.371890731262271, 0.0 ], [ 77.415556121654319, 15.38423645589606, 0.0 ], [ 77.419492231720895, 15.38413606210176, 0.0 ], [ 77.421004534860131, 15.386183365862941, 0.0 ], [ 77.422296864512589, 15.387159764592971, 0.0 ], [ 77.423572904805383, 15.390874510602741, 0.0 ], [ 77.419070933344045, 15.393035668944471, 0.0 ], [ 77.430093844741378, 15.39714738355293, 0.0 ], [ 77.444891652862268, 15.4035269297533, 0.0 ], [ 77.450385402124695, 15.4047963765323, 0.0 ], [ 77.453320813204911, 15.40943303401491, 0.0 ], [ 77.455256940373985, 15.40805268653331, 0.0 ], [ 77.454670927159526, 15.39879158591056, 0.0 ], [ 77.457931756430796, 15.392509412400811, 0.0 ], [ 77.44352219490824, 15.39506915255612, 0.0 ], [ 77.445673660642512, 15.390170853779271, 0.0 ], [ 77.441121212181812, 15.36827103263745, 0.0 ], [ 77.431809835510521, 15.36219717230035, 0.0 ], [ 77.518813088504871, 15.36155162728646, 0.0 ], [ 77.511984237108365, 15.38130529931848, 0.0 ], [ 77.501168135866095, 15.383985212071719, 0.0 ], [ 77.492396822467001, 15.397666922834921, 0.0 ], [ 77.490552358646937, 15.406804185620929, 0.0 ], [ 77.496914702896049, 15.410347004306001, 0.0 ], [ 77.450119098349575, 15.432464770694439, 0.0 ], [ 77.438287111771373, 15.47611105566555, 0.0 ], [ 77.408712545578197, 15.474252387145061, 0.0 ], [ 77.40811236531475, 15.46615052847657, 0.0 ], [ 77.396069417321556, 15.465330132038289, 0.0 ], [ 77.396284592303829, 15.4318254615565, 0.0 ], [ 77.363688556406345, 15.43310179446237, 0.0 ], [ 77.362817770978367, 15.409765904313799, 0.0 ], [ 77.360994857238381, 15.409312080650929, 0.0 ], [ 77.360817395798634, 15.392807609134991, 0.0 ], [ 77.373490831572113, 15.38178221456725, 0.0 ] ] ] } },
{ "type": "Feature", "properties": { "Name": "1", "description": null, "timestamp": null, "begin": null, "end": null, "altitudeMode": null, "tessellate": 1, "extrude": 0, "visibility": -1, "drawOrder": null, "icon": null, "Layer": null, "SubClasses": null, "ExtendedEntity": null, "Linetype": null, "EntityHandle": null, "Text": null }, "geometry": { "type": "Polygon", "coordinates": [ [ [ 77.724845493282047, 13.82849911450336, 0.0 ], [ 77.800294361810401, 13.877263259242801, 0.0 ], [ 77.81299986044759, 13.955874669735479, 0.0 ], [ 77.820069536416668, 13.98607367711729, 0.0 ], [ 77.817793061271573, 14.050113928534319, 0.0 ], [ 77.774883306891994, 14.08077733019527, 0.0 ], [ 77.726987310042787, 14.06388887524286, 0.0 ], [ 77.727522361955337, 14.01838152880986, 0.0 ], [ 77.711551714866175, 13.98153570082377, 0.0 ], [ 77.723090761679657, 13.953072966640921, 0.0 ], [ 77.724845493282047, 13.82849911450336, 0.0 ] ] ] } },
{ "type": "Feature", "properties": { "Name": "1", "description": null, "timestamp": null, "begin": null, "end": null, "altitudeMode": null, "tessellate": 1, "extrude": 0, "visibility": -1, "drawOrder": null, "icon": null, "Layer": null, "SubClasses": null, "ExtendedEntity": null, "Linetype": null, "EntityHandle": null, "Text": null }, "geometry": { "type": "Polygon", "coordinates": [ [ [ 77.441036817208612, 13.987453990697359, 0.0 ], [ 77.459958856780204, 13.97202792170078, 0.0 ], [ 77.486056594632558, 13.941232364116621, 0.0 ], [ 77.539101431902196, 13.882833092986971, 0.0 ], [ 77.611094377657139, 13.94386317647413, 0.0 ], [ 77.556804654545232, 13.981697200432761, 0.0 ], [ 77.511401646102797, 14.035359013218169, 0.0 ], [ 77.465173823055082, 14.022631579410699, 0.0 ], [ 77.441036817208612, 13.987453990697359, 0.0 ] ] ] } },
{ "type": "Feature", "properties": { "Name": "1", "description": null, "timestamp": null, "begin": null, "end": null, "altitudeMode": null, "tessellate": 1, "extrude": 0, "visibility": -1, "drawOrder": null, "icon": null, "Layer": null, "SubClasses": null, "ExtendedEntity": null, "Linetype": null, "EntityHandle": null, "Text": null }, "geometry": { "type": "Polygon", "coordinates": [ [ [ 77.639368376355137, 14.48685892704162, 0.0 ], [ 77.649945206346771, 14.458623128716781, 0.0 ], [ 77.690058953871755, 14.446372653758919, 0.0 ], [ 77.718286673955603, 14.47190827959963, 0.0 ], [ 77.760680648698354, 14.490804703181499, 0.0 ], [ 77.771638182686033, 14.514351145437169, 0.0 ], [ 77.751253320908873, 14.54822287516469, 0.0 ], [ 77.701978679767905, 14.574552903233331, 0.0 ], [ 77.644794339332904, 14.56765081472669, 0.0 ], [ 77.645872393871173, 14.51217248282491, 0.0 ], [ 77.646329852143566, 14.510538104878581, 0.0 ], [ 77.639368376355137, 14.48685892704162, 0.0 ] ] ] } },
{ "type": "Feature", "properties": { "Name": "1", "description": null, "timestamp": null, "begin": null, "end": null, "altitudeMode": null, "tessellate": 1, "extrude": 0, "visibility": -1, "drawOrder": null, "icon": null, "Layer": null, "SubClasses": null, "ExtendedEntity": null, "Linetype": null, "EntityHandle": null, "Text": null }, "geometry": { "type": "Polygon", "coordinates": [ [ [ 77.931601230329449, 14.038443766974799, 0.0 ], [ 77.941766542611362, 14.02315070530635, 0.0 ], [ 77.918083024495644, 13.976033233537329, 0.0 ], [ 77.926187356613738, 13.936621843349149, 0.0 ], [ 77.969378337102981, 13.963005524141471, 0.0 ], [ 77.994168583254435, 13.95908737067893, 0.0 ], [ 77.991245803518538, 13.90345513433178, 0.0 ], [ 77.976055175368217, 13.8754157030339, 0.0 ], [ 78.049022484795287, 13.89914366144386, 0.0 ], [ 78.071294055768817, 13.89379080235957, 0.0 ], [ 78.0783855939288, 13.937975941282041, 0.0 ], [ 78.063912268517839, 14.00623745563551, 0.0 ], [ 78.046001107423692, 14.04241580847067, 0.0 ], [ 77.931601230329449, 14.038443766974799, 0.0 ] ] ] } },
{ "type": "Feature", "properties": { "Name": "1", "description": null, "timestamp": null, "begin": null, "end": null, "altitudeMode": null, "tessellate": 1, "extrude": 0, "visibility": -1, "drawOrder": null, "icon": null, "Layer": null, "SubClasses": null, "ExtendedEntity": null, "Linetype": null, "EntityHandle": null, "Text": null }, "geometry": { "type": "Polygon", "coordinates": [ [ [ 77.931937839311658, 14.04382891905156, 0.0 ], [ 78.032398837352503, 14.05027652774368, 0.0 ], [ 78.006119623431957, 14.111970176731861, 0.0 ], [ 78.036353276692196, 14.14936382213555, 0.0 ], [ 78.009073324413876, 14.174900843261179, 0.0 ], [ 77.975064484041781, 14.148294357130901, 0.0 ], [ 77.91986477182914, 14.11796729950532, 0.0 ], [ 77.917140769011823, 14.083137198371681, 0.0 ], [ 77.931937839311658, 14.04382891905156, 0.0 ] ] ] } },
{ "type": "Feature", "properties": { "Name": "1", "description": null, "timestamp": null, "begin": null, "end": null, "altitudeMode": null, "tessellate": 1, "extrude": 0, "visibility": -1, "drawOrder": null, "icon": null, "Layer": null, "SubClasses": null, "ExtendedEntity": null, "Linetype": null, "EntityHandle": null, "Text": null }, "geometry": { "type": "Polygon", "coordinates": [ [ [ 77.270554599711346, 14.331400293271431, 0.0 ], [ 77.276391633081758, 14.33474027923976, 0.0 ], [ 77.278187650371564, 14.3368565116601, 0.0 ], [ 77.285722318836875, 14.337494346772409, 0.0 ], [ 77.28724389048628, 14.33971110377759, 0.0 ], [ 77.288493836808627, 14.32609991382358, 0.0 ], [ 77.29690605736063, 14.328415249214579, 0.0 ], [ 77.306944422306174, 14.32832464971305, 0.0 ], [ 77.30704006871872, 14.331104155906591, 0.0 ], [ 77.311151662022965, 14.33109484526668, 0.0 ], [ 77.312681757822446, 14.33405928077473, 0.0 ], [ 77.309239235881691, 14.34146935689513, 0.0 ], [ 77.316891697722539, 14.343877966244561, 0.0 ], [ 77.317368062638437, 14.33507760674012, 0.0 ], [ 77.326049931062542, 14.335473562971581, 0.0 ], [ 77.328833294098843, 14.33879354794157, 0.0 ], [ 77.328386032821527, 14.35712998271967, 0.0 ], [ 77.316899040483364, 14.36019142363542, 0.0 ], [ 77.313166471586214, 14.36817095754399, 0.0 ], [ 77.316804724239176, 14.38004182092196, 0.0 ], [ 77.316421761136297, 14.38458668449454, 0.0 ], [ 77.29805004053857, 14.37843664597167, 0.0 ], [ 77.275918064461678, 14.37892553442112, 0.0 ], [ 77.263229285635092, 14.35796026734576, 0.0 ], [ 77.265071336668512, 14.33999140223886, 0.0 ], [ 77.268428434325202, 14.33221769561136, 0.0 ], [ 77.270554599711346, 14.331400293271431, 0.0 ] ] ] } },
{ "type": "Feature", "properties": { "Name": "1", "description": null, "timestamp": null, "begin": null, "end": null, "altitudeMode": null, "tessellate": 1, "extrude": 0, "visibility": -1, "drawOrder": null, "icon": null, "Layer": null, "SubClasses": null, "ExtendedEntity": null, "Linetype": null, "EntityHandle": null, "Text": null }, "geometry": { "type": "Polygon", "coordinates": [ [ [ 77.316613576584714, 14.384907698839539, 0.0 ], [ 77.316869568449931, 14.37989456556288, 0.0 ], [ 77.313846711689536, 14.368406098763691, 0.0 ], [ 77.317892931930587, 14.36131864206591, 0.0 ], [ 77.328362071406971, 14.35753382906279, 0.0 ], [ 77.330270470932859, 14.33887440311501, 0.0 ], [ 77.347642277378569, 14.30657412625839, 0.0 ], [ 77.376676989787555, 14.31124822672467, 0.0 ], [ 77.378344058037385, 14.32352093002592, 0.0 ], [ 77.387909418990702, 14.33229718584005, 0.0 ], [ 77.360983539284177, 14.332782111013341, 0.0 ], [ 77.351300114850417, 14.351433479781941, 0.0 ], [ 77.354955786931868, 14.360221753362151, 0.0 ], [ 77.360255865289119, 14.38647961130377, 0.0 ], [ 77.360262165173481, 14.391376212030901, 0.0 ], [ 77.340082346528632, 14.385632427740701, 0.0 ], [ 77.329737059587728, 14.38466184470162, 0.0 ], [ 77.316613576584714, 14.384907698839539, 0.0 ] ] ] } },
{ "type": "Feature", "properties": { "Name": "1", "description": null, "timestamp": null, "begin": null, "end": null, "altitudeMode": null, "tessellate": 1, "extrude": 0, "visibility": -1, "drawOrder": null, "icon": null, "Layer": null, "SubClasses": null, "ExtendedEntity": null, "Linetype": null, "EntityHandle": null, "Text": null }, "geometry": { "type": "Polygon", "coordinates": [ [ [ 77.385352513486993, 14.50303214591883, 0.0 ], [ 77.393920943277237, 14.48497356218177, 0.0 ], [ 77.399595546663846, 14.487280264617739, 0.0 ], [ 77.397886667805622, 14.492137939281539, 0.0 ], [ 77.391595030282318, 14.502936329004539, 0.0 ], [ 77.385352513486993, 14.50303214591883, 0.0 ] ] ] } },
{ "type": "Feature", "properties": { "Name": "1", "description": null, "timestamp": null, "begin": null, "end": null, "altitudeMode": null, "tessellate": 1, "extrude": 0, "visibility": -1, "drawOrder": null, "icon": null, "Layer": null, "SubClasses": null, "ExtendedEntity": null, "Linetype": null, "EntityHandle": null, "Text": null }, "geometry": { "type": "Polygon", "coordinates": [ [ [ 78.138604939060698, 15.208576519568529, 0.0 ], [ 78.145822606239975, 15.20785605558771, 0.0 ], [ 78.145974847162492, 15.201416286922059, 0.0 ], [ 78.14152305319341, 15.189812161701351, 0.0 ], [ 78.142988536196938, 15.186185921282121, 0.0 ], [ 78.149903393885253, 15.18736848698274, 0.0 ], [ 78.152883432662449, 15.188943041760149, 0.0 ], [ 78.156701705829946, 15.190663247739, 0.0 ], [ 78.158178849697904, 15.195021999855349, 0.0 ], [ 78.160896485370415, 15.201052157116759, 0.0 ], [ 78.162765476020908, 15.209389920756729, 0.0 ], [ 78.162906535830203, 15.21338942701006, 0.0 ], [ 78.154898589260171, 15.216575971953191, 0.0 ], [ 78.149681806375298, 15.2173423419604, 0.0 ], [ 78.144088359013793, 15.21695071191234, 0.0 ], [ 78.140082711931669, 15.21324303158042, 0.0 ], [ 78.138812214220891, 15.21201619118804, 0.0 ], [ 78.138604939060698, 15.208576519568529, 0.0 ] ] ] } },
{ "type": "Feature", "properties": { "Name": "1", "description": null, "timestamp": null, "begin": null, "end": null, "altitudeMode": null, "tessellate": 1, "extrude": 0, "visibility": -1, "drawOrder": null, "icon": null, "Layer": null, "SubClasses": null, "ExtendedEntity": null, "Linetype": null, "EntityHandle": null, "Text": null }, "geometry": { "type": "Polygon", "coordinates": [ [ [ 77.548121304473682, 14.127253247583839, 0.0 ], [ 77.551563481573041, 14.129516320552099, 0.0 ], [ 77.554490778021147, 14.133341299679349, 0.0 ], [ 77.548128740160308, 14.136208052167021, 0.0 ], [ 77.541491203235125, 14.135618763868971, 0.0 ], [ 77.538221141575505, 14.13295344827651, 0.0 ], [ 77.548121304473682, 14.127253247583839, 0.0 ] ] ] } },
{ "type": "Feature", "properties": { "Name": "1", "description": null, "timestamp": null, "begin": null, "end": null, "altitudeMode": null, "tessellate": 1, "extrude": 0, "visibility": -1, "drawOrder": null, "icon": null, "Layer": null, "SubClasses": null, "ExtendedEntity": null, "Linetype": null, "EntityHandle": null, "Text": null }, "geometry": { "type": "Polygon", "coordinates": [ [ [ 78.058005805638928, 14.92417977230946, 0.0 ], [ 78.053378338614323, 14.91147513115166, 0.0 ], [ 78.055618687598439, 14.910207071133661, 0.0 ], [ 78.063059968683888, 14.9052395314437, 0.0 ], [ 78.063933992033171, 14.90450124570461, 0.0 ], [ 78.075849436200173, 14.898992083157481, 0.0 ], [ 78.076947417356024, 14.901801692922399, 0.0 ], [ 78.078750901884263, 14.90077585224539, 0.0 ], [ 78.078281826002595, 14.89960928644558, 0.0 ], [ 78.078681878243529, 14.8993354690594, 0.0 ], [ 78.07847178502297, 14.8988868899206, 0.0 ], [ 78.079241343488974, 14.898092094538301, 0.0 ], [ 78.081598103457239, 14.89744080826066, 0.0 ], [ 78.082238146778664, 14.896346392198749, 0.0 ], [ 78.082975802318273, 14.895454922901649, 0.0 ], [ 78.086107023319059, 14.893620434497411, 0.0 ], [ 78.085276875749074, 14.89195016114849, 0.0 ], [ 78.084307414388533, 14.892153403945001, 0.0 ], [ 78.084720480293697, 14.89081285674982, 0.0 ], [ 78.088514797727143, 14.888850699160059, 0.0 ], [ 78.092353718970912, 14.88788485064741, 0.0 ], [ 78.096398840937425, 14.89623068450144, 0.0 ], [ 78.098785556909405, 14.901844788776209, 0.0 ], [ 78.100506110814251, 14.90680340386694, 0.0 ], [ 78.102436318403335, 14.913571631930431, 0.0 ], [ 78.104786304460092, 14.919091192343471, 0.0 ], [ 78.107560263413774, 14.9180539958076, 0.0 ], [ 78.110439421172316, 14.92501535318732, 0.0 ], [ 78.109270237833144, 14.929030020594301, 0.0 ], [ 78.105039833951309, 14.93081211009328, 0.0 ], [ 78.102479391039253, 14.925712868072409, 0.0 ], [ 78.096089257365691, 14.928328361415939, 0.0 ], [ 78.094372563371593, 14.923731705579151, 0.0 ], [ 78.091409972769625, 14.923647502959239, 0.0 ], [ 78.090273727325126, 14.9211420816076, 0.0 ], [ 78.085235280245271, 14.9255551804516, 0.0 ], [ 78.08151867486913, 14.924056049359081, 0.0 ], [ 78.080797433512615, 14.922572297040279, 0.0 ], [ 78.080048252866504, 14.91960715886249, 0.0 ], [ 78.076475021892549, 14.91879071957349, 0.0 ], [ 78.071631064371587, 14.918578680392971, 0.0 ], [ 78.068970844953824, 14.919778687774251, 0.0 ], [ 78.068512475669593, 14.91838247145812, 0.0 ], [ 78.066485931768113, 14.91922520177382, 0.0 ], [ 78.066427757581707, 14.923145138900811, 0.0 ], [ 78.064539032944538, 14.92370746358784, 0.0 ], [ 78.058005805638928, 14.92417977230946, 0.0 ] ] ] } }
]
}
